-- MySQL dump 10.13  Distrib 5.7.23, for Linux (x86_64)
--
-- Host: localhost    Database: novalong_db
-- ------------------------------------------------------
-- Server version	5.7.23

/*!40101 SET @OLD_CHARACTER_SET_CLIENT=@@CHARACTER_SET_CLIENT */;
/*!40101 SET @OLD_CHARACTER_SET_RESULTS=@@CHARACTER_SET_RESULTS */;
/*!40101 SET @OLD_COLLATION_CONNECTION=@@COLLATION_CONNECTION */;
/*!40101 SET NAMES utf8 */;
/*!40103 SET @OLD_TIME_ZONE=@@TIME_ZONE */;
/*!40103 SET TIME_ZONE='+00:00' */;
/*!40014 SET @OLD_UNIQUE_CHECKS=@@UNIQUE_CHECKS, UNIQUE_CHECKS=0 */;
/*!40014 SET @OLD_FOREIGN_KEY_CHECKS=@@FOREIGN_KEY_CHECKS, FOREIGN_KEY_CHECKS=0 */;
/*!40101 SET @OLD_SQL_MODE=@@SQL_MODE, SQL_MODE='NO_AUTO_VALUE_ON_ZERO' */;
/*!40111 SET @OLD_SQL_NOTES=@@SQL_NOTES, SQL_NOTES=0 */;

--
-- Table structure for table `activity_levels`
--

DROP TABLE IF EXISTS `activity_levels`;
/*!40101 SET @saved_cs_client     = @@character_set_client */;
/*!40101 SET character_set_client = utf8 */;
CREATE TABLE `activity_levels` (
  `id` bigint(20) NOT NULL AUTO_INCREMENT,
  `code` varchar(255) NOT NULL,
  `name` varchar(255) NOT NULL,
  `description` varchar(255) NOT NULL,
  `coefficient` double NOT NULL,
  PRIMARY KEY (`id`),
  UNIQUE KEY `activity_levels_id_uindex` (`id`)
) ENGINE=InnoDB AUTO_INCREMENT=4 DEFAULT CHARSET=utf8;
/*!40101 SET character_set_client = @saved_cs_client */;

--
-- Dumping data for table `activity_levels`
--

LOCK TABLES `activity_levels` WRITE;
/*!40000 ALTER TABLE `activity_levels` DISABLE KEYS */;
INSERT INTO `activity_levels` VALUES (1,'SEDENTARY','Sedentary or light activity','Office worker getting little or no exercise',1.53),(2,'ACTIVE','Active or moderately active','Construction worker or person running one hour daily',1.76),(3,'EXTREME','Vigorously active','Agricultural worker (non mechanized) or person swimming two hours daily	',2.25);
/*!40000 ALTER TABLE `activity_levels` ENABLE KEYS */;
UNLOCK TABLES;

--
-- Table structure for table `alternatives_categories`
--

DROP TABLE IF EXISTS `alternatives_categories`;
/*!40101 SET @saved_cs_client     = @@character_set_client */;
/*!40101 SET character_set_client = utf8 */;
CREATE TABLE `alternatives_categories` (
  `id` bigint(20) NOT NULL AUTO_INCREMENT,
  `code` varchar(255) NOT NULL,
  PRIMARY KEY (`id`),
  UNIQUE KEY `alternatives_categories_id_uindex` (`id`)
) ENGINE=InnoDB AUTO_INCREMENT=3 DEFAULT CHARSET=utf8;
/*!40101 SET character_set_client = @saved_cs_client */;

--
-- Dumping data for table `alternatives_categories`
--

LOCK TABLES `alternatives_categories` WRITE;
/*!40000 ALTER TABLE `alternatives_categories` DISABLE KEYS */;
INSERT INTO `alternatives_categories` VALUES (1,'PRICE'),(2,'HEALTH');
/*!40000 ALTER TABLE `alternatives_categories` ENABLE KEYS */;
UNLOCK TABLES;

--
-- Table structure for table `alternatives_relations`
--

DROP TABLE IF EXISTS `alternatives_relations`;
/*!40101 SET @saved_cs_client     = @@character_set_client */;
/*!40101 SET character_set_client = utf8 */;
CREATE TABLE `alternatives_relations` (
  `id` bigint(20) NOT NULL AUTO_INCREMENT,
  `code` varchar(255) NOT NULL,
  `pair_id` bigint(20) DEFAULT NULL,
  PRIMARY KEY (`id`),
  UNIQUE KEY `alternatives_relations_id_uindex` (`id`),
  KEY `alternatives_relations_alternatives_relations_id_fk` (`pair_id`),
  CONSTRAINT `alternatives_relations_alternatives_relations_id_fk` FOREIGN KEY (`pair_id`) REFERENCES `alternatives_relations` (`id`)
) ENGINE=InnoDB AUTO_INCREMENT=3 DEFAULT CHARSET=utf8;
/*!40101 SET character_set_client = @saved_cs_client */;

--
-- Dumping data for table `alternatives_relations`
--

LOCK TABLES `alternatives_relations` WRITE;
/*!40000 ALTER TABLE `alternatives_relations` DISABLE KEYS */;
INSERT INTO `alternatives_relations` VALUES (1,'LESS',2),(2,'MORE',1);
/*!40000 ALTER TABLE `alternatives_relations` ENABLE KEYS */;
UNLOCK TABLES;

--
-- Table structure for table `cooking_types`
--

DROP TABLE IF EXISTS `cooking_types`;
/*!40101 SET @saved_cs_client     = @@character_set_client */;
/*!40101 SET character_set_client = utf8 */;
CREATE TABLE `cooking_types` (
  `id` bigint(20) NOT NULL AUTO_INCREMENT,
  `name` varchar(255) NOT NULL,
  PRIMARY KEY (`id`),
  UNIQUE KEY `cooking_types_id_uindex` (`id`)
) ENGINE=InnoDB AUTO_INCREMENT=3 DEFAULT CHARSET=utf8;
/*!40101 SET character_set_client = @saved_cs_client */;

--
-- Dumping data for table `cooking_types`
--

LOCK TABLES `cooking_types` WRITE;
/*!40000 ALTER TABLE `cooking_types` DISABLE KEYS */;
INSERT INTO `cooking_types` VALUES (1,'Boiling'),(2,'Roasting');
/*!40000 ALTER TABLE `cooking_types` ENABLE KEYS */;
UNLOCK TABLES;

--
-- Table structure for table `dietary_restrictions`
--

DROP TABLE IF EXISTS `dietary_restrictions`;
/*!40101 SET @saved_cs_client     = @@character_set_client */;
/*!40101 SET character_set_client = utf8 */;
CREATE TABLE `dietary_restrictions` (
  `id` bigint(20) NOT NULL AUTO_INCREMENT,
  `code` varchar(255) NOT NULL,
  `name` varchar(255) NOT NULL,
  PRIMARY KEY (`id`),
  UNIQUE KEY `dietary_restrictions_id_uindex` (`id`)
) ENGINE=InnoDB AUTO_INCREMENT=5 DEFAULT CHARSET=utf8;
/*!40101 SET character_set_client = @saved_cs_client */;

--
-- Dumping data for table `dietary_restrictions`
--

LOCK TABLES `dietary_restrictions` WRITE;
/*!40000 ALTER TABLE `dietary_restrictions` DISABLE KEYS */;
INSERT INTO `dietary_restrictions` VALUES (1,'DIABETES','Sugar diabetes'),(2,'PREGNANCY','Pregnancy'),(3,'HYPERTENSION','Hypertension'),(4,'GASTRITIS','Gastritis');
/*!40000 ALTER TABLE `dietary_restrictions` ENABLE KEYS */;
UNLOCK TABLES;

--
-- Table structure for table `dish_categories`
--

DROP TABLE IF EXISTS `dish_categories`;
/*!40101 SET @saved_cs_client     = @@character_set_client */;
/*!40101 SET character_set_client = utf8 */;
CREATE TABLE `dish_categories` (
  `id` bigint(20) NOT NULL AUTO_INCREMENT,
  `name` varchar(255) NOT NULL,
  PRIMARY KEY (`id`),
  UNIQUE KEY `dish_categories_id_uindex` (`id`)
) ENGINE=InnoDB AUTO_INCREMENT=14 DEFAULT CHARSET=utf8;
/*!40101 SET character_set_client = @saved_cs_client */;

--
-- Dumping data for table `dish_categories`
--

LOCK TABLES `dish_categories` WRITE;
/*!40000 ALTER TABLE `dish_categories` DISABLE KEYS */;
INSERT INTO `dish_categories` VALUES (1,'Другое'),(2,'Гарниры'),(3,'Овощные гарниры'),(4,'Мясные блюда'),(5,'Каши и запеканки'),(6,'Изделия из теста'),(7,'Напитки'),(8,'Основные блюда'),(9,'Супы'),(10,'Салаты'),(11,'Блюда из творога'),(13,'Десерты');
/*!40000 ALTER TABLE `dish_categories` ENABLE KEYS */;
UNLOCK TABLES;

--
-- Table structure for table `dish_ingredients_alternatives`
--

DROP TABLE IF EXISTS `dish_ingredients_alternatives`;
/*!40101 SET @saved_cs_client     = @@character_set_client */;
/*!40101 SET character_set_client = utf8 */;
CREATE TABLE `dish_ingredients_alternatives` (
  `id` bigint(20) NOT NULL AUTO_INCREMENT,
  `dish_id` bigint(20) NOT NULL,
  `ingredient_id` bigint(20) NOT NULL,
  `alternative_ingredient_id` bigint(20) NOT NULL,
  `alternative_category_id` bigint(20) NOT NULL,
  `alternative_relation_id` bigint(20) NOT NULL,
  PRIMARY KEY (`id`),
  UNIQUE KEY `dish_ingredients_alternatives_id_uindex` (`id`),
  UNIQUE KEY `dish_id_ingredient_id_alternative_i_id_category_id_uindex` (`dish_id`,`ingredient_id`,`alternative_ingredient_id`,`alternative_category_id`),
  KEY `dish_ingredients_alternatives_ingredients_id_fk` (`ingredient_id`),
  KEY `dish_ingredients_alternatives_alternatives_relations_id_fk` (`alternative_relation_id`),
  KEY `dish_ingredients_alternatives_alternatives_categories_id_fk` (`alternative_category_id`),
  KEY `dish_ingredients_alternatives_ingredients_id_fk_2` (`alternative_ingredient_id`),
  CONSTRAINT `dish_ingredients_alternatives_alternatives_categories_id_fk` FOREIGN KEY (`alternative_category_id`) REFERENCES `alternatives_categories` (`id`),
  CONSTRAINT `dish_ingredients_alternatives_alternatives_relations_id_fk` FOREIGN KEY (`alternative_relation_id`) REFERENCES `alternatives_relations` (`id`),
  CONSTRAINT `dish_ingredients_alternatives_dishes_id_fk` FOREIGN KEY (`dish_id`) REFERENCES `dishes` (`id`),
  CONSTRAINT `dish_ingredients_alternatives_ingredients_id_fk` FOREIGN KEY (`ingredient_id`) REFERENCES `ingredients` (`id`),
  CONSTRAINT `dish_ingredients_alternatives_ingredients_id_fk_2` FOREIGN KEY (`alternative_ingredient_id`) REFERENCES `ingredients` (`id`)
) ENGINE=InnoDB DEFAULT CHARSET=utf8;
/*!40101 SET character_set_client = @saved_cs_client */;

--
-- Dumping data for table `dish_ingredients_alternatives`
--

LOCK TABLES `dish_ingredients_alternatives` WRITE;
/*!40000 ALTER TABLE `dish_ingredients_alternatives` DISABLE KEYS */;
/*!40000 ALTER TABLE `dish_ingredients_alternatives` ENABLE KEYS */;
UNLOCK TABLES;

--
-- Table structure for table `dish_types`
--

DROP TABLE IF EXISTS `dish_types`;
/*!40101 SET @saved_cs_client     = @@character_set_client */;
/*!40101 SET character_set_client = utf8 */;
CREATE TABLE `dish_types` (
  `id` bigint(20) NOT NULL AUTO_INCREMENT,
  `name` varchar(255) NOT NULL,
  PRIMARY KEY (`id`),
  UNIQUE KEY `dish_type_id_uindex` (`id`)
) ENGINE=InnoDB AUTO_INCREMENT=7 DEFAULT CHARSET=utf8;
/*!40101 SET character_set_client = @saved_cs_client */;

--
-- Dumping data for table `dish_types`
--

LOCK TABLES `dish_types` WRITE;
/*!40000 ALTER TABLE `dish_types` DISABLE KEYS */;
INSERT INTO `dish_types` VALUES (1,'Breakfast'),(2,'Second breakfast'),(3,'Lunch'),(4,'Snacks'),(5,'Dinner'),(6,'Second dinner');
/*!40000 ALTER TABLE `dish_types` ENABLE KEYS */;
UNLOCK TABLES;

--
-- Table structure for table `dish_unit_types`
--

DROP TABLE IF EXISTS `dish_unit_types`;
/*!40101 SET @saved_cs_client     = @@character_set_client */;
/*!40101 SET character_set_client = utf8 */;
CREATE TABLE `dish_unit_types` (
  `id` bigint(20) NOT NULL AUTO_INCREMENT,
  `dish_id` bigint(20) NOT NULL,
  `unit_type_id` bigint(20) NOT NULL,
  `weight` double NOT NULL,
  PRIMARY KEY (`id`),
  UNIQUE KEY `dish_unit_types_id_uindex` (`id`),
  UNIQUE KEY `dish_id_unit_id_uindex` (`dish_id`,`unit_type_id`),
  KEY `dish_unit_types_unit_types_id_fk` (`unit_type_id`),
  CONSTRAINT `dish_unit_types_dishes_id_fk` FOREIGN KEY (`dish_id`) REFERENCES `dishes` (`id`),
  CONSTRAINT `dish_unit_types_unit_types_id_fk` FOREIGN KEY (`unit_type_id`) REFERENCES `unit_types` (`id`)
) ENGINE=InnoDB AUTO_INCREMENT=4 DEFAULT CHARSET=utf8;
/*!40101 SET character_set_client = @saved_cs_client */;

--
-- Dumping data for table `dish_unit_types`
--

LOCK TABLES `dish_unit_types` WRITE;
/*!40000 ALTER TABLE `dish_unit_types` DISABLE KEYS */;
INSERT INTO `dish_unit_types` VALUES (3,60,9,75);
/*!40000 ALTER TABLE `dish_unit_types` ENABLE KEYS */;
UNLOCK TABLES;

--
-- Table structure for table `dishes`
--

DROP TABLE IF EXISTS `dishes`;
/*!40101 SET @saved_cs_client     = @@character_set_client */;
/*!40101 SET character_set_client = utf8 */;
CREATE TABLE `dishes` (
  `id` bigint(20) NOT NULL AUTO_INCREMENT,
  `name` varchar(255) NOT NULL,
  `description` text,
  `recipe_description` text,
  `date_added` timestamp NOT NULL DEFAULT CURRENT_TIMESTAMP,
  `weight` float NOT NULL,
  `protein` float NOT NULL,
  `fat` float NOT NULL,
  `carbohydrate` float NOT NULL,
  `dish_category_id` bigint(20) NOT NULL,
  `active` tinyint(4) NOT NULL DEFAULT '1',
  `recipe_link` varchar(255) DEFAULT NULL,
  PRIMARY KEY (`id`),
  UNIQUE KEY `dishes_id_uindex` (`id`),
  KEY `dishes_dish_categories_id_fk` (`dish_category_id`),
  CONSTRAINT `dishes_dish_categories_id_fk` FOREIGN KEY (`dish_category_id`) REFERENCES `dish_categories` (`id`)
) ENGINE=InnoDB AUTO_INCREMENT=156 DEFAULT CHARSET=utf8;
/*!40101 SET character_set_client = @saved_cs_client */;

--
-- Dumping data for table `dishes`
--

LOCK TABLES `dishes` WRITE;
/*!40000 ALTER TABLE `dishes` DISABLE KEYS */;
INSERT INTO `dishes` VALUES (40,'Бауырсаки',NULL,NULL,'2018-07-30 08:52:43',1186.5,71.27,63.62,543.67,6,1,NULL),(41,'Бефстроганов из говядины','','1. Подготавливаем все ингредиенты. Мясо помойте и обсушите.\n2. Не разрезая говядину слегка отбиваем её. Я делаю это через пищевую плёнку, чтобы мясо не разбивалось, а молоток не забивался кусочками мяса, которые потом очень сложно вымыть.\n3. Нарезаем мясо поперёк волокон на тонкие ломтики (толщина около 5 мм).\n4. Ломтики нарезаем тонкой соломкой. Чем тоньше мы нарежем мясо, тем быстрее оно обжариться и тем больше сока останется внутри.\n5. Лук нарезаем тонкими четвертькольцами.\n6. Немного растительного масла наливаем в сковороду и очень хорошо разогреваем. \n7. Будем обжаривать мясо в очень горячей сковороде небольшими порциями, так, чтобы мясо лежало на поверхности сковороды в один слой. Нам нужно, чтобы мясные кусочки сразу схватились корочкой, и тогда весь сок останется внутри. Если же мы выложим в сковороду сразу много мяса, оно отдаст сок и может быть жёстким. Солить на этом этапе не нужно, т.к. соль также провоцирует выделение сока из мяса, сделаем это позже. Обжариваем мясо 2-3 минуты, переворачивая, до образования корочки. Т.к. кусочки у нас очень тонкие, этого времени достаточно, мясо успеет прожариться.\n8. Выкладываем обжаренную говядину в тарелку, и таким же образом жарим всё оставшееся мясо.\n9. В ту же сковороду наливаем немного растительного масла, снова хорошо его разогреваем и обжариваем лук до золотистого цвета.\n10. Обжаренный лук посыпаем мукой, хорошенько перемешиваем и обжариваем ещё около 1 минуты.\n11. Добавляем сметану и томатную пасту.\n12. Наливаем воду и хорошо всё перемешиваем.\n13. Выкладываем в сковороду мясо, солим, перчим, хорошо перемешиваем и тушим ещё около 5 минут.\n14. Через 5 минут открываем крышку и пробуем мясо, и теперь существует несколько вариантов развития дальнейших событий. Если оно мягкое, значит вам повезло с говядиной, вы правильно её порезали и обжарили, да и вообще, в таком случае, ваш бефстроганов готов. И это был идеальный вариант, однако в связи с качеством говядины в наших магазинах, всё чаще случается другой вариант: мясо получилось жёсткое. Если так произошло, то мы не расстраиваемся, а просто закрываем его снова крышкой и продолжаем тушить дальше на небольшом огне до мягкости. На это может потребоваться от 10 до 40 минут. Если придётся тушить долго и соус сильно загустеет, просто добавьте в него ещё немного воды. Когда говядина наконец станет мягкой, снимаем сковороду с огня.\nПодбирайте гарнир к бефстроганову на свой вкус, он отлично сочетается с картошкой (жареной и пюре), рисом, макаронными изделиями. \n','2018-08-02 07:31:08',915,102.6,77.33,32.54,4,1,NULL),(42,'Рис','https://lifehacker.ru/kak-varit-ris/\n\nСтандартная порция на одного — 65 мл сухого риса.','Подготовка.\n\nЕсли вы хотите сварить рассыпчатый рис, перед приготовлением его нужно промыть под холодной водой. Так вы избавитесь от крахмала, который отвечает за клейкость. Промойте рис около пяти раз или больше, пока вода не станет прозрачной. Удобнее всего выполнять эту процедуру с помощью мелкого сита.\nДля приготовления некоторых блюд, таких как ризотто, нужен клейкий рис. В этом случае промывать его не стоит. В крайнем случае можно ограничиться одним ополаскиванием, чтобы смыть всё лишнее.\n\nЧтобы рис сварился быстрее, его можно замочить на 30–60 минут. Тогда время приготовления сократится почти вдвое. Однако в этом случае лучше уменьшить количество воды, которое используется для варки.\n\nПропорции.\n\nОбычно считается, что для приготовления риса нужно в два раза больше воды. Но это приблизительная пропорция. Лучше отмерять объём воды исходя из вида риса:\nдля длиннозёрного — 1 : 1,5–2;\nдля среднезёрного — 1 : 2–2,5;\nдля круглозёрного — 1 : 2,5–3;\nдля пропаренного — 1 : 2;\nдля коричневого — 1 : 2,5–3;\nдля дикого — 1 : 3,5.\n\nПосуда\n\nРис лучше варить в кастрюле с толстым дном: в ней температура распределяется равномерно. Также можно приготовить рис на большой сковороде. Для плова традиционно используется казан.\n\nПравила варки\n\nЕсли вы варите рис в кастрюле, сначала доведите подсоленную воду до кипения, а после высыпьте в неё крупу. Перемешайте рис один раз, чтобы зёрнышки не прилипали к дну. Затем дождитесь, когда блюдо начнёт бурлить, убавьте огонь до минимума и накройте кастрюлю крышкой.\n\nВ процессе приготовления не поднимайте крышку — иначе рис будет готовиться дольше. Если вы хотите, чтобы рис был рассыпчатым, не перемешивайте его (за исключением первого раза). В противном случае зёрна будут ломаться и выделять крахмал.\n\nСреднее время варки в зависимости от вида составляет:\n\nдля белого риса — 20 минут;\nдля пропаренного риса — 30 минут;\nдля коричневого риса — 40 минут;\nдля дикого риса — 40–60 минут.\nКогда рис приготовится, снимите его с огня и дайте постоять 10–15 минут под крышкой. Если в готовом рисе осталась вода, слейте её или накройте кастрюлю сухим полотенцем: оно впитает излишки влаги.\n\nЕсли вы готовите рис на сковороде, используйте посуду с диаметром от 24 см, высокими бортиками и крышкой. Рис готовится в ней почти так же, как в кастрюле, за исключением одного нюанса: зёрна предварительно нужно быстро обжарить на растительном масле. Делайте это 1–2 минуты, постоянно помешивая, чтобы зёрнышки покрылись маслом: тогда рис будет рассыпчатым. Затем его нужно залить кипятком и готовить так, как описано выше.\n\nПриправы\n\nРис хорош тем, что его вкус всегда можно немного изменить. Например, с помощью следующих приправ:\n\nшафран;\nкарри;\nкардамон;\nзира;\nтмин;\nкорица;\nгвоздика.\nСпеции добавляются в воду при варке или в уже готовое блюдо.\n\nТакже рис можно дополнить вкусом пряных трав, цедрой цитрусовых или сварить не на воде, а на мясном или курином бульоне.','2018-08-02 07:44:36',611,13.4,1.4,157.8,2,1,NULL),(43,'Яичница',NULL,'Recipe....','2018-08-03 05:26:48',120.5,13.98,21.99,0.78,1,1,NULL),(44,'Гречневая каша',NULL,'1. 1 стакан гречки залить 2 стаканами кипятка и оставить разбухать\n2. Утром довести до кипения и сразу снять с плиты\n3. Добавить молоко, масло, соль и сахар\n','2018-08-03 06:58:40',1110,33.02,44.61,224.63,5,1,NULL),(45,'Овсяная каша',NULL,'1. Отмерить 1 стакан хлопьев.\n2. Вскипятить молоко.\n3. В кипящее молоко всыпать овсяные хлопья.\n4. Помешивая, варить овсянку на небольшом огне до загустения (5-10 минут). \n5. Добавить масло, соль, сахар\nКаша готова!\n','2018-08-03 07:11:56',610.5,20.21,43.27,160.71,5,1,NULL),(46,'Мюсли с творогом',NULL,'1. Блендером смешать творог, орехи, подсластитель и воду/молоко (около 50/100 мл до консистенции, как у кефира) и сухофрукты по желанию.\n2. Залить полученной смесью мюсли.\nИсточник: www.fitbreak.ru/diet/9-7-vkusnih-i-poleznih-zavtrakov\n','2018-08-03 07:28:02',410,51.91,32.74,61.69,11,1,NULL),(47,'Творожный крем с фруктами ','https://fitbreak.ru/diet/9-7-vkusnih-i-poleznih-zavtrakov','Взбить белки.\nИзмельчить орехи.\nИзмельчить фрукты.\nДобавить творог, отруби, орехи, отруби/клетчатку, подсластитель и фрукты/ягоды.\nВсе перемешать. При желании воспользоваться блендером - крем станет однородным.\nМожно употребить сразу, а можно оставить на ночь - отруби/клетчатка набухнут и крем будет не отличить от магазинного творожка.\n','2018-08-06 07:58:48',752,48.04,52.9,48.84,11,1,NULL),(48,'Овощной омлет','https://fitbreak.ru/diet/9-7-vkusnih-i-poleznih-zavtrakov','Порезать лук, помидоры и перец\nОбжарить лук\nДобавить помидоры и перец. Обжарить до мягкости\nДобавить специи\nЗалить яйцами\n','2018-08-06 08:31:32',375,23.49,23.19,12.44,1,1,NULL),(49,'Творожная запеканка','https://fitbreak.ru/diet/9-7-vkusnih-i-poleznih-zavtrakov\nАльтернатива: манка/мука','Порезать сухофрукты\nЯйца взбить с подсластителем\nПри желании добавить лимонную цедру\nСмешать с творогом в однородную массу\nДобавить манку или муку (подходит рисовая, пшеничная - экспериментируйте)\nСмесь тщательно перемешать\nДобавить сухофрукты (курага, кумкват, вишня)\nЗапекать в духовке (30-60 минут) при 150-180°С\nОстужать не вынимая формы\nУбрать в холодильник на 1-2 часа\n\n','2018-08-06 08:48:38',706,93.13,32.84,139.25,5,1,NULL),(50,'Творожно-овсяный пирог','https://fitbreak.ru/diet/9-7-vkusnih-i-poleznih-zavtrakov','Порезать сухофрукты.\nЯйца взбить с подсластителем. \nДобавить при желании лимонную цедру.\nСмешать с творогом в однородную массу.\nДобавить геркулес.\nСмесь тщательно перемешать.\nДобавить порезанные сухофрукты.\nГотовить в духовке (45 минут при 150°С).\nОстужать, не вынимая из формы.\nУбрать в холодильник на 1-2 часа.\n','2018-08-06 09:08:21',726,96.79,37.12,146.41,11,1,NULL),(51,'Каша \"Яблочный пирог\" ','Это теплая, успокаивающая каша, приправленная классическими ароматами домашнего яблочного пирога.\n\nЕсть фото\n\nВремя подготовки: 10 минут\nВремя готовки: 5 минут\n','1.	Яблоко нарезать кубиками\n2.	Поместить все ингредиенты, кроме корицы, в кастрюлю и включить плиту.\n3.	Помешивая, довести до кипения.\n4.	Снизить огонь и, часто помешивая, дать постоять еще 5 минут.\n5.	Налить кашу в тарелку, добавив корицу.\n','2018-08-06 09:14:46',419,12.41,8.71,55.32,5,1,NULL),(52,'Бананово-овсяный смузи',NULL,'Взбейте все ингредиенты в блендере до однородности. ','2018-08-06 09:58:16',374,15.12,9.12,71.46,7,1,NULL),(53,'Манная каша','Налить в кастрюлю молоко и воду\nпоставить кастрюлю на огонь\nПостоянно помешивая, всыпать манку\nДождаться, пока загустеет\nДобавить сахар и сливочное масло\n',NULL,'2018-08-06 10:05:03',1100,29.94,26.3,240.1,5,1,NULL),(54,'Рисовая каша',NULL,'Поставить кастрюлю с молоком на плиту\nДобавить соль и сахар\nДовести до кипения\nзасыпать рис\nКипятить 2-5 минут\nСнять с огня\nНакрыть крышкой\nНакрыть кастрюлю полотенцем\nОставить на 20 минут\nКрупа сама разбухнет, и получится густая каша\n','2018-08-06 10:10:12',200,13.4,1.4,157.8,5,1,NULL),(55,'Пшенная каша',NULL,'Промыть крупу.\nЗалить водой пшенную крупу и поставить на огонь.\nДовести массу до кипения.\nСнять пенку.\nОтваривать на среднем огне, пока вода не выпарится.\nВлить прогретое молоко.\nУбавить огонь.\nДобавить соль, сахар.\nОтваривать, помешивая, до загустения.\nВыключить огонь через 20 минут.\nДобавить масло, перемешать.\nНакрыть крышкой.\nОставить настояться 10 минут.\n','2018-08-06 10:34:49',825.5,37.2,33.6,262.08,5,1,NULL),(56,'Ячневая каша',NULL,'Ячневую крупу залить двумя стаканами холодной воды и поставить на средний огонь.\nКак только вода закипит, убавить огонь и варить кашу до загустения.\nДобавить стакан молока.\nОпять довести до кипения.\nНакрыть ячневую кашу крышкой и варить на маленько огне 2-3 минуты.\nОгонь выключить. \nДобавить сахара, масло и дать каше настояться при закрытой крышке еще минут 10.\n','2018-08-06 10:39:59',920,26.6,22.1,241.98,5,1,NULL),(57,'Сырники',NULL,'Изюм распарить в горячей воде и дать обсохнуть.\nТворог с сахаром протереть через сито.\nДобавить муку и яйца.\nВымесить тесто.\nДобавить изюм.\nПеремешать.\nМуку просеять на рабочую поверхность.\nВлажными руками формировать из теста лепешки, обваливая каждую в муке.\nОставить на 10 минут.\nОбвалять в муке еще раз.\nРазогреть в сковороде растительное масло, обжаривать сырники по 1,5 минуты с каждой стороны или запечь в духовке, разогретой до 180°С на 15 минут.\n\n','2018-08-06 10:45:13',745,92,33.38,196.72,11,1,NULL),(58,'Овсяноблин',NULL,'Измельчить хлопья в муку с помощью блендера. \nДобавить соль и 2 яйца. \nВзбить. \nПрожарить блин на небольшом огне по 2-3 минуты с каждой стороны.\n','2018-08-06 10:51:22',147,17.92,18.95,19.82,1,1,NULL),(59,'Говядина в духовке',NULL,'Чеснок почистить и мелко порезать.\nДля маринада смешать все ингредиенты, кроме говядины.\nНа говядине вдоль куска сделать надрезы толщиной в 1-2 см.\nКаждый надрез изнутри смазать маринадом.\nМясо поместить в рукав для запекания и отправить на ночь в холодильник.\nПосле чего выпекать при 200°С 2 часа.\n','2018-08-06 11:20:16',687,116.49,87.45,8.64,4,1,NULL),(60,'Мясо по-тайски','https://www.nur.kz/1614269-myaso-po-tayski-recept-s-ovoshchami.html\n\nМясо. Аналоги: говядина, баранина, курица.\nГарнир: белый или бурый рис, кукуруза или лапша.','Чтобы мясо по-тайски получилось вкусным и сытным, запомните основные принципы приготовления:\n\nИспользовать толстостенные сковороды wok.\nГотовить на сильном огне.\nНарезать мясо определенным способом.\nЭто особенность национальной кухни Таиланда. В широкой глубокой сковороде они готовят блюда по рецептам из мяса и даже обжаривают кузнечиков. Такая посуда не позволяет продуктам подгорать на сильном огне. При этом еда готовится быстрее, а ингредиенты не теряют полезных свойств.\n\nК сожалению, далеко не у всех есть сковорода wok, а покупать ее только для того, чтобы приготовить мясо по-тайски, слишком накладно. Выйти из положения поможет сотейник или небольшой казан. Главное, чтобы стенки посуды были достаточно толстыми и не имели глубоких царапин. Иначе ингредиенты моментально пригорят.\n\nЧтобы мясо по-тайски считалось таковым, его нужно нарезать тоненькими продолговатыми кусочками. Время, которое необходимо затратить на обжарку, зависит от трех факторов: толщины нарезки, типа мяса и маринада (если он предусмотрен).\n\nНа говядину в среднем тратят 10–20 минут; курица приготовится за 5–10 минут. Допустимо использовать баранину, которую готовят от 15 до 20 минут. Мясо по-тайски подают с гарниром. В этом качестве подойдет белый или бурый рис, кукуруза или лапша.\nПримечание: используйте только свежее мясо. Замороженные полуфабрикаты долго готовятся, да и на вкус напоминают резину.\n\nДля придания пикантности и остроты вкуса тайцы не привыкли ограничивать себя в специях. В ход идет черный, красный перец, измельченный имбирь, кари, чили, чеснок, соевый соус и другие.\n\nНа этапе подготовки разведите в стакане воды томатную пасту и отставьте ее в сторонку. Мелко нарежьте чеснок, зелень и также оставьте дожидаться своего часа.\n\nПорежьте говядину на тонкие длинные кусочки. Их размер определяйте с учетом ужарки мяса. Посолите мясо и обжаривайте в оливковом масле в течение 3–5 минут. Затем на время выложите на тарелку.\n\nПомойте овощи и нарежьте длинной соломкой. В глубокой тарелке перемешайте с измельченным имбирем и чесноком. Далее бросаем на сковороду и, непрерывно помешивая, обжариваем 5–6 минут. После этого шумовкой, откидывая лишнее масло, выложите овощи в отдельную посуду.\n\nПришло время соуса. Снизьте интенсивность огня и вылейте на сковороду предварительно разведенную томатную пасту. Помешивая, дождитесь, пока не испарится 50% жидкости. Добавьте соль, чили, соевый соус и перемешайте.\n\nКак только соус готов, добавьте к нему обжаренное мясо с овощами и засыпьте измельченную зелень. Размешайте ингредиенты и тушите около 3–5 минут. После этого подавайте блюдо уже проголодавшимся гостям.\n\nВот и все. Ничего сложного в приготовлении мяса по-тайски нет. Однако будьте аккуратнее с солью, ведь при использовании соевого соуса блюдо легко пересолить. Во время готовки постоянно перемешивайте ингредиенты, иначе вместо вкусного обеда получите обугленные продукты. Успехов вам на кухне и приятного аппетита!','2018-08-09 07:51:20',1718,111.8,92.91,106.07,4,1,NULL),(61,'Азу по-татарски','https://eda.ru/recepty/osnovnye-blyuda/azu-po-tatarski-21751 есть пошаговые фото\nГовядина-баранина-конина','1. Мясо промыть, нарезать соломкой и слегка обжарить в казане в разогретом растительном масле.\n2. Добавить порезанный тонкими полукольцами лук и обжаривать мясо с луком до мягкости лука.\n3. Добавить томатную пасту, мелко нарезанные или тертые на крупной терке огурцы. Залить водой, посолить и тушить под крышкой до полной готовности мяса.\n4. В отдельной сковороде обжарить нарезанный соломкой картофель.\n5. Когда картофель будет почти готов, переложить его в казан с тушеным мясом, добавить, соль, перец, лавровый лист и пропущенный через чеснокодавилку или мелко порезанный чеснок.\n6. Осторожно перемешать и тушить картофель с мясом до готовности примерно 5-7 минут.','2018-08-09 16:08:46',2348,125.09,66.19,190.47,8,1,NULL),(62,'Голубцы','http://volshebnaya-eda.ru/kollekcia-receptov/myaso/golubcy-klassika/#ixzz5HWPz8iK2\n\n','Выбор капусты для голубцов – задача не самая простая. Кочан должен быть плотным, но не жестким, иначе вы не сможете отделить листья друг от друга. Размер – средний, из маленькой головки получится минимальное количество голубцов, крупные кочаны тоже не подходят, из них вы сможете накрутить голубцы размером с подошву.\nНа базарах в овощных рядах иногда продают весовые капустные листья – как раз пригодные для ого, чтобы из них делать голубцы. Очень удобно. Увы, встречается такое чудо не так и часто, поэтому выход один: определяться с подходящими кочанами и работать с тем, что есть.\nКапустные листья для голубцов\nИтак, выбираем капусту, моем кочан, снимаем верхние жесткие листья.\nВ большой кастрюле кипятим воду. Кочан капусты накалываем большой вилкой и опускаем в кипящую воду на 3-5 минут. Время подбирайте самостоятельно – верхние листы должны стать мягкими, но ни в коем случае не расползаться на части.\nВынимаем кочан из воды и снимаем несколько верхних листьев. Как только почувствуете, что листья не «идут» свободно, останавливайтесь, иначе вы просто порвете их.\nПри необходимости обрезаем толстые места, которые располагаются у основания капустного листа.\nПовторяем процедуру для следующего слоя листьев и следующей головки капусты – делаем так до тех пор, пока будет удаваться снимать ровные листья среднего размера.\nФарш\nМясо для голубцов моем, обрезаем лишний жир, пленки.\nПерекручиваем на мясорубке. Для экономии времени можно купить готовый фарш, если вы практикуете приготовление домашних блюд из магазинных полуфабрикатов.\nРис отвариваем до полуготовности. Если взять полностью проваренный рис, после тушения он превратится в кашеподобную массу. Сырой рис «заберет» себе максимум сока из мяса, вследствие чего оно станет сухим и жестким.\nВ миску с фаршем выкладываем рис.\nСтоит понимать, что указанное в перечне ингредиентов для приготовления голубцов количество «1 стакан» — довольно условно. Риса можно взять чуть больше или чуть меньше в зависимости от того, какая начинка в голубцах вам нравится. При данных пропорциях крупы и моркови с луком будет больше, чем мяса, и блюдо получится скорее овощным, чем мясным. Если вы предпочитаете более основательный, «брутальный» вариант голубцов, можно уменьшить количество риса или увеличить количество фарша.\nЛук очищаем, нарезаем мелкими кубиками.\nПолукольца или даже кольца – тоже вполне уместны. Главное, чтобы внешний вид начинки не нарушал ваше эстетическое восприятие еды.\nНа разогретую сковородку наливаем небольшое количество растительного масла, до мягкости обжариваем морковь.\nВыкладываем ее в миску к фаршу и рису.\nНа той же сковороде на масле обжариваем лук – до легкой полупрозрачности и мягкости.\nВыкладываем в миску, не забываем про соль и перец.\nХорошо вымешиваем фарш для голубцов, состоящий из мясного фарша, риса, моркови и лука. В него же можно добавить немного свежей зелени, любимых сухих трав, уместных приправ и специй.\nЛепка голубцов\nПроваренный и подготовленный лист капусты располагаем основанием к себе, выкладываем вовнутрь небольшое количество фарша.\nСворачиваем трубочкой, края прячем вовнутрь.\n\nПриготовление голубцов в кастрюле\nГолубцы выкладываем в большую кастрюлю с толстым дном, стараясь располагать их максимально плотно. Еще одно правило – класть их необходимо швом вниз.\nТоматную пасту разводим в 2-3 стаканах воды, заливаем голубцы. Вода должна не доходить до верхнего слоя голубцов примерно на 2 пальца. Кроме того, можно в этот же соус добавить немного кетчупа, сливового повидла, сметаны или несладкого йогурта. Некоторые хозяйки тушат голубцы, перекладывая их в кастрюле морковно-луковой обжаркой.\nСтавим на плиту, доводим до кипения и, уменьшив огонь до минимума, тушим не менее 45-60 минут. Капуста в итоге должна стать полностью мягкой, начинка – готовой.\nПодаем со сметаной или любым соусом на ее основе. Приятного аппетита!\n','2018-08-09 16:30:19',5600.5,280.34,155.26,384.34,8,1,NULL),(63,'Бешбармак','https://kedem.ru/schoolcook/advice/kak-prigotovit-beshbarmak/','Тщательно вымойте мясо, нарежьте его крупными кусочками, уложите в кастрюлю, залейте холодной водой и доведите до кипения. Снимите образовавшуюся пену, прикройте кастрюлю крышкой и варите мясо 3 часа. За 1-1,5 до окончания варки добавьте в бульон морковь, целую луковицу, горошины чёрного перца, лавровый лист и соль.\nДля приготовления теста смешайте в миске просеянную муку, яйца, соль, немного охлаждённого бульона и замесите крутое тесто. Заверните его в пищевую плёнку и дайте полежать 15 минут. Присыпьте поверхность стола мукой, разделите тесто на несколько частей, каждую часть раскатайте в тонкий пласт и нарежьте его небольшими ромбиками. Слегка присыпьте получившиеся ромбики мукой и оставьте на столе на 30 минут, чтобы они немного подсохли. Готовое мясо достаньте из кастрюли, дайте ему остыть и разделайте руками на небольшие кусочки. Бульон процедите, удалив из него всё, что в нём варилось. Процеженный бульон разделите на 2 части. В одну часть добавьте измельчённую зелень. Второй частью бульона залейте нарезанный полукольцами лук, добавьте душистый перец, доведите до кипения, варите 2 минуты, а затем выньте шумовкой лук из бульона. Добавьте во вторую часть бульона немного воды, снова доведите бульон до кипения, посолите по вкусу, опустите в кипящую жидкость ромбы из теста, предварительно стряхнув с них излишки муки, и варите их 7-8 минут, затем достаньте шумовкой. Выложите на тарелку слоями ромбы, сверху – мясо и лук, в отдельной ёмкости подайте бульон с зеленью.','2018-08-09 20:09:12',2045,245.95,227.02,234.52,8,1,NULL),(64,'Гуляш с подливом',NULL,'1. Почистить и порезать лук и морковь. Нарезать мясо на небольшие кусочки, слегка обжарить на сковороде с растительным маслом. Затем лук и морковь, потушить в собственном соку на среднем огне.\n2. Влить 1 стакан воды. Мясо должно быть слегка прикрыто бульоном. Тушить до готовности мяса (т. е. до мягкости) около 1 часа.\n3. Минут за 10 до готовности мяса посолить и поперчить по вкусу, положить лавровый лист \n4. Развести в ½ стакана теплой воды 1 ч. л. томатной пасты,1 ст. л. муки и 1 ст. л. сметаны. Хорошо все перемешать, чтобы не было комочков. Непрерывно помешивая гуляш, влить туда смесь (за 5-10 минут до готовности). Смесь на глазах начнет густеть. Потушить гуляш с подливой минут 5-10. Мясо готово. Если подлива получилась слишком густой, разбавить кипятком до нужной густоты. \n','2018-08-10 03:35:27',1054,100.06,98.42,36.49,4,1,NULL),(65,'Рулет с сыром и зеленью',NULL,'Лаваш намазать с одной стороны сыром, посыпать сверху зеленью, сверхнуть в рулет\n','2018-08-10 03:46:16',380,47.82,24.2,133.28,1,1,NULL),(66,'Творог с черносливом и орехами','Йогурт можно заменить сметаной. Сухофрукты и орехи также могут меняться и дополняться. ','Чернослив и грецкий орех измельчить. Все ингредиенты смешать. ','2018-08-10 03:54:07',165,21.35,18.61,22.62,11,1,NULL),(67,'Банановые панкейки','','Очистить бананы\nСделать из них пюре\nВзбить яйца\nДобавить яйца к бананам\nТщательно перемешать или взбить блендером\nПожарить на сковороде панкейки. Можно без масла, если сковорода с хорошим антипригарным покрытием.\n','2018-08-10 03:59:26',275,10.29,6.44,48.35,1,1,NULL),(68,'Банановый мусс',NULL,'Очищенные бананы растереть в массу\nДобавить лимонный сок. \nСливки взбить, добавить сахарную пудру и массу бананов. \nЕсли мусс готовится с яичными белками, их надо взбить и частями присоединить банановую массу. \nУкрасьте шоколадной крошкой или печеньем. Можно использовать как начинку для тортов и кексов.\n','2018-08-10 04:04:04',562,23.34,32.45,81.88,1,1,NULL),(69,'Вишневая запеканка','Вишню можно заменить другими ягодами или фруктами. ','Вишню разморозить, если она замороженная, и промыть.\nОчистить ягоды от косточек и хвостиков.\nВключить духовку разогреваться на 180°С.\nВ блендере до однородной массы перемешать творог, яйца и ванилин.\nПротивень или дно формы для запекания посыпать манкой, чтобы запеканка не пригорела.\nВыложить на противень половину творожной массы и распределить по всей площади.\nВыложить равномерно большую часть вишни.\nПоверх покрывать оставшейся творожной массой.\nОставшимися ягодами украсить запеканку.\nЗапекать в духовке около 50 минут.\n','2018-08-10 04:13:11',1228.5,117.15,46.1,110.56,5,1,NULL),(70,'Мороженое с клубникой','','Клубнику помыть, убрать хвостики, нарезать дольками.\nВ форму залить йогурт.\nТуда же поместить клубнику.\nДесерт оставить в морозильнике минимум на 5 часов.\n','2018-08-10 04:16:14',500,12,10,65.5,1,1,NULL),(71,'Зефирный йогурт',NULL,'Смешать все компоненты в одной емкости, взбить блендером.\nПо истечению этого времени разлить готовый продукт по стаканчикам и поставить в холодильник.\n','2018-08-10 07:00:21',1284,32.56,27.88,196.03,1,1,NULL),(72,'Кексы с курагой',NULL,'Поставить разогреваться духовку на 200°С.\nВ блендере взбить яйцо, белок, соль и разрыхлитель.\nДобавить кефир и муку и еще раз взбиваем. Тесто должно получиться негустым.\nТестом заполнить формы для запекания (под кексы).\nВ центр формы положить курагу 1-2 штуки.\nВыпекать 40 минут.\n','2018-08-10 07:06:55',555.5,34.14,13.1,196.96,6,1,NULL),(73,'Кефир',NULL,NULL,'2018-08-10 07:15:33',200,5.6,5,7.8,7,1,NULL),(74,'Куриная грудка с баклажанами',NULL,'Нарезать грудку на небольшие куски\nКабачок и сыр натереть на терке.\nПеремешать кабачок, грудку, яйцо, муку, сыр, соль и перец  при 170°С минут 30. \nВыложить в форму для запекания. Посыпать сверху сыром и выпекать в духовке\n','2018-08-10 10:33:00',2205,392.39,63.9,67.04,4,1,NULL),(75,'Котлеты и курицы с брокколи',NULL,'Разделить брокколи на соцветия.\nОтправить их в подсоленную кипящую воду на 10 минут.\nОтделить белок от желтка.\nИзмельчить филе в блендере или мясорубке.\nПосолить и поперчить фарш.\nДобавить белок к фаршу и перемешать.\nСлить воду с брокколи.\nМелко нарезать соцветия.\nДобавить их к фаршу и перемешать до однородной массы.\nВключить духовку на 180°С.\nЗастелить противень пергаментной бумагой.\nСформировать котлеты.\nСмазать желтком котлеты.\nЗапекать при 180° С 30 минут.\n','2018-08-10 10:58:58',975,174.69,35.16,10.79,4,1,NULL),(76,'Гречка',NULL,'1. 1 стакан гречки залить 2 стаканами кипятка и оставить разбухать\n2. Утром довести до кипения и сразу снять с плиты\n','2018-08-16 06:46:54',570,21.42,5.61,105.57,2,1,NULL),(77,'Вермишель',NULL,'Вскипятить воду.\nДобавить соль.\nВ воду положить макароны в отношении 1 л воды:100 г. Продукта.\nВарить 12-14 минут.\n','2018-08-16 07:30:15',1100,10.4,1.1,69.7,2,1,NULL),(78,'Рожки',NULL,'Вскипятить воду.\nДобавить соль.\nВ воду положить макароны в отношении 1 л воды:100 г. Продукта.\nВарить 12-14 минут.\n','2018-08-16 07:31:27',1100,10.4,1.1,69.7,2,1,NULL),(79,'Спагетти',NULL,'Вскипятить воду.\nДобавить соль.\nВ воду положить макароны в отношении 1 л воды:100 г. Продукта.\nВарить 12-14 минут.\n','2018-08-16 07:32:41',1100,10.4,1.1,69.7,2,1,NULL),(80,'Макароны',NULL,'Вскипятить воду.\nДобавить соль.\nВ воду положить макароны в отношении 1 л воды:100 г. Продукта.\nВарить 12-14 минут.\n','2018-08-16 07:33:58',1100,10.4,1.1,69.7,2,1,NULL),(81,'Капуста тушеная','https://www.russianfood.com/recipes/recipe.php?rid=124382','Как приготовить капусту тушеную:\n1. Кочан капусты вымыть, мелко нашинковать.\n2. Лук репчатый очистить, помыть и мелко нарезать.\n3. Морковь очистить, помыть и натереть на крупной терке.\n4. Сковороду нагреть, налить растительное масло. В горячее масло выложить лук и морковь. Тушить лук с морковью, помешивая, на среднем огне 4-6 минут. Можно накрыть крышкой.\n5. Затем выложить капусту. Тушить на слабом огне до готовности, помешивая, 25-30 минут.\n6. Посолить и поперчить, добавить томат-пасту. Хорошо перемешать. Тушить 5 минут.','2018-08-16 07:44:48',1135,18.11,85.87,62.58,3,1,NULL),(82,'Бурый рис','\n\n https://pp-vkusno.ru/kak-varit-buryj-ris-pravilno.html','В холодной воде крупу надо промыть до чистой воды.\nЗамочить на ночь в воде. \nНа стакан крупы берем 2,5-3 стакана воды, посолить. Крупу надо засыпать в кипящую воду. Это тоже влияет на вкус блюда. \nВарить надо на медленном огне, не меньше 40 минут. Во время варки массу не размешивайте ложкой! Когда крупа «раскинется», кастрюлю можно несколько раз встряхнуть. После выключения нужно закутать кастрюлю и дать выстояться еще минут 15-20. За это время остатки воды впитаются в рисинки.','2018-08-16 14:27:30',800,14.8,3.6,145.8,2,1,NULL),(83,'Перловка','https://lady.mail.ru/advice/187-kak-prigotovit-perlovku/','1. Чтобы сварить перловую кашу с утра пораньше, крупу нужно предварительно замочить. Сначала несколько раз промыть ее, затем залить холодной водой и оставить на 10-12 часов, например, с вечера до утра. Пропорции: 1 стакан перловки на 1 литр воды. Перед варкой остатки воды, в которой настаивалась крупа, обязательно слить, крупу еще раз промыть, а затем залить водой, молоком или бульоном. Для варки разбухшую перловую крупу заливают из расчета 2 литра жидкости на 1 стакан сухой крупы. Необходимо также учитывать, что объем каши во время варки увеличивается примерно в 5-6 раз. Поэтому готовить перловку нужно в просторной кастрюле. Соль и сливочное масло добавляют в самом конце.\n\n2. Можно приготовить перловку и без предварительного замачивания. В этом случае крупу нужно несколько раз промыть, влить 3-4 стакана воды (на 1 стакан крупы), поставить на сильный огонь, довести до кипения. Затем огонь убавить до минимума и варить перловку под закрытой крышкой около 2-х часов. Периодически кашу нужно проверять, смотреть, чтобы вода полностью не выкипела. Готовой каше дать натомиться в течение 30 минут.\n\n3. Есть и третий способ. Довести крупу до кипения (как в пункте 2), а затем поставить кашу доваривать на водяную баню. Однако в этом случае процесс приготовления перловки займет 5-6 часов. При этом крышка кастрюли с кашей должна быть закрыта.\n\nГотовность перловки можно определить по внешнему виду и консистенции: сваренная крупа набухшая, мягкая, зернышко к зернышку, и совсем не кашеобразная.\n\nРассыпчатая перловая каша – отличный гарнир к мясу и рыбе. Кроме того, вареная перловка используется в салатах и закусках, а также в супах – рыбных, грибных, мясных. Самый популярный суп с перловкой – рассольник. Однако нужно помнить, что в супы не стоит добавлять перловку в сыром виде – суп может приобрести синеватый оттенок. Лучше предварительно сварить ее до полуготовности и добавить в суп в середине варки.','2018-08-16 14:33:39',785,17.21,2.04,136.35,2,1,NULL),(84,'Нут','https://skolkovarim.com/krupy/recepty-vkusnyx-supov-iz-nuta.html','Варить нут совсем просто. Для этого нужно выполнить следующие действия:\nварим в кастрюле\n\nПромыть зерна;\nВымочить их в течение 4 часов;\nСлить воду и переложить нут в кастрюлю;\nДобавить воды и поставить на огонь;\nПосле того, как вода закипит, снять пену, уменьшить огонь до небольшого уровня и накрыть крышкой;\nВарить еще 40 минут.\n\nПриготовление зерен имеет несколько особых нюансов, которые определяют свойства продукта:\n\nнут можно солить только перед окончанием варки, иначе он не разварится;\nчтобы продукт гарантированно хорошо разварился, можно при замачивании добавить маленькую щепотку соды;\nчтобы удалить компоненты, которые трудно перевариваются, нут нужно варить 5-7 минут, после чего промыть и снова залить чистой водой\nнут можно варить в мультиварке.','2018-08-16 14:42:11',1000,38,12,122,2,1,NULL),(85,'Булгур','https://fasol.tv/facts/kak-varit-bulgur/','В кастрюлю всыпать булгур. Затем добавить воду, посолить и варить 15-20 минут на медленном огне под крышкой. В качестве гарнира булгур подойдет для любых мясных и рыбных блюд, его также можно использовать в салатах.','2018-08-16 14:48:30',540,17.22,1.82,80.64,2,1,NULL),(86,'Киноа','иноа в вареном виде приобретает оригинальный вкус ореха и имеет аромат свежей травы. Человек, который в первый раз сталкивается с этой экзотической крупой, теряется и не знает, как ее варить. Сварить кашу из киноа достаточно просто.\n\nhttp://www.yourlifestyle.ru/kulinariya/1290-kak-varit-kinoa.html','Сначала хорошо промойте крупу.\nВысыпьте ее на сухую сковородку и немного обжарьте. Это усилит вкус киноа.\nДобавьте питьевой воды в кастрюлю и доведите до кипения.\nВ кипяток положите крупу, при этом учитывайте, что воды должно быть в 2 раза больше.\nПериодически помешивайте и варите на медленном огне до полной готовности.\nДобавьте по вкусу соль.\nКиноа варится достаточно быстро – всего 15 минут.','2018-08-17 08:49:52',600,28.2,12.2,114.4,2,1,NULL),(87,'Фасоль','https://lifehacker.ru/kak-varit-fasol/','Промыть фасоль и замочить 12-24 часа в воде, оставив в холодильнике. \nПосле замачивания слейте воду и промойте разбухшую фасоль в проточной воде. \nФасоль залейте водой в соотношении 1:4, соответственно.\nПосолите. \nВарите бобы на медленном огне. Возможно, в процессе варки вам понадобится время от времени подливать воду в кастрюлю. В зависимости от сорта фасоли, срока её хранения и жёсткости воды время приготовления может составить от 0,5 до 2,5 часа.\nВо время варки фасоль не надо мешать, а кастрюлю не нужно накрывать крышкой.\nЧтобы узнать, готова ли фасоль, разомните одну штучку вилкой или пальцами. В идеале бобы должны стать мягкими, но не развариться до состояния каши. Если же фасоль всё ещё похрустывает, то оставьте её вариться дальше и проверяйте на готовность каждые 10 минут.','2018-08-17 08:59:21',1000,41.8,3.6,128,2,1,NULL),(88,'Чечевица','http://www.yourlifestyle.ru/kulinariya/989-kak-skolko-varit-chechevicu.html','Сколько времени готовится?\nМногое зависит от сорта. Так, красная чечевица готовится всего 25-30 минут. Зеленую варить нужно чуть дольше – 40 минут, а вот коричневая варится быстрее всего – 20-25 минут.\n\nКак варить чечевицу?\nПеребрать перед приготовлением продукт, промыть холодной водой.\nНа 1 стакан чечевицы добавляется 2 стакана воды. В кастрюлю заливается вода.\nДобавить в холодную воду продукт, поставить кастрюлю на малый огонь.\nВода доводится до кипения.\nДля мягкости продукта можно добавить в кипящий вар ложку оливкового масла.\nВарить на среднем огне 20-40 минут, периодически помешивая.\nСоль добавляется за 5 минут до окончания варки.\nПодавать на стол лучше всего чечевичную кашу, притрушенную зеленью.','2018-08-17 09:03:12',610,43.2,12.18,96,2,1,NULL),(89,'Гороховое пюре','https://zhenskoe-mnenie.ru/themes/retsepty/mushy-peas-the-best-recipes-how-and-tasty-to-prepare-pea-puree/','Залейте горох двумя стаканами воды и оставьте на три-четыре часа перед приготовлением пюре.\nСлейте воду, и вновь залейте горох оставшейся водой.\nПоставьте кастрюлю с горохом на огонь, дождитесь, пока вода закипит, сделайте огонь средним. Варить горох под закрытой крышкой до готовности. Это займет у вас примерно 40-60 минут.\nЕсли вы добавите воду по указанной пропорции, то пюре получится не жидким, ни густым.','2018-08-17 09:08:11',1185,37.93,3.7,98.61,2,1,NULL),(90,'Маш','https://www.timeboil.ru/cereals/vigna_radiata/','Суммарное время приготовления маша - 45 минут. \nПеред варкой бобы маш всыпать в сито и промыть под струёй воды, положить в кастрюлю с кипятком в соотношении 1 стакан крупы : 2,5 стакана кипятка, \nдовести воду до кипения, \nварить 30 минут на слабом огне. \nСолить маш за 10 минут до окончания варки, чтобы бобы не стали жесткими. \nМожно добавить немного подсолнечного масла.','2018-08-17 09:14:52',700,47,4,92,2,1,NULL),(91,'Кускус','https://www.timeboil.ru/cereals/couscous/\n\nКускус - это крупа, изготавливаемая из твердых сортов пшеницы. Кускус является вариацией манной крупы: готовится тоже из пшеницы, но обрабатывается иначе. Поэтому кускус вообще не нужно варить, его консистенция мягче манки, а калорийность - ниже. \nКускус подаётся к мясным блюдам в качестве гарнира, поскольку особенно хорош кускус в сочетании с мясными подливками и бульонами. Иногда для приготовления блюд дополняется жареными овощами или сухофруктами, реже морепродуктами. Важно, что кускус практически не имеет собственного вкуса, зато при приготовлении с продуктами яркого вкуса, делает их мягче. ','1. Кускус, не промывая, всыпать в кастрюлю.\n2. Залить крупу подсоленным крутым кипятком - на каждый стакан кускуса 2 стакана кипятка. \n3. Закрыть кастрюлю крышкой и настоять кускус 5 минут.\nВаш кускус сварен!','2018-08-17 09:18:30',600,7.6,0.4,43.6,2,1,NULL),(92,'Ячмень','https://www.timeboil.ru/cereals/barley/\n\n- Ячмень - это древнейший продукт, который люди научились готовить ещё в 8 веке до Нашей эры. Из ячменя издавна готовят хлеб. Часто ячмень путают с перловкой, поскольку перловка - и есть ячмень, только обработанный, очищенный от шелухи и отшлифованный. \n\n- Ячмень очень полезен для здоровья, недаром в Древнем Риме гладиаторов называли \"питающихся ячменем\". Ячмень способствует быстрому увеличению мышечной массы, очистке организма, балансу кишечных процессов, нормальному росту костей. При простудах ячмень поможет при лечении кашля, спасёт в похмелье и избавит от тахикардии в стрессовых ситуациях.\n\n- Ячменная крупа при варке увеличивается в 3 раза. \n\n- Вместо воды, при варке ячменной каши можно использовать куриный или мясной бульон, или же молоко.\n\n- Приправы к несладкой ячменной каши - перец, куркума. ','Положить ячмень в сито и тщательно промыть под холодной водой. \nНалить в кастрюлю холодную воду, всыпать крупу и поставить кастрюльку на средний огонь. \nКогда вода закипит, сделать огонь меньше, добавить соль и перемешать. \nВарить 30-40 минут, затем выключить огонь, а кастрюлю с кашей завернуть в одеяло для упаривания. Настаивать кашу 15 минут. \nВ мультиварке ячмень варить 30 минут на режиме \"Гречка\".\n','2018-08-17 09:25:12',645,14.5,1.88,103.96,2,1,NULL),(93,'Каша из кукурузной крупы','https://www.timeboil.ru/cereals/hominy/\n\nЧто добавить в кукурузную кашу\nКукурузную кашу можно разнообразить, если добавить тыкву, изюм, курагу, яблоки, сушеные персики, консервированные ананасы или персики. Если хочется несладкой кукурузной каши - можно сделать её с сыром, томатами, с брынзой.\n\nПольза кукурузной крупы обусловлена большим количество витаминов группы А, В, Е, К и РР, кремния и железа, а также наличием в составе двух важнейших аминокислот - триптофана и лизина. Благодаря высокому содержанию клетчатки, она выводит из организма токсины и освобождает кишечник от продуктов распада. \nГотовая кукурузная каша становится очень мягкой и густой. Если каша получилась слишком густой, ее можно залить молоком или сливками и проварить на маленьком огне еще 5 минут.\n\nНа стакан кукурузной крупы - 2,5 стакана молока или воды, столовая ложка сахара и пол чайной ложки соли. Сливочного масла - 1 небольшой кубик. Так варить в кастрюле при постоянном помешивании.','Кукурузную крупу насыпать в сито и помыть под холодной водой, затем дать стечь воде.\nВ кастрюлю налить молоко, поставить на тихий огонь, довести до кипения и выключить огонь.\nВ другую кастрюлю влить воду, поставить на огонь, добавить соль и довести до кипения. Как только вода закипит, всыпать кукурузную крупу, варить на тихом огне без крышки 5 минут до полного испарения воды.\nК кукурузной крупе добавить кипяченое молоко, перемешать и варить 15 минут, регулярно перемешивая деревянной ложкой или лопаткой. В сваренную кашу выложить кубик сливочного масла, добавить сахар и перемешать.\n\nВ мультиварке - на 1 стакан кукурузной крупы 3,5 чашки молока или воды. Режим \"молочная каша\" на 20 минут, затем - \"разогрев\" на 10 минут. Либо можно включить режим \"гречневая каша\" на 20 минут. \n\nВ пароварке - так же, как в кастрюле, варить полчаса.\nПосле варки кукурузную кашу рекомендуется завернуть в одеяло на 15 минут для упаривания.\nВ кукурузную кашу в качестве добавки можно добавить курагу, изюм, резанный чернослив, тёртую тыкву, йогурт, варенье, ванильный сахар. Если каша предлагается на ужин, можно добавить овощи и варёное мясо.\n\nЧтобы сварить кашу без молока, достаточно его часть заменить тем же количеством воды.','2018-08-17 09:30:21',750,20.85,9.3,126.6,5,1,NULL),(94,'Картофель в мундире','https://calcsoft.ru/skolko-varit-kartoshku','Если вы решили варить картошку целиком, то постарайтесь для этого отобрать картофелины более или менее одинакового размера. В противном случае, получится так, что часть картошки будет переварена, а часть не доварена. Вряд ли это тот самый результат, к которому стремятся хозяйки!\nКартошку закладывают в холодную, подсоленную воду. Количество воды в кастрюле должно быть таким, чтобы картошка была полностью покрыта водой. Во время варки кастрюля должна быть закрыта крышкой – во избежание выпаривания воды. После закипания огонь необходимо немного убавить.\nКстати, готовность можно очень просто определить при помощи вилки или ножа – если картофелина легко протыкается, значит она уже готова к употреблению.\nИнтересный факт: считается, что наиболее полезной является картошка, сваренная «в мундире», поскольку именно при таком способе приготовления все полезные вещества остаются.','2018-08-17 09:33:38',2000,20,4,161,2,1,NULL),(95,'Картофельное пюре','http://alenushkadoma.ru/archives/2443','1. Картофель почистить. Порезать на половинки или четвертинки, в зависимости от размера картофелин, чтобы быстрее сварилась. Сложить в кастрюльку и залить водой, посолить.\n2. После закипания варить на медленном огне до готовности картофеля. Как проверить готовность картофеля? Нужно проколоть его ножом или вилкой. Если он сварился, то нож войдет мягко.\nПока картофель варится, можно приготовить молоко для пюре. Нужно чтобы молоко было горячее. Если залить в пюре холодное молоко, во-первых, она остынет, во-вторых, немного потемнеет.\n3. Нагреть молоко почти до кипения. Я грею молочко в микроволновой печи, 100 мл молока ставлю на 1 минуту на полную мощность.\n4. Когда картофель сварился, слить воду, аккуратно придерживая крышку чтобы отварной картофель не выпал из кастрюли.\n5. Добавить сливочное масло.\n6. Размять картошку «толкушкой». Можно размять деревянной «толкушкой». Помню, такая была у моей бабушки. Ох, и вкусное пюре у нее получалось! У меня же обыкновенная из нержавейки, зигзаогобразная снизу. Разминать надо тщательно, чтобы не осталось комочков.\n7. Добавить горячее молоко. Перемешать, взбивая пюре. Молока должно быть достаточно, пюре должно получиться жидковатым, через некоторое время оно загустеет. Если молока не хватило, подогрейте еще.\nЕсли вы не планируете сразу кушать картофельное пюре, то закутайте его в одеяло. А вообще, лучше варить на один раз, так как картошечка, впрочем, как и другие блюда, особенно вкусна «с огня».','2018-08-17 09:53:07',1650,33.3,44.75,246.9,2,1,NULL),(96,'Жареная картошка','https://menunedeli.ru/2011/08/kak-zharit-kartoshku-recept-s-foto-i-xitrostyami/','1. Картофель очищаем, моем и тщательно вытираем полотенцем каждый клубень для удаления воды. Лишняя вода не позволит образоваться хрустящей корочке, а картофель получится скорее тушеным, чем жаренным.\n\n2. Нарезаем соломкой одинаковой толщины примерно 0,5 – 1 см. Если соломка получится «разнокалиберной», то более тонкая подгорит, а толстая не прожарится.\n\n3. Так как при разрезании картофеля выделится сок, то нарезанную соломку нужно еще раз промакнуть бумажным полотенцем.\n\n4. Берем широкую сковородку с толстым дном и щедро наливаем в нее масло. Недостаток масла не позволит прожарить картошку, она начнет пригорать.\n\n5.В раскаленное масло выкладываем картофель в два слоя (не больше!). Первый слой должен соприкасаться с дном и жариться в масле. Солить на этом этапе нельзя, иначе соль вступит в реакцию с крахмалом и маслом, и картофель начнет расползаться.\n\n6.Жарим без крышки на среднем огне,не перемешивая до тех пор, пока самый нижний слой не начнет зарумяниваться. У меня на это уходит ровно пять минут. Не стоит переворачивать картофель раньше, иначе он не успеет зарумяниться и будет разваливаться.\n\n7. Через пять минут перевернуть картофель таким образом, чтобы верхний слой оказался внизу, и жарить опять на среднем огне до появления золотистой корочки. У меня на это уходит 4 минуты.\n\n8. Затем опять перевернуть картофель, стараясь следить за тем, чтобы неподжаренные грани ломтиков оказывались на дне сковородки. Я следую простому правилу – период жарки до переворачивания короче предыдущего на 1 минуту: 5, 4, 3, 2 и 1. Соответственно, вся картошка жарится только 15 минут. Без крышки и соли!\n\n9. В самом конце жарки картофель можно посолить и, при желании, добавить к нему другие ингредиенты (лук, укроп, чеснок и т.д.) и сразу снять с огня.\n\n10. Если на дне сковородки осталось масло, то картофель лучше вынимать шумовкой, чтобы лишнее масло стекло. Чтобы избавиться от лишнего масла, картофель сначала следует выложить на бумажную салфетку (или бумажное полотенце), а уже потом переложить в тарелку. Салфетка впитает в себя лишний жир.','2018-08-17 10:00:20',640,12,42.36,96.6,2,1,NULL),(97,'Капуста тушеная с картофелем','https://webspoon.ru/receipt/tushenaya-kapusta-s-kartofelem-i-tomatom\n\nТушёная капуста это очень полезный гарнир, который быстро надоедает, но стоит добавить в него некоторые ингредиенты и блюдо заиграет по-новому. Тушёная капуста с томатом, с добавлением любых доступных овощей в холодное время года напомнит летние вкусные овощные рагу. Экспериментируя со специями и зеленью, вы найдете именно свой рецепт, которым вас непременно попросят поделиться. Этот рецепт тушёной капусты позволяет соблюдать баланс пользы и разнообразия в повседневном питании.','1. Вам понадобятся: капуста, морковь, лук, картофель, растительное масло, томатная паста, вода и соль, овощная приправа или сушёные травки, которые вы любите.\n2. Очистить и нарезать: капусту и морковь соломкой, лук полукольцами, а картофель кубиками. Капусту посолить и помять руками, до выделения сока.\n3. На разогретую сковороду налить растительное масло и добавить отжатую капусту. Накрыть крышкой и тушить на медленном огне 10 минут.\n4. Добавить лук и морковь, перемешать и накрыть крышкой, продолжать тушить в течение 5 минут.\n5. Затем добавить картофель и 5 столовых ложек воды, продолжать тушить под крышкой ещё в течение 5-10 минут.\n6. Добавьте томатную пасту, 2 щепотки смеси специй прованские травы и 5 столовых ложек воды, тушите ещё 5 минут и перед тем как снять с огня, если нужно посолите','2018-08-17 10:11:23',910,13.31,86.32,71.83,2,1,NULL),(98,'Яичная лапша',NULL,'Опустить лапшу в кипящую воду. Варить в течение 3-5 минут, периодически помешивая. Откинуть лапшу на дуршлаг и промыть водой. Добавить по вкусу масло и специи. Подавать в качестве гарнира к мясным, рыбным и овощным блюдам, а также использовать для приготовления супов. ','2018-08-17 10:17:12',80,8.32,1.6,47.36,2,1,NULL),(99,'Картофель фри ','https://www.edimdoma.ru/retsepty/69954-kartofel-fri. Есть фото\n\nВажно. Картофель жарится во фритюре в два этапа, разных по продолжительности и температуре, с полным остыванием картофеля между этими этапами. Это помогает добиться, чтобы он  был мягким внутри ( внутренняя текстура похожа на печеный картофель) и хрустящим снаружи.\nУдобно. После первого этапа его можно заморозить и воспользоваться им для готовки позднее.\nВкусно. Пальчики оближешь!\nПриступим?\n','Лучше взять крупный картофель. \nПомыть, очистить. \nПоложить в холодную воду.\nВынуть из воды, нарезать каждую картофелину вдоль на две одинаковые половинки, положить на доску срезом вниз, сделать еще срез параллельно нижнему, потом порезать брусочками вдоль толщиной 1 см. Важно, чтобы брусочки были примерно одинакового размера. \nПоложить в холодную воду минут на 40. Это делается для того, чтобы избавить картофель от излишнего крахмала. \nОткинуть на дуршлаг, дать стечь воде, затем обсушить полотенцем.\nВместо оливкового можно взять рапсовое, хлопковое или масло из виноградных косточек. Нагреть масло для фритюра (примерно до 140 градусов) в низкой толстостенной кастрюле или сковороде, обжарить в нём картофель на среднем огне 3 минуты. Будьте аккуратны и внимательны при работе с фритюром! Картофель не должен покрываться коркой, а лишь запекаться внутри. \nВынуть картофель, положить в дуршлаг, дать стечь маслу и полностью остыть, выложить на полотенце, промокнуть. \n После этого шага картофель можно заморозить и приготовить позднее. Я это делать не буду, а продолжу обработку картофеля.\nМасло снова нагреть, но уже до более высокой температуры (примерно 180°), снова обжарить картофель, уже до золотистого цвета, одновременно он будет допекаться и внутри. \nВынуть шумовкой ( помните, что снятый со сковороды картофель продолжает готовиться внутри еще некоторое время). \nВыложить на полотенце, промокнуть, посолить.','2018-08-17 10:21:29',1320,20,323.68,161,2,1,NULL),(100,'Рисовая лапша','http://cookinsider.ru/kak-varit-risovuyu-lapshu','Сначала лапшу нужно залить теплой водой примерно на 5—6 минут.\nПока лапша набухает, следует вскипятить воду. Воды должно быть столько, чтобы лапша в ней свободно плавала.\nВ закипевшую воду переложить подготовленную лапшу и, помешивая, варить после закипания не больше 3 минут.\nСваренную лапшу откинуть на сито и облить холодной водой.\nГотовую лапшу выложить на тарелку и полить соевым соусом. Подать как гарнир к рыбе или мясу.','2018-08-17 10:23:58',380,5.6,0,63.2,2,1,NULL),(101,'Салат \"Элегантное авокадо\"','http://dietdo.ru/salat-avokado-krevetki.html\n\nКлассический рецепт не отвлекает от главных участников и подается в кожуре экзотического фрукта. Эффектный вариант, в том числе для романтического ужина. Не зря за обоими продуктами закрепилась слава мощных афродизиаков.','Отвариваем креветки. \nРазрезаем авокадо вдоль на две половины и удаляем косточку. \nСтоловой ложкой аккуратно удаляем мякоть, двигаясь по кругу вплотную к шкурке. Работаем ложкой осторожно, чтобы не повредить кожицу. Наша задача — получить целые лодочки из шкурки фрукта. \nРежем авокадо толстенькими кусочками, по размеру близко к вареным креветкам.\n Соединяем нарезку фрукта, морепродукт и соус, перемешиваем. \nРаскладываем готовую смесь по импровизированным пиалам, присыпаем мелко рубленным зеленым лучком.','2018-08-20 06:05:24',870,86.96,99.54,30,10,1,NULL),(102,'Баклажаны с перцем',NULL,'Почистить баклажаны, болгарский перец, лук, перец чили и чеснок. \nБаклажаны и болгарский перец нарезать крупными кубиками. \nМелко порубить лук, чеснок, перец чили и зелень.\nСмешать все ингредиенты, посолить, добавить приправ по вкусу. \nСмазать противень или форму для выпекания маслом.\n','2018-08-20 06:16:54',854,11.63,10.71,46.5,3,1,NULL),(103,'Брокколи и цветная капуста, запеченные в сливочном соусе','https://www.youtube.com/watch?v=0GIssVSBj0M&t=1s&list=PLERjyFAN-RmZziFAbENgrBNsfRrTP3wVO&index=1','Брокколи и цветную капусту отварить в подсоленной кипящей воде. Варить 3 минуты, если свежие; 5 минут, если замороженные.\nВключить духовку на 180°С. \nНатереть сыр.\nВ отдельную емкость разбить 2 яйца и взбить.\nДобавить соль и перец по вкусу, шпинат или другой зелени и 30 г натертого сыра.\nЗалить 100 мл 10%-ных сливок.\nОвощи отправить в ёмкость для запекания.\nЗалить получившейся смесью.\nДобавить оставшиеся 20 г сыра.\nЗапекать в духовке 20 минут.','2018-08-20 06:24:02',610,38.58,36.85,21.78,3,1,NULL),(104,'Брокколи с помидорами и базиликом',NULL,'Нагрейте оливкое масло в большой сковороде на среднем огне.\nДобавьте чеснок и притушите, непрерывно помешивая.\nДобавьте помидоры, базилик и уксус и тушите, пока жидкость не выпарится примерно наполовину.\nВыложите брокколи поверх помидоров и приправьте небольшим количеством соли и перца.\nТушите на слабом огне в течение 10 минут, или пока брокколи не станет мягкой. Не переварите брокколи, она должна остаться ярко зеленого цвета.\nВыложите в сервировочное блюдо и перемешайте с соусом перед подачей на стол.\n','2018-08-20 07:05:59',933,19.96,22.8,43.54,3,1,NULL),(105,'Гарнир из брокколи',NULL,'1. Подготовьте ингредиенты.	\n2. Поставьте кипятиться 2 кастрюли с водой: одна для брокколи, другая для моркови и фасоли. Помойте все овощи и зелень. Разберите брокколи на соцветия.	\n3. В кипящую воду закиньте фасоль и морковь. Варите около 10 минут до готовности.	\n4. Одновременно варите брокколи. Опустите в кипящую подсоленную воду и варите примерно 7-10 минут до готовности.	\n5. Готовую морковь выложите в тарелку, фасоль и брокколи отложите на дуршлаг и окатите ледяной водой. Так овощи сохранят свой красивый зелёный цвет. Отрежьте у фасоли хвостики и разрежьте на 3-4 части.	\n6. Разогрейте сковороду. Выдавите туда чеснок и убавьте огонь до самого маленького.	\n7. Сразу же выложите в сковороду овощи и аккуратно перемешайте. Жарьте 2-3 минуты.	\n8. Пока овощи в сковороде, нарежьте петрушку, желательно очень мелко.	\n9. Переложите овощи в глубокую тарелку. Посолите, добавьте петрушку и лимонный сок.	\n10. Аккуратно перемешайте.	\n	\nЯркий, ароматный и очень полезный гарнир готов!	\n','2018-08-20 07:24:24',1029,61.08,25.93,175.33,3,1,NULL),(106,'Гарнир из стручковой фасоли и перцев','https://tutknow.ru/cookery/second_dishes/2943-ovoschnoy-garnir-iz-struchkovoy-fasoli-i-percev.html','Фасоль помыть, залить водой и отваривать 4-5 минут, если свежая, и 5-7 минут, если замороженная\nПосле откиньте ее на дуршлаг, чтобы стекла лишняя жидкость. Затем с двух сторон отрежьте кончики и нарежьте на 2-3 части в зависимости от размера, чтобы каждый кусочек был около 2,5-3 см длиной.\nПока фасоль варится, помойте перец, отрежьте хвостик, удалите стержень с семенами и нарежьте мякоть тонкой соломкой. Помидоры помойте, высушите и также нарежьте соломкой. Чеснок очистите и нашинкуйте. В данном блюде все продукты должны быть нарезаны одинакового размера — соломкой, тогда оно будет красиво смотреться на сервировочном столе.\nСковороду нагрейте с оливковым маслом и отправьте жариться перец с фасолью.\nУстановите средний огонь и жарьте овощи, периодически помешивая около 7 минут.\nДобавьте в сковороду помидоры и чеснок.\nПриправьте солью, перцем, перемешайте и продолжайте жарить еще минут 7. Помидоры не должны превратиться в кашу, они должны сохранить упругость и остаться твердыми.\nГотовый гарнир подавайте к столу в горячем виде в компании с мясом, рыбой либо самостоятельно.\n','2018-08-20 07:27:56',798,12.4,11,35.62,3,1,NULL),(107,'Авокадо и помидоры.',NULL,'Авокадо очистить от кожуры и косточки.\nПорезать ингредиенты на дольки.\nПосолить по вкусу, добавить оливковое масло или бальзамический уксус по желанию.\n','2018-08-20 07:31:26',335,5.85,48.19,17.92,3,1,NULL),(108,'Голубцы с грибами','arbuz.kz\n\nСытные ароматные голубцы с грибами подойдут как на обед, так и на ужин','Мелко нарезать грибы и лук.\nОбжарить на растительном масле.\nДобавить рис и 1 стакан воды, специи.\nПосле закипания добавить рубленую зелень и дождаться полного впитывания жидкости.\nТоматную пасту перемешать со специями и растительным маслом.\nКапусту подготовить, как на обычные голубцы.\nСформировать голубцы и выложить в кастрюлю, залить томатной пастой.\nТушить примерно час.\nПеред подачей посыпать зеленью.\n','2018-08-20 07:35:02',1345,34.88,22.94,214.23,8,1,NULL),(109,'Гуляш с подливом',NULL,'1. Нарезать мясо на небольшие кусочки, слегка обжарить на сковороде с растительным маслом. Затем добавить нарезанный лук и тертую морковь, потушить в собственном соку на среднем огне.\n2. Влить 1 стакан воды. Мясо должно быть слегка прикрыто бульоном. Тушить до готовности мяса (т. е. до мягкости) около 1 часа.\n3. Минут за 10 до готовности мяса посолить и поперчить по вкусу, положить лавровый лист \n4. Развести в ½ стакана теплой воды 1 ч. л. томатной пасты,1 ст. л. муки и 1 ст. л. сметаны. Хорошо все перемешать, чтобы не было комочков. Непрерывно помешивая гуляш, влить туда смесь (за 5-10 минут до готовности). Смесь на глазах начнет густеть. Потушить гуляш с подливой минут 5-10. Мясо готово. Если подлива получилась слишком густой, разбавить кипятком до нужной густоты. \n','2018-08-22 05:30:23',1039,99.68,98.38,33.98,8,1,NULL),(110,'Дымляма',NULL,'Подготовить все овощи, вымыть, очистить. \nБаклажаны нарезать кружочками, посыпать солью и отложить.\nГовядину нарезать небольшими кусочками. \nКазан нагреть, влить масло, положить говядину.\nЛук нарезать полукольцами, положить на мясо. \nДалее морковь, нарезанную кружочками.\nЗатем положить помидоры - дольками.\nБаклажаны промыть от соли, положить на помидоры. На баклажаны положить очищенные от сердцевины и нарезанные дольками яблоки.\nЗаложить все сверху капустными листьями. Последний слой - картофель. Каждый слой слегка присыпать солью и посыпать смесью специй. Накрыть все тарелкой, придавить. Сверху крышкой. Тушить дымляму на тихом огне 2 часа.\nНа большое блюдо (блюдо подогреть немного заранее) переложить овощи в обратной последовательности, начиная с картофеля. Залить все образовавшимся при тушении бульоном и тут же подать.\n','2018-08-22 05:42:39',3613,227.52,164.74,253.72,8,1,NULL),(111,'Жаппасай',NULL,'1. Нарежьте мясо средними кубиками и обжарьте на растительном масле с томатной пастой до полуготовности. Посолите и поперчите.\n2. Все овощи очистите, помойте и мелко нарежьте. \n3. Из муки, яйца, соли и воды замесите эластичное тесто, раскатайте его в тонкие пласты и нарежьте большими квадратами, как на манты. Промажьте сочни растительным маслом.\n4. Уложите в казан слоями: мясо, лук, морковь и капуста. Влейте воду и потушите на среднем огне минут 40. Затем добавьте мелко нарезанный картофель, а сверху выложите слоями сочни. Накройте казан крышкой и тушите на маленьком огне еще минут 15. Готовый жаппасай выложите на большое глубокое блюдо, аккуратно перевернув казан.\n','2018-08-22 06:01:35',2349,148.64,107.41,313.61,8,1,NULL),(112,'Куырдак','https://www.nur.kz/1604681-kuyrdak-po-kazakhski.html\n\nКуырдак — это традиционная еда у народов Центральной Азии. По сути, это жаркое из мяса и субпродуктов. В различных вариантах блюда как гарнир  используют картофель, рис, зеленый горох.\nМы же будем рассматривать национальный казахский рецепт куырдака. В качестве мяса здесь используют сердце, легкие и печень барашка.\nИз посуды понадобится: объемный казан, большая ложка или деревянная лопатка, разделочная доска и острый нож.','1. Порежьте сердце, легкие и печень на кубики размером 2–3 см.\n2. Разогрейте казан и налейте масло подсолнечное. \n3. Закидываем легкие и сердце. Печень нужно придержать, так как она готовится быстрее.\n4. Режем лук кольцами, помидоры — дольками и добавляем к мясу. Тщательно все перемешиваем.\n5. Далее шинкуем петрушку с чесноком и отправляем в казан. Солим, перчим и снова перемешиваем.\n6. Полчаса тушим на среднем огне.\n7. За эти 30 минут измельчаем картошку и вместе с печенью засыпаем в казан. После этого нужно долить 150 мл воды и добавить огня.\nБлюдо считается готовым, как только приготовится картофель.\nГлавное в приготовлении — не пережарить мясо. Для этого следите за количеством жидкости в казане. Если видите, что сок из продуктов быстро выкипает, снизьте интенсивность огня и долейте воды. Скорее подавайте куырдак на стол, пока не остыл. Его хорошо запивать чаем. ','2018-08-22 07:53:54',1703,144.52,70.98,104.8,8,1,NULL),(113,'Картофель тушеный с мясом','Картофель с мясом, тушеный с луком и морковью - самое популярное и самое народное блюдо, которым можно вкусно и сытно накормить и семью, и гостей.\n','Ребрышки вымыть, разрезать на порционные кусочки, посолить, поперчить.\nРастопить в толстостенной сковороде или казане сливочное масло. Выложить ребрышки.\nРебрышки пожарить на масле на среднем огне до готовности, периодически переворачивая (около 20-25 минут).\nТем временем очистить картофель, вымыть при необходимости, разрезать на части.\nОчистить и вымыть лук и морковь. Лук нарезать кубиками. Морковь натереть на крупной терке или нарезать тонкой соломкой.\nОчищенный и разрезанный на части картофель залить водой и поставить вариться. Варить до готовности на среднем огне (около 20 минут).\nКогда мясо будет готово, выложить его из сковороды. В том же жире обжарить мелко нарезанные лук и морковь. Обжаривать на среднем огне, помешивая, 2-3 минуты.\nС отварного картофеля слить воду.\nОтварной картофель выложить в казанок (или сковороду) с овощами, добавить мясо, соль, перец лавровый лист. Тушить 1-2 минуты.\nКартофель тушеный с мясом готов.\n','2018-08-22 08:04:39',1765,78.48,208.08,182.37,8,1,NULL),(114,'Куриные маффины','Таня Бутько','Отварить филе.\nПорезать на куски.\nНатереть сыр.\nВключить духовку нагреваться при 180°С.\nМолоко, хлопья и яйца перемешать до однородной консистенции.\nНарезать зелень.\nСмешать курицу, 3/4 зелени, половину смеси и сыра.\nЛожкой выложить получившуюся смесь в формы для выпекания кексом. \nСверху долить яично-молочной смесью и посыпать оставшейся зеленью.\nВыпекать в духовке 20 минут.\n','2018-08-22 08:10:03',711,137.77,48.41,33.16,4,1,NULL),(115,'Куриный пирог-запеканка','Таня Бутько','Филе отварить.\nПоставить духовку нагреваться при 200°С.\nКуриное филе нарезать мелкими кубиками.\nВ миску разбить яйца, добавить муку, молоко, соль и приправы и все тщательно перемешать.\nДолжно получиться негустое тесто\nВ смесь положить курицу и перемешать.\nНатереть сыр и большую часть добавить в тесто.\nХорошо перемешать и переложить в форму для выпекания.\nВыпекать при 200°С 35-40 минут.\nСверху посыпать сыром.\n','2018-08-22 08:14:41',710,115.88,47.25,45.48,8,1,NULL),(116,'Лапша для лагмана','https://pandaland.kz/articles/idei-dlya-doma/eda/lagman-recept-klassicheskij','Возьмите глубокую миску. Смешайте в ней воду и соль, тщательно перемешайте.\nДобавьте к воде яйца и взбейте венчиком.\nТеперь добавьте муку, замесите однородное тесто.\nПосле того, как закончили приготовление теста, заверните его в полотенце, смоченное холодной водой. Оставьте в таком виде на час.\nЗа этот час тесто нужно будет обмять как минимум 3 раза, примерно каждые 20 минут.\nПо истечении времени тесто должно быть ровным и гладким.\nБерем вторую глубокую миску, в ней смешиваем полстакана воды и пол чайной ложки соли и соды. Помешиваем воду до полного растворения соли и соды.\nЗатем начинаем втирать в тесто соленую воду –смачиваем руки и обтираем тесто, крутим и переминаем. Именно за счет этого этапа тесто становится эластичным.\nПосле начинаем вытягивать тесто в жгут, отрезая небольшими кусочками – примерно по 3 см в диаметре.\nКаждый кусочек смазываем в масле. Накрываем заготовки влажным полотенцем, оставляем примерно на 10 минут.\nЗатем смазываем руки маслом и раскатываем из кусочков полоски толщиной с указательный палец.\nВыкладываем на смазанную маслом доску, вновь накрываем полотенцем. Держим около 15-20 минут в таком состоянии.\nДо классической толщины лапши колбаски правильнее растягивать руками, но можно и раскатать на доске.\nПолучившиеся ломтики сворачиваем в спираль и оставляем на 10 мин.\nЗатем опять растягиваем в колбаску, вновь сворачиваем оставляем на 10 минут. Эту процедуру нужно повторить около 2-3-х раз.\nЗатем вытягиваем лапшу до классической толщины, растягивая на пальцах рук. Оставляем под влажным полотенцем на 20 минут.\nНаконец, пришло время варки. В кипящей подсоленной воде проварить около 2-х минут. Лапша готова к употреблению.\nЕсли у вас нет времени на все эти этапы, можно просто раскатать тесто пластом и нарезать лентами толщиной в 3 см.','2018-08-22 08:20:21',1592,105.98,71.95,749.78,6,1,NULL),(117,'Лагман','https://pandaland.kz/articles/idei-dlya-doma/eda/lagman-recept-klassicheskij\n\nЛагман – одно из самых любимых блюд многих казахстанских семей. Стоит отметить, что рецепт имеет множество вариаций, но классический способ приготовления особенно популярен. ','1. Почистите лук и мелко нашинкуйте его.\n2. Обжарьте его в глубокой сковороде с разогретым маслом.\n3. Нарежьте мясо мелкими кубиками, добавьте в сковороду к луку. Жарьте при сильном огне примерно 5-7 минут, активно помешивая.\n4. Подготовьте остальные овощи: нарежьте кубиками морковь, сладкий перец, сельдерей и помидоры.\n5. Добавьте к мясу нарезанную морковь, сельдерей и томатную пасту, убавьте огонь и жарьте около 10 минут.\n6. Затем добавьте на сковороду нарезанные перец и помидоры. Жарьте около 5 минут на слабом огне.\n7. Нарежьте кубиками очищенный картофель и добавьте к обжаренным мясу и овощам.\n8. Залейте содержимое сковороды 2 стаканами воды, начинайте тушить.\n9. Специи желательно добавлять после того, как залили смесь водой. Накройте крышкой и дотушите около 10-20 минут.','2018-08-22 08:31:19',3139,144.33,135.95,597.32,8,1,NULL),(118,'Лазанья','https://www.russianfood.com/recipes/recipe.php?rid=134858','Готовим соус бешамель. В глубокой сковороде растопить сливочное масло (60 г), добавить муку и, интенсивно помешивая, влить частями горячее молоко, приправить солью и мускатным орехом, довести до закипания, выключить.\nРепчатый лук мелко режем, морковь натираем на терке.\nГотовим соус болоньезе. В глубокой сковороде обжариваем лук на сливочном масле до полуготовности, добавляем к нему морковь, жарим около 5 минут.\nЗатем добавляем фарш, посыпаем солью и перцем, хорошо перемешиваем. Жарим на слабом огне еще около 10 минут.\nДалее добавляем томатный соус и томатную пасту. Перемешиваем и готовим еще 10 минут.\nНа дно формы выложить часть соуса бешамель. Укладываем на него лист лазаньи, затем выкладываем часть соуса болоньезе. Поверх заливаем частью соуса бешамель и посыпаем тертым пармезаном.\nПовторяем слои лазаньи до тех пор, пока все ингредиенты не будут использованы.\nВерхний слой листа лазаньи поливаем соусом бешамель и посыпаем пармезаном. Запекаем лазанью около 40 минут при 180-190 градусах до образования золотистой корочки.\nГотовую лазанью вынимаем из духовки, даем постоять минут 10, а затем нарезаем на порции. Украшаем и наслаждаемся!\n','2018-08-22 11:31:47',1949,179.92,147.52,281.67,8,1,NULL),(119,'Пластины для лазаньи','https://www.russianfood.com/recipes/recipe.php?rid=78270','Подготовить продукты.\nЯйца слегка взбить.\nВ миску всыпать муку, добавить соль, перемешать. Сделать в середине углубление.\nВылить в углубление яичную массу.\nИз муки, яиц, соли и, при необходимости, небольшого количества воды (0,5 ст. ложки) замесить мягкое эластичное тесто.\nСобрать его в ком, накрыть влажным полотенцем или марлей и оставить на 1 ч.\nСтол или доску посыпать мукой.\nТесто тонко раскатать порциями на доске, посыпанной мукой. Толщина теста должна быть 1-2 мм.\nВырезать из него коржи размером 15x7 см (или другого, нужного Вам размера).\nПодсушить коржи 10-15 минут.\nИз данного количества теста получается 8-10 коржей размером 15 на 7 см.\nВ широкую кастрюлю налить воду. Добавить соль и растительное масло.\nПодсоленную воду с растительным маслом довести до кипения и варить в ней пластины по 3-4 шт. до полуготовности (3-4 минуты).\nРазложить пластины для лазаньи на салфетке или на полотенце для просушки.\nКоржи для лазаньи готовы к использованию.\nКоржи, приготовленные по этому рецепту, лучше использовать сразу же. Но, при необходимости, их можно заморозить впрок.\n','2018-08-23 04:39:32',500,48.57,38.58,225.87,6,1,NULL),(120,'Макароны по-флотски','https://www.gastronom.ru/recipe/14679/makarony-po-flotski','Отварить макароны согласно инструкции на упаковке.\nОчистить лук и чеснок.\nЛук мелко нарезать, чеснок раздавить. \nВ сковороде разогреть масло и обжарить овощи, 5 мин.\nПоложить фарш и готовить 10–12 мин., разминая комочки лопаткой.\nДобавить томатную пасту, размешать и прогреть, 2 мин. \nВлить 0,5 стакана горячей воды, посолить и поперчить по вкусу, тушить 5 мин.\nМакароны откинуть на дуршлаг и переложить в сковороду к фаршу, готовить все вместе 5 мин. \n','2018-08-23 04:42:59',1067,139.62,84.62,233.11,8,1,NULL),(121,'Манты с мясом и тыквой','https://webspoon.ru/receipt/manty-s-tykvojj-i-govyadinojj','Приготовим тесто. Для этого возьмём воду, муку, яйцо и соль.\nИз всех составляющих замесить мягкое, эластичное тесто. Возможно, понадобится чуть больше муки на подсыпку, но тесто должно получиться мягким и однородным. Оставить тесто под полотенцем, пока готовится начинка.\nДля начинки нам понадобится говядины, мелко нарезанная на кубики (можно фарш); свежая сладкая тыква, репчатый лук, соль, специи. Ещё я добавила в фарш острый стручковый перец.\nТыкву нарезать мелким кубиком, помельче. Но тёрку применять не рекомендуется.\nВ удобной ёмкости смешать мясной фарш, тонко нарезанный полукольцами лук, острый перец и тыкву. Посолить по вкусу, добавить зиру и хорошенько перемешать руками.\nТесто разделить на части и каждую часть тонко раскатать. Разрезать тесто на равные квадраты.\nВ центр каждого квадрата выложить начинку и залепить в форме мантов.\nДонышко каждой мантышки макать в растительное масло и выкладывать на решётку мантоварки. Варить манты на пару 40-45 минут.\nМы сварили сразу только 2 яруса, остальные отправили в морозилку.\nК мантам подать кисломолочный чесночный соус с зеленью. Я смешиваю кислое молоко, сметану, рубленую зелень и 1 зубчик чеснока, слегка солю и соус готов.\nГорячие манты подать сразу же к столу. \n','2018-08-23 04:56:11',1913.5,125.1,56.06,408.39,8,1,NULL),(122,'Мясо по-французски','https://www.russianfood.com/recipes/recipe.php?rid=124593','Перчим и солим фарш.\nДля соуса смешиваем сметану с раздавленным чесноком и нарезанной зеленью, по желанию можно поперчить.\nКартофель и помидоры нарезаем тонкими кружочками, лук - кольцами или полукольцами.\nКартофель поливаем маслом, солим, перчим, добавляем свои специи по вкусу.\nФорму для запекания смазываем маслом. Выкладываем в форму один слой картофеля - у меня это была примерно половина картофеля, но если у вас широкая форма, то картофель выложите весь, и будет только один слой. Смазываем картофель соусом.\nСверху распределяем половину нарезанного лука.\nДалее выкладываем отбитое мясо и снова смазываем соусом.\nСверху выкладываем равномерным слоем оставшийся картофель, смазываем его соусом.\nВыкладываем оставшийся лук и помидоры. Посыпаем нарезанной зеленью.\nОтправляем мясо по-французски с картофелем в разогретую до 200-210 градусов духовку примерно на 30-40 минут.\nНатираем сыр, распределяем его сверху и запекаем мясо по-французски с картофелем еще 10-15 минут.\n','2018-08-23 05:00:14',1710,142.48,109.84,116.82,8,1,NULL),(123,'Паста с морепродуктами','https://www.youtube.com/watch?v=iCyUFuSqPTY 02:40 Olya Pins','Порубить чеснок.\nОтварить спагетти по инструкции.\nНатереть сыр.\nОбжарить полминуты чеснок.\nДобавить морепродукты.\nЗалить все сливками.\nПосыпать мускатным орехом и солью.\nДовести до кипения.\nУменьшить огонь и тушить минут 5-7.\nДобавить натертый сыр.\nК соусу и морепродуктам добавить спагетти.\nПеремешать и оставить на плите 1-2 минуты, после чего можно подавать на стол.\n','2018-08-23 05:19:23',331.5,39.28,17.5,6.64,8,1,NULL),(124,'Пастуший пирог','https://www.gastronom.ru/recipe/5538/pastushij-pirog-shepherds-pie-zapekanka-iz-kartofelya-i-baranego-farsha','Овощи очистить. Картофель нарезать крупными кусками, лук – кубиками, морковь – тонкой соломкой. Чеснок измельчить.\nКартофель отварить в кипящей подсоленной воде до готовности. Воду слить, картофель размять в пюре. \nДобавить масло, кориандр и соль, перемешать. \nДать немного остыть, после чего добавить яйцо и еще раз перемешать. Накрыть и отставить.\nВ сковороде разогреть оставшееся масло, обжарить лук, морковь и чеснок, 2–3 мин. Добавить фарш, перемешать и готовить на среднем огне, разминая ложкой комки, 6–7 мин.\nСлить из сковороды излишки масла. Добавить обжаренную на сухой сковороде до золотистого цвета муку и готовить 1 мин. Влить бульон, размешать, довести до кипения и готовить 1 мин. Уменьшить огонь и тушить 10 мин. За 4 мин. до окончания добавить зеленый горошек.\nСыр натереть на крупной терке. Картофельное пюре переложить в кулинарный мешок.\nРазогреть духовку до 190 °С. Поместить фарш в форму для выпечки, сверху с помощью кулинарного мешка выложить слой картофельного пюре, посыпать сыром и запекать 50–60 мин.\n','2018-08-23 05:27:01',2033.5,156.4,94.8,194.44,8,1,NULL),(125,'Дрожжевое тесто','https://www.nur.kz/1028099-recept-idealnogo-drozhzhevogo-testa-v.html\n\nПошаговый рецепт дрожжевого теста обычно известен каждой хозяйке и не сильно отличается в пропорциях или методах приготовления. Как правило, дрожжевое тесто для пирогов отличается только количеством сахара и выбором в добавлении или масла или маргарина.','Нужно смешать стакан теплого молока с пачкой дрожжей и подождать минут 15. За это время дрожжи растворятся в молоке и начнут бродить. Так же важно знать, что добавлять нужно мягкое сливочное масло. Если вы забыли его заранее достать, то масло можно растопить либо на паровой бане, либо поставить в микроволновку.\n\nДалее добавляем яйца, масло, муку, сахар и остальные секретные ингредиенты имеющиеся в запасе у любой женщины. Не забудьте просеять муку, чтобы ваша выпечка получилась пышнее.  Тесто должно отдохнуть по времени от одного часа до двух. Для этого нужно накрыть емкость с тестом полотенцем и поставить его в темное, теплое помещение.  Многие советуют после первого часа немного «помять» тесто, чтобы насытить его кислородом и оно лучше поднималось. Так же не стоит забывать о том, что при процессе брожения нужно вести себя тихо, чтобы не «испугать» тесто.  После соблюдения всех ритуалов можно начинать работу с выпечкой.','2018-08-23 06:23:13',944.5,60.15,104.1,473.37,6,1,NULL),(126,'Пирог из курицы и картофеля',NULL,'Тесто подержать в тепле 1,5 часа.\nВ этом время мелко порезать курицу, луквоицу и картофель.\nИх перемешать, посолить, поперчить, добавить приправу для курицы и растительное масло.\nТесто разделить на 2/3 и 1/3 части.\nПротивень духовки смазать растительным маслом.\n2/3 теста раскататать по размеру противня.\nВыложить на тесто начинку. Сверху накрыть 1/3 теста и защипать.\nсделать надрезы ножом.\nВыпекать 40 минут при 200 градусах.\n','2018-08-23 07:11:28',2209,255.85,154.77,557.1,8,1,NULL),(127,'Плов','Секреты вкусного плова\n\n* Морковь нужно резать длинной соломкой и ни в коем случае не тереть. Не бойтесь переборщить с длиной, чем длиннее соломка, тем вкуснее плов.\n* Лучшая посуда для плова — толстая чугунная кастрюля, глубокая и толстая сковорода, чугунный казан. В любом варианте – с плотно прилегающей крышкой.\n* Соль и специи лучше всего добавлять в середине приготовления зирвака (так восточные народы называют «заправку» из мяса, моркови и лука).\n* как бы вам не хотелось открыть крышку и заглянуть в кастрюлю, не делайте этого, пока не велит рецепт. И ни в коем случае не смешивайте мясо с рисом в кастрюле в процессе приготовления, только перед подачей!\n* Если вы не торопитесь, заверните кастрюлю с пловом в одеяло и оставьте на 30-60 минут – он станет еще вкуснее.\n','1. В раскаленное раст.масло положить лук, нарезанный полукольцами. Обжарить до золотистого цвета.\n2. Добавить крупно нарезанную говядину (кубиками)\n3. Положить крупно нарезанную морковь (брусками). Добавить соль и хорошенько обжарить.\n4. Залить кипяченной водой, так, чтобы покрыть морковь на 3-4 см. Уменьшить огонь и варить зирвак (так называется бульон плова) на медленном огне. По своему опыту могу сказать, что чем дольше варится зирвак, тем вкуснее и ароматней плов.\n5. Рис - самый важный компонент. Следует покупать сорта потверже, такие как девзира, кунжара. Но, не знаю есть ли такие сорта в России, так что берите длиннозерновой. Замачивать его не обязательно, по крайней мере я этого не делаю,т.к наша семья любит рассыпчатый плов. Хорошенько переберите его и промойте.\n6. Внимание! Прежде, чем засыпать рис в казан, попробуйте зирвак на предмет соли. Её должно быть больше, чем вы обычно кладете в суп. Т.е. пересолено, т.к рис впитывает в себя соль. В противном случае плов будет пресным.\n7. Засыпаем равномерно рис и аккуратно наливаем кипяченную воду так, чтоб покрыло на 2 см. Делаем огонь побольше и ждем пока рис впитает в себя воду. После делаем луночки в рисе до самого дна казана. Я делаю ручкой деревянной ложки в 5-6 местах. Это для того, чтобы вода быстрее всосалась и зирвак не подгорел. Смотрим на содержимое в лунках, не забывая периодически протыкать их. Если содержимая в них жидкость мутная, значит вода еще полностью не выкипела, а если жидкость поблескивает - это масло. Значит, можно смело уменьшить огонь до минимума, рис собрать в горку, сверху посыпать зирой и закрыть крышкой.\n8. Засекаем время - 20 мин.(это по правилам). Но я даю плову постоять на маленьком огне 15 мин. выключаю, хорошенько его перемешиваю и снова даю постоять теперь уже 10 мин.\n','2018-08-23 07:18:18',600,113.4,74.4,0,8,0,NULL),(128,'Плов','Секреты вкусного плова\n\n* Морковь нужно резать длинной соломкой и ни в коем случае не тереть. Не бойтесь переборщить с длиной, чем длиннее соломка, тем вкуснее плов.\n* Лучшая посуда для плова — толстая чугунная кастрюля, глубокая и толстая сковорода, чугунный казан. В любом варианте – с плотно прилегающей крышкой.\n* Соль и специи лучше всего добавлять в середине приготовления зирвака (так восточные народы называют «заправку» из мяса, моркови и лука).\n* как бы вам не хотелось открыть крышку и заглянуть в кастрюлю, не делайте этого, пока не велит рецепт. И ни в коем случае не смешивайте мясо с рисом в кастрюле в процессе приготовления, только перед подачей!\n* Если вы не торопитесь, заверните кастрюлю с пловом в одеяло и оставьте на 30-60 минут – он станет еще вкуснее.\n','1. В раскаленное раст.масло положить лук, нарезанный полукольцами. Обжарить до золотистого цвета.\n2. Добавить крупно нарезанную говядину (кубиками)\n3. Положить крупно нарезанную морковь (брусками). Добавить соль и хорошенько обжарить.\n4. Залить кипяченной водой, так, чтобы покрыть морковь на 3-4 см. Уменьшить огонь и варить зирвак (так называется бульон плова) на медленном огне. По своему опыту могу сказать, что чем дольше варится зирвак, тем вкуснее и ароматней плов.\n5. Рис - самый важный компонент. Следует покупать сорта потверже, такие как девзира, кунжара. Но, не знаю есть ли такие сорта в России, так что берите длиннозерновой. Замачивать его не обязательно, по крайней мере я этого не делаю,т.к наша семья любит рассыпчатый плов. Хорошенько переберите его и промойте.\n6. Внимание! Прежде, чем засыпать рис в казан, попробуйте зирвак на предмет соли. Её должно быть больше, чем вы обычно кладете в суп. Т.е. пересолено, т.к рис впитывает в себя соль. В противном случае плов будет пресным.\n7. Засыпаем равномерно рис и аккуратно наливаем кипяченную воду так, чтоб покрыло на 2 см. Делаем огонь побольше и ждем пока рис впитает в себя воду. После делаем луночки в рисе до самого дна казана. Я делаю ручкой деревянной ложки в 5-6 местах. Это для того, чтобы вода быстрее всосалась и зирвак не подгорел. Смотрим на содержимое в лунках, не забывая периодически протыкать их. Если содержимая в них жидкость мутная, значит вода еще полностью не выкипела, а если жидкость поблескивает - это масло. Значит, можно смело уменьшить огонь до минимума, рис собрать в горку, сверху посыпать зирой и закрыть крышкой.\n8. Засекаем время - 20 мин.(это по правилам). Но я даю плову постоять на маленьком огне 15 мин. выключаю, хорошенько его перемешиваю и снова даю постоять теперь уже 10 мин.\n','2018-08-23 07:18:19',2043,163.03,239.14,525.24,8,1,NULL),(129,'Диетическая пицца','https://www.youtube.com/channel/UC3wsKn63g9rPNqCI1aVMupQ/videos','Отварить филе.\nСмешать йогурт, молоко, масло и муку.\nРасскатать получившееся тесто.\nФиле нарезать мелкими кусками и положить поверх теста.\nНарезать помидоры, укроп и шампиньоны и также выложить на пиццу.\nНатереть сыр.\nВыпекать при 180°С 20-25 минут.\nЗа 5 минут до готовности посыпать пиццу сыром.\n','2018-08-23 07:29:55',1195,155.31,48.05,60.12,8,1,NULL),(130,'Фаршированный перец',NULL,'Перец помыть и удалить семена. \nМорковь и лук почистить, затем помыть. \nЛук нарезать мелкими кубиками. \nМорковь натереть на терке.\nРис отварить в течение 7 минут до полуготовности и добавить к фаршу.\nЛук и морковь вместе обжарить на растительном масле и добавить к фаршу.\nПосолить, поперчить.\nТщательно перемешать: начинка готова!\nЗаполнить перец фаршем. Старайтесь плотно утрамбовать начинку.\nФаршированный перец сложить в кастрюлю.\nВ стакане смешать томат-пасту со сметаной.\nВлить воду, добавить соль (1 ч. ложка).\nДобавить специи (1 ч. ложка) и хорошо перемешать.\nЗалить перец подготовленной смесью.\nЗатем влить еще 1 стакан воды.\nПоставить кастрюлю на огонь, довести до кипения и готовить на небольшом огне примерно 30 минут. Затем снять с огня и оставить еще на 10 минут.\nБолгарский перец, фаршированный мясом и рисом, готов.\n','2018-08-23 07:38:50',4209,229.22,118.21,336.58,8,1,NULL),(131,'Дольки картофеля в духовке','http://allrecipes.ru/recept/5522/--------------------------.aspx\n\nЛучше любой картошки-фри или обычной жареной картошки, не надо над ней стоять, мешать, даже чистить совсем не обязательно! Луковую и чесночную приправу можно заменить вашей любимой приправой, например Прованские травы.','Духовку поставить разогреваться на 220°С.\nСыр натереть.\nКартофель промыть, если не будете чистить, можно слегка пройтись щеткой, если на шкурке остались частички земли. Разрезать вдоль на 8 длинных долек.\nВ миске или кастрюле смешать масло, приправы, соль, перец и пармезан. Перемешать, добавить картошку и помешать, чтобы картошка покрылась маслом или приправами. Если кастрюля с крышкой - можно накрыть и тщательно потрясти, чтобы все перемешалось быстренько.\nВыложите картофель на противень, смазывать не обязательно\nЗапекайте в предварительно разогретой духовке, пока картофель не будет легко протыкаться вилкой, около 25 минут, до золотистой корочки.\n','2018-08-23 08:24:32',950,142,163.9,80.5,2,1,NULL),(132,'Картофельно-грибная запеканка',NULL,'1. Грибы вымойте и нарежьте. Луковицу почистите и нашинкуйте. Всё вместе обжарьте в растительном масле, посолив по вкусу.\n2. Сыр натрите на терке. Добавьте к нему сметану и майонез, измельченный чеснок. Хорошенько перемешайте.\n3. Очищенную картошку нарежьте как можно тоньше — для того, чтобы она не осталась сырой при запекании.\n4. Посуду для запекания смажьте маслом, влейте немного воды и выложите половину картофеля первым слоем. Посолите и поперчите.\n5. Смажьте сырной смесью. Покройте грибами. Выложите вторую часть картофеля.\n6. Распределите оставшуюся сырную массу. Готовьте в духовом шкафу при 250°C около 30 минут. В конце по желанию добавьте зелень.\n','2018-08-23 08:31:17',1247,33.13,34.24,116.75,8,1,NULL),(133,'Запеченные кабачки с помидорами',NULL,'Помидоры нарезать на четвертинки.\nЛуковицу нарезать кольцами.\nЧеснок измельчить.\nСыр натереть.\nБазилик порезать.\nКабачки нарезать пополам вдоль, затем нарезать ломтиками по 1 см. Более зрелые - почистить от семян, нарезать ломтиками.\nПоставить духовку разогреваться при 230°С. Слегка смажать форму для выпечки.\nСмешать кабачки, помидоры, лук, чеснок и красный перец в подготовленной форме для выпечки. \nПолить оливковым маслом, приправить солью и перцем и хорошо перемешать.\nПоставьте в предварительно разогретую духовку. Запекайте около 20 минут, пока овощи не станут мягкими и слегка не подрумянятся.\nДостать из двуховки, посыпать сыром и базиликом.\n','2018-08-23 08:38:53',2669.5,68.27,89.04,115.75,3,1,NULL),(134,'Грибные котлеты','arbuz.kz\n\nПриятные грибные котлетки могут заменить мясные во время поста.\n','Промыть и отварить рис.\nНарезать кубиками лук и грибы.\nМелко порубить чеснок.\nНа сковороде без масла обжарить лук и чеснок, добавить грибы и дать постоять 7-10 минут.\nДобавить рис.\nСнять с огня и дать остыть.\nИз получившейся смеси сформировать котлетки, обвалить в муке и отварить.\n','2018-08-23 08:46:45',853,43.13,7.34,224.52,8,1,NULL),(135,'Картофельные зразы с грибами',NULL,'1. Картофель очистите, нарежьте кусочками, отварите до готовности в подсоленной воде. Слейте воду, добавьте яйцо и сливочное масло, приготовьте пюре.\n2. Лук мелко покрошите. Грибы обмойте и нарежьте небольшими кубиками или брусочками.\n3. Сначала обжарьте немного лук, затем добавьте грибы, посолите и жарьте до готовности. Переместите грибы в дуршлаг, дайте жидкости стечь.\n4. С 1 столовой ложки, приготовленного ранее картофельного пюре, сформируйте лепешку. \n5. В средину положите порцию грибов. Оберните начинку в картофель, образовав \"котлетку\".\n6. Обваляйте картофельные зразы с грибами в муке.\n7. Жарьте на среднем огне до золотистой корки.\n','2018-08-23 08:50:00',1013,32.47,78.61,153.63,8,1,NULL),(136,'Морковный гарнир',NULL,'Морковь помыть, почистить и нарезать кружочками.\nОпустить морковь в кипящую подсоленную воду и варить 6 минут.\nИзмельчить чеснок и петрушку.\nСлить воду через дуршлаг и промыть морковь холодной водой.\nСмешать сок половины лимона, оливковое масло, зиру, сладкую паприку, соль, перец и измельченный чеснок.\nЛистья петрушки добавить в соус.\nХорошо перемешать морковь с соусом. \nПоставить в холодильник минимум на 2 часа. А лучше на ночь!\n','2018-08-23 08:56:07',421,5.65,10.46,29.1,3,1,NULL),(137,'Мусака по-гречески','http://www.dompovarov.ru/vtorye-bljuda/musaka-po-grecheski-s-baklazhanami/','Лук и чеснок очистить, мелко порезать, обжарить в растительном масле 5-7 мин.\nФарш выложить на сковороду, обжаривать еще 10 мин. \nПомидоры вымыть, протереть, чтобы получилась кашица, затем добавить к фаршу и луку. Вместе с тем положить гвоздику, кориандр, соль и перец. Тушить 15 мин.\nБаклажаны вымыть, очистить, нарезать кружками, присыпать солью и оставить на 10 мин, чтобы ушла горечь. Затем промыть их водой и обсушить салфетками.\nОбжарить баклажаны в растительном масле с двух сторон. Выложить на салфетку, чтобы убрать лишнее масло.\nВ форму уложить половину обжаренных баклажанов, так чтобы один кружок немного находил на другой. Сверху выложить половину фарша. Затем — второй слой баклажанов и фарша. Разровнять поверхность.\nВ небольшой кастрюле разогреть сливочное масло, высыпать муку, готовить, помешивая, 5 мин. Молоко подогреть, добавить яйцо ,перемешать, а затем вылить в кастрюлю к муке и маслу. Помешивать 5 минут. Пармезан натереть на терке, зелень мелко порубить, добавить в соус. Хорошо перемешать и снять с огня.\nСмазать готовым соусом поверхность мусаки. Запекать мусаку с баклажанами 20-25 минут при температуре 200 С. Перед подачей мусаку по-гречески рекомендуется немного остудить, чтобы проще разделить на порции.','2018-08-23 09:07:53',2661,260.41,160.09,128.61,8,1,NULL),(138,'Овощи по-провански',NULL,'Помидоры, кабачки и баклажаны тщательно промыть и нарезать кружочками. \nПосыпать и перемешать с солью и специями.\nПосуду для запекания смазать маслом. \nУложить кружки в посуду для запекания, чередуя друг с другом кружочки кабачков, помидоров и сыр.\nЧеснок мелко порубить. \nДля заливки смешать масло, соль, перец, базилик и чеснок. \nПриготовленной смесью полить овощи.\nЗапекать в духовке до готовности. \nСыр натереть.\nПосыпать готовое блюдо и оставить в духовке еще на минуты 3.\n Готовое блюдо посыпать зеленью!\n','2018-08-23 09:17:38',1779.5,33.95,76.08,76.21,3,1,NULL),(139,'Лодочки из баклажанов',NULL,'Баклажаны разрезать вдоль, при этом сохранив плодоножку. Отварить их в кипящей подсоленной воде около 15-20 минут. Откинуть на дуршлаг и дать остыть.\nНатереть сыр. \nПорубить зелень и чеснок. \nВ миске перемешать натертый на сыр, творог, яйцо, петрушку, базилик, чеснок и укроп, а так же специи. Из половинок баклажанов вынуть с помощью ложки немного мякоти и добавить ее в сырную массу, перемешать.\nНачинить половинки баклажанов сырной начинкой и отправить в разогретую до 180°С духовку на 30 минут. \n','2018-08-23 09:22:11',1363.5,108.98,74.22,46.38,3,1,NULL),(140,'Оладьи из кабачков',NULL,'Кабачки пропустить через мясорубку или натереть на мелкой терке. \nДобавить яйцо, затем муку, хорошо перемешать.\nВыкладывать столовой ложкой на хорошо разогретую сковороду с антипригарным покрытием (без масла). \nГотовить с обеих сторон. \nПри подаче полить натуральным йогуртом.\n','2018-08-23 09:27:53',530,18.49,10.2,84.87,3,1,NULL),(141,'Рататуй',NULL,'1. Перец запекаем в духовке при температуре 180-190 градусов примерно полчаса, чтобы кожица начала чернеть. Остывший перец очищаем и нарезаем кубиками.\n2. Лук нарезаем мелко.\n3. 350 г. помидоров очищаем от кожицы, для чего опускаем их в кипяток на полминуты. Затем также нарезаем кубиками.\n4. Лук обжариваем на сковороде с растительным маслом.\n5. Добавляем перец, готовим около 3-х минут.\n6. Примерно через 3 минуты добавляем помидоры, солим. Готовим около 7 минут, чтобы соус немного загустел.\n7. Затем с помощью блендера делаем соус однородным.\n8. Равномерно выкладываем соус в форму или сковороду.\n9. Баклажаны нарезаем тонкими кружочками. (Чтобы баклажаны не горчили, можно их посолить, оставить на полчаса, потом промыть и отжать.)\n10. Кабачки и 500 г. помидоров нарезаем кружочками.\n11. Теперь выкладываем овощи в форму поочередно, полностью заполняя форму.\n12. Для заправки мелко нарезаем зелень и измельчаем чеснок.\n13. Перемешиваем масло с зеленью и чесноком, солим, перчим по вкусу.\n14. Поливаем овощи приготовленной заправкой.\n15. Форму накрываем, ставим в духовку и запекаем рататуй примерно час или чуть дольше, до готовности овощей.\n','2018-08-23 09:30:43',2441.5,27.47,3.91,122.8,3,1,NULL),(142,'Рис с кукурузой и помидорами',NULL,'1. Варим в подсоленной воде рис.\n2. В это время готовим овощи: сливаем воду с кукурузы, нарезаем кубиками помидоры и мелко нарезаем лук.\n3. Натираем на крупной тёрке твёрдый сыр и нарезаем петрушку.\n4. Готовый рис обжариваем на сливочном масле.\n5. Добавляем к рису лук, помидоры и кукурузу, тушим 5-10 минут.\n6. Солим, перчим, посыпаем сыром, перемешиваем и украшаем зеленью.\n','2018-08-23 09:35:49',1340.5,60.46,30.39,264.96,2,1,NULL),(143,'Рис с мятой','arbuz.kz\n\nРазнообразить привычную кухню поможет рис на кокосовом молоке приправленный мятой. Такой гарнир подойдет как к мясным, так и к рыбным блюдам.\n','На маленьком огне довести до кипения молоко с водой.\nДобавить рис.\nПосолить.\nУбавить огонь и накрыть крышкой.\nВарить примерно 15 минут.\nЗатем дать настояться еще 5 минут.\nПеред подачей смешать с рубленой мятой.\n','2018-08-23 09:38:49',640,18.48,31.36,166.4,2,1,NULL),(144,'Зеленая фасоль с шампиньонами',NULL,'Шампиньоны нарезать половинками, лук четвертькольцами.\nВыложить в сковороду все ингредиенты, сбрызнуть соевым соусом, потушить до готовности (недолго, чтобы курица осталась сочной, а фасоль хрустящей).\nПеред подачей можно сбрызнуть оливковым маслом, но необязательно.\nСолить не надо.\nПри необходимости можно добавить немного воды, но вообще, сока от продуктов и соевого соуса вполне достаточно.\nДля такого тушения идеально подходит сковорода вок.\n','2018-08-23 09:40:48',535,13.76,2.1,23.05,3,1,NULL),(145,'Цветная капуста под сырным соусом',NULL,'Капусту разобрать на соцветия и отварить до размягчения (но не переваривать) окоо 5 минут в слегка подсоленной воде. Сразу слить воду и выложить капусту в форму для запекания.\nСделать соус: в кастрюльку налить сливки.\nДобавить соль, муку и перемешать.\nПотихоньку добавлять молоко, постоянно помешивая, чтобы не получилось комков.\nПродолжать готовить на медленном огне, помешивая, до загустения.\nВ конце добавить половину сыра и размешать.\nКогда сыр расплавится, сразу снять с огня.\nвылить соус на капусту в форме и посыпать оставшимся сыром. Выпекать 30-40 минут при 180°С.\n','2018-08-23 09:47:54',1090,52.7,39,86.45,3,1,NULL),(146,'Чечевичные котлеты','arbuz.kz \n\nВкусные, сытные и, главное, полезные котлетки. Такой рецепт поможет разбавить серость меню в постные дни.\n','На ночь замочить чечевицу.\nУтром слить воду и измельчить чечевицу в блендере.\nМелко порезать капусту и морковь.\nСоединить овощи с чечевицей и мукой.\nСформировать котлеты.\nОбжарить с двух сторон на антипригарной сковороде .\n','2018-08-23 09:51:49',365,30.69,2.09,108.33,8,1,NULL),(147,'Котлеты по-киевски','https://www.edimdoma.ru/retsepty/48691-nazad-v-sssr-kotlety-po-kievski\n\nГарнир: \nломтики обжаренного картофеля \nзелёный горошек','Сливочное масло смешать с рублеными травами. Посолить и поперчить его. Выложить на пищевую плёнку и убрать в морозильник.\nПодрезать филе вдоль, но не до конца. Раскрыть филе.\nОтбить филе плоской частью молоточка или ручкой ножа до толщины 2-3 мм. Можно предварительно накрыть филе плёнкой. Отбивать аккуратно,чтобы не разорвать филе. Если всё-таки мясо повредилось, то можно закрыть образовавшиеся дырки отбитым малым филе.\nМасло разделить на два брусочка и выложить на край филе. Подвернуть края филе так, чтобы косточка торчала наружу. Свернуть отбитое филе в рулет.\nОбвалять котлету в муке.\nЗатем в яйце.\nИ наконец в сухарях. Повторить процедуру с яйцом и сухарями ещё раз. Положить котлеты на морозоустойчивую доску и убрать в морозильник на 10-15 минут.\nВ толстостенной посуде разогреть растительное масло. Подмороженные котлеты, периодически переворачивая, обжарить во фритюре на медленном огне. Если филе не удалось отбить очень тонко, есть вероятность, что котлеты не прожарятся во фритюре. В этом случае переложите котлеты в жаропрочную форму и поставьте в духовку, нагретую до 160*С на 10-15 минут.\nПодавать котлеты немедленно с обжаренным картофелем и зелёным горошком. Косточку в котлете можно прикрыть бумажной папильоткой. ','2018-08-23 11:19:36',1095,203.22,115.35,86.3,4,1,NULL),(148,'Куриные котлеты по-французски','https://www.youtube.com/watch?v=4M6sD3cc3uM Таня Бутько','Нарезать лук.\nНарезать филе мелкими кубиками.\nПосолить, поперчить мясо.\nДобавить яйца, сметану, муку, лук.\nПеремешать.\nПолучившуюся смесь ложкой выкладывать на предварительно разогретую сковородку.\n','2018-08-23 11:25:21',1170.5,225.6,42.33,41.6,4,1,NULL),(149,'Куриные котлеты \"Нежность\"',NULL,'Куриное филе нарезаем кубиками. Сильно мельчить не надо.\nСыр нарезаем такими же кубиками, либо меньшего размера.\nЕсли решили добавить лук, то его нужно мелко нарезать.\nДобавляем кефир, крахмал, соль и специи\nСоли кладите меньше, чем обычно - сам сыр уже \"дает соль\"\nТеперь все нужно перемешать и добавить мелко рубленную зелень\nЖарить нужно на среднем огне.\nМожно выкладывать ложкой как оладьи, а можно и так\nКотлетки жарятся очень быстро.\n','2018-08-23 11:28:53',1109,189.75,72.21,84.24,4,1,NULL),(150,'Куриные котлеты с отрубями',NULL,'Куриное филе нарезать средними кусочками, чтобы удобно было сделать фарш.\nМясо измельчить в блендере или мясорубке.\nРазбить в фарш яйцо.\nДобавить овсяные отруби, соль и перец по вкусу.\nХорошо перемешать.\nСформировать котлеты и обжарить на грили или на сковороде без масла.\n','2018-08-23 11:32:59',373,79.53,10.99,8.54,4,1,NULL),(151,'Куриные крылышки',NULL,NULL,'2018-08-23 12:00:55',1015,175.79,109.8,49.45,4,1,NULL),(152,'Куриные наггетсы','https://eda.ru/recepty/osnovnye-blyuda/domashnie-kurinie-naggetsi-35017','·         1. Куриное филе нарезать ломтиками 3 см, посолить, поперчить.\n·         2. Яйца разбить в миску, взбить до однородной консистенции.\n·         3. Обвалять кусочки филе в муке.\n·         4. Обмакнуть кусочки филе, обваленные в муке, в яйцо.\n·         5. Запанировать в сухарях.\n·         6. В глубокой сковороде хорошо разогреть растительное масло. Выложить запанированные кусочки курицы на сковороду. Растительное масло должно полностью покрывать наггетсы.\n·         7. Обжарить ломтики филе. Делать это со всех сторон и до золотистой корочки!\n·         8. Выложить на бумажные полотенца, чтобы удалить излишки жира.\n','2018-08-24 05:05:02',855,141.71,100.9,90.62,4,1,NULL),(153,'Куриные шашлычки','https://www.youtube.com/watch?v=6VAaAHOGfsk   07:52','Для маринада:\nМелко нарезать зубчик чеснока.\nКак можно мельче нарезать петрушку.\nСмешать чеснок и петрушку.\nК ним добавить лимонный сок, горчицу, соевый соус, оливковое масло и всё это перемешать.\nПо желанию можно добавить специи для шашлыка.\nКуриное филе нарезать крупными кубиками.\nОтправить в маринад на несколько часов.\nМясо нанизать на деревянные шпажки.\nРазогреть духовку до 200°С.\nВыпекать шашлычки 20 минут.\n','2018-08-24 05:26:29',621,118.75,16.59,27.12,4,1,NULL),(154,'Курица по-летучевски','https://www.youtube.com/watch?v=0uR4g4LnJY0','В 2 стакана воды добавить 2 чайной ложки соли и специи по вкусу, а также влить соевый соус.\nФиле обмыть, нарезать небольшими кусочками.\nКурицу положить в маринад.\nОставить в холодильнике на ночь.\nНа следующий день курицу обжарить на сковороде или гриле по 2-3 минуты с каждой стороны.\n','2018-08-24 05:31:58',1259.5,185.78,9.6,16.13,4,1,NULL),(155,'Курица по-гавайски',NULL,'Мясо вымыть, осушить салфеткой. Противень смазать растительным маслом.\nКуриное филе разрезать тонко пополам. Слегка отбить. Уложить на противень. Посолить, поперчить\nАнанасы порезать на среднего размера куски.\nСверху выложить консервированные кусочками ананасы.\nСверху посыпать тертым на крупной терке сыром.\nЗапекать курицу с ананасами в духовке 15-20 минут.\n','2018-08-24 05:46:45',1582,234.1,82.88,87.41,4,1,NULL);
/*!40000 ALTER TABLE `dishes` ENABLE KEYS */;
UNLOCK TABLES;

--
-- Table structure for table `dishes_dish_types`
--

DROP TABLE IF EXISTS `dishes_dish_types`;
/*!40101 SET @saved_cs_client     = @@character_set_client */;
/*!40101 SET character_set_client = utf8 */;
CREATE TABLE `dishes_dish_types` (
  `dish_id` bigint(20) NOT NULL,
  `dish_type_id` bigint(20) NOT NULL,
  PRIMARY KEY (`dish_id`,`dish_type_id`),
  UNIQUE KEY `dishes_id_dish_types_id_uindex` (`dish_id`,`dish_type_id`),
  KEY `dishes_dish_types_dish_types_id_fk` (`dish_type_id`),
  CONSTRAINT `dishes_dish_types_dish_types_id_fk` FOREIGN KEY (`dish_type_id`) REFERENCES `dish_types` (`id`),
  CONSTRAINT `dishes_dish_types_dishes_id_fk` FOREIGN KEY (`dish_id`) REFERENCES `dishes` (`id`)
) ENGINE=InnoDB DEFAULT CHARSET=utf8;
/*!40101 SET character_set_client = @saved_cs_client */;

--
-- Dumping data for table `dishes_dish_types`
--

LOCK TABLES `dishes_dish_types` WRITE;
/*!40000 ALTER TABLE `dishes_dish_types` DISABLE KEYS */;
INSERT INTO `dishes_dish_types` VALUES (43,1),(44,1),(45,1),(46,1),(47,1),(48,1),(49,1),(50,1),(51,1),(52,1),(53,1),(54,1),(55,1),(56,1),(57,1),(58,1),(66,1),(67,1),(68,1),(69,1),(71,1),(72,1),(93,1),(101,1),(125,1),(47,2),(49,2),(50,2),(52,2),(57,2),(65,2),(66,2),(67,2),(68,2),(69,2),(70,2),(71,2),(72,2),(101,2),(41,3),(42,3),(59,3),(60,3),(61,3),(62,3),(63,3),(64,3),(74,3),(75,3),(76,3),(77,3),(78,3),(79,3),(80,3),(81,3),(82,3),(83,3),(84,3),(85,3),(86,3),(87,3),(88,3),(89,3),(90,3),(91,3),(92,3),(94,3),(95,3),(96,3),(97,3),(98,3),(99,3),(100,3),(101,3),(102,3),(103,3),(104,3),(105,3),(106,3),(107,3),(108,3),(109,3),(110,3),(111,3),(112,3),(113,3),(114,3),(115,3),(116,3),(117,3),(118,3),(119,3),(120,3),(121,3),(122,3),(123,3),(124,3),(125,3),(126,3),(127,3),(128,3),(129,3),(130,3),(131,3),(132,3),(133,3),(134,3),(135,3),(136,3),(137,3),(138,3),(139,3),(140,3),(141,3),(142,3),(143,3),(144,3),(145,3),(146,3),(147,3),(148,3),(149,3),(150,3),(151,3),(152,3),(153,3),(154,3),(155,3),(40,4),(47,4),(51,4),(52,4),(57,4),(65,4),(66,4),(67,4),(68,4),(69,4),(70,4),(71,4),(72,4),(101,4),(41,5),(42,5),(59,5),(60,5),(61,5),(62,5),(63,5),(64,5),(74,5),(75,5),(76,5),(77,5),(78,5),(79,5),(80,5),(81,5),(82,5),(83,5),(84,5),(85,5),(86,5),(87,5),(88,5),(89,5),(90,5),(91,5),(92,5),(94,5),(95,5),(96,5),(97,5),(98,5),(99,5),(100,5),(101,5),(102,5),(103,5),(104,5),(105,5),(106,5),(107,5),(108,5),(109,5),(110,5),(111,5),(112,5),(113,5),(114,5),(115,5),(116,5),(117,5),(118,5),(119,5),(120,5),(121,5),(122,5),(123,5),(124,5),(125,5),(126,5),(127,5),(128,5),(129,5),(130,5),(131,5),(132,5),(133,5),(134,5),(135,5),(136,5),(137,5),(138,5),(139,5),(140,5),(141,5),(142,5),(143,5),(144,5),(145,5),(146,5),(147,5),(148,5),(149,5),(150,5),(151,5),(152,5),(153,5),(154,5),(155,5),(66,6),(73,6);
/*!40000 ALTER TABLE `dishes_dish_types` ENABLE KEYS */;
UNLOCK TABLES;

--
-- Table structure for table `dishes_ingredients`
--

DROP TABLE IF EXISTS `dishes_ingredients`;
/*!40101 SET @saved_cs_client     = @@character_set_client */;
/*!40101 SET character_set_client = utf8 */;
CREATE TABLE `dishes_ingredients` (
  `id` bigint(20) NOT NULL AUTO_INCREMENT,
  `dish_id` bigint(20) NOT NULL,
  `ingredient_id` bigint(20) NOT NULL,
  `weight` float NOT NULL,
  `unit_type_id` bigint(20) NOT NULL,
  `unit_type_amount` double NOT NULL,
  PRIMARY KEY (`id`),
  UNIQUE KEY `dishes_ingredients_id_uindex` (`id`),
  UNIQUE KEY `dish_id_ingr_id_uindex` (`dish_id`,`ingredient_id`),
  KEY `dishes_ingredients_ingredients_id_fk` (`ingredient_id`),
  KEY `dishes_ingredients_unit_types_id_fk` (`unit_type_id`),
  CONSTRAINT `dishes_ingredients_dishes_id_fk` FOREIGN KEY (`dish_id`) REFERENCES `dishes` (`id`),
  CONSTRAINT `dishes_ingredients_ingredients_id_fk` FOREIGN KEY (`ingredient_id`) REFERENCES `ingredients` (`id`),
  CONSTRAINT `dishes_ingredients_unit_types_id_fk` FOREIGN KEY (`unit_type_id`) REFERENCES `unit_types` (`id`)
) ENGINE=InnoDB AUTO_INCREMENT=1409 DEFAULT CHARSET=utf8;
/*!40101 SET character_set_client = @saved_cs_client */;

--
-- Dumping data for table `dishes_ingredients`
--

LOCK TABLES `dishes_ingredients` WRITE;
/*!40000 ALTER TABLE `dishes_ingredients` DISABLE KEYS */;
INSERT INTO `dishes_ingredients` VALUES (167,44,23,170,5,1),(168,44,49,100,1,4),(169,44,94,400,5,2),(170,44,135,40,1,2),(171,44,356,400,5,2),(337,60,306,7,4,7),(338,60,79,500,4,500),(339,60,307,380,6,4),(340,60,304,16,6,4),(341,60,297,5,4,5),(342,60,301,75,6,1),(343,60,305,580,6,4),(344,60,203,100,4,100),(345,60,201,25,1,1),(346,60,355,0,8,0),(347,60,176,30,1,3),(408,64,10,25,1,1),(409,64,79,500,4,500),(410,64,369,0,6,2),(411,64,367,0,8,0),(412,64,201,25,1,1),(413,64,355,0,8,0),(414,64,175,34,1,2),(415,64,301,75,6,1),(416,64,356,300,5,1.5),(417,64,292,75,6,1),(418,64,114,20,1,1),(431,67,141,55,6,1),(432,67,262,220,6,2),(437,68,262,220,6,2),(438,68,117,200,4,200),(439,68,141,110,6,2),(440,68,49,25,1,1),(441,68,370,7,2,1),(447,70,98,400,4,400),(448,70,276,100,4,100),(449,71,94,1000,4,1000),(450,71,98,120,4,120),(451,71,52,7,2,1),(452,71,50,7,2,1),(453,71,371,150,6,3),(474,74,10,50,1,2),(475,74,376,100,4,100),(476,74,367,0,8,0),(477,74,375,1500,4,1500),(478,74,141,55,6,1),(479,74,355,0,8,0),(480,74,311,500,6,0.5),(488,75,287,200,4,200),(489,75,176,20,1,2),(490,75,141,55,6,1),(491,75,71,700,4,700),(492,75,367,0,8,0),(493,75,355,0,8,0),(494,76,355,0,8,0),(495,76,23,170,5,1),(496,76,356,400,5,2),(497,77,356,1000,4,1000),(498,77,355,0,8,0),(499,77,57,100,4,100),(500,78,356,1000,4,1000),(501,78,58,100,5,0.5),(502,78,355,0,8,0),(503,79,355,0,8,0),(504,79,59,100,4,100),(505,79,356,1000,4,1000),(506,80,355,0,8,0),(507,80,60,100,4,100),(508,80,356,1000,4,1000),(509,81,367,0,8,0),(510,81,175,85,1,5),(511,81,301,150,6,2),(512,81,355,0,8,0),(513,81,201,25,1,1),(514,81,286,800,4,800),(515,81,292,75,6,1),(516,82,355,0,8,0),(517,82,29,200,5,1),(518,82,356,600,5,3),(519,83,31,185,5,1),(520,83,356,600,5,3),(521,83,355,0,8,0),(522,84,356,800,5,4),(523,84,44,200,5,1),(524,84,355,0,8,0),(525,85,355,0,8,0),(526,85,356,400,5,2),(527,85,33,140,5,1),(528,86,30,200,5,1),(529,86,355,0,8,0),(530,86,356,400,5,2),(532,87,355,0,8,0),(533,87,45,200,5,1),(534,87,356,800,5,4),(538,88,46,200,5,1),(539,88,176,10,1,1),(540,88,356,400,5,2),(541,88,355,0,8,0),(550,89,356,1000,5,5),(551,89,42,185,5,1),(552,89,355,0,8,0),(553,90,43,200,5,1),(554,90,355,0,8,0),(555,90,356,500,5,2.5),(558,91,34,200,5,1),(559,91,355,0,8,0),(560,91,356,400,5,2),(561,92,356,500,5,2.5),(562,92,377,145,5,1),(563,92,355,0,8,0),(564,93,356,300,5,1.5),(565,93,355,0,8,0),(566,93,94,300,5,1.5),(567,93,24,150,5,1),(568,94,291,1000,4,1000),(569,94,356,1000,4,1000),(570,94,355,0,8,0),(571,95,94,100,5,0.5),(572,95,355,0,8,0),(573,95,291,1500,4,1500),(574,95,135,50,4,50),(578,96,291,600,6,6),(579,96,175,40,5,0.25),(580,96,355,0,8,0),(581,97,286,300,4,300),(582,97,175,85,1,5),(583,97,201,75,1,3),(584,97,356,100,5,0.5),(585,97,291,200,6,2),(586,97,301,75,6,1),(587,97,292,75,6,1),(588,97,355,0,8,0),(589,98,355,0,8,0),(590,98,379,80,4,80),(591,99,355,0,8,0),(592,99,291,1000,4,1000),(593,99,175,320,5,2),(596,100,63,80,4,80),(597,100,355,0,8,0),(598,100,356,300,5,1.5),(613,102,355,0,8,0),(614,102,301,75,6,1),(615,102,304,8,6,2),(616,102,176,10,1,1),(617,102,310,400,6,2),(618,102,232,50,10,1),(619,102,230,1,10,1),(620,102,305,290,6,2),(621,102,306,20,6,1),(622,103,376,50,4,50),(623,103,355,0,8,0),(624,103,117,100,5,0.5),(625,103,141,110,6,2),(626,103,290,150,4,150),(627,103,248,50,4,50),(628,103,287,150,4,150),(629,104,307,400,4,400),(630,104,287,500,4,500),(631,104,233,0,8,0),(632,104,304,8,6,2),(633,104,176,20,1,2),(634,104,380,5,2,1),(635,105,176,20,1,2),(636,105,230,1,10,1),(637,105,355,0,8,0),(638,105,45,200,5,1),(639,105,292,250,4,250),(640,105,304,8,6,2),(641,105,287,500,4,500),(642,105,370,50,4,50),(643,106,304,8,6,2),(644,106,307,190,6,2),(645,106,315,300,4,300),(646,106,355,0,8,0),(647,106,176,10,1,1),(648,106,305,290,6,2),(649,107,256,240,6,1),(650,107,307,95,6,1),(651,108,201,25,1,1),(652,108,301,50,4,50),(653,108,355,0,8,0),(654,108,176,20,1,2),(655,108,28,200,4,200),(656,108,228,50,4,50),(657,108,286,1000,4,1000),(659,109,301,75,6,1),(660,109,10,25,1,1),(661,109,175,34,1,2),(662,109,292,75,6,1),(663,109,114,20,1,1),(664,109,369,0,6,1),(665,109,79,500,4,500),(666,109,355,0,8,0),(667,109,201,10,2,1),(668,109,356,300,5,1.5),(670,110,367,3.5,2,0.5),(671,110,286,400,4,400),(672,110,355,0,8,0),(673,110,292,75,6,1),(674,110,307,285,6,3),(675,110,263,330,6,2),(676,110,291,1000,4,1000),(677,110,382,3.5,2,0.5),(678,110,310,400,6,2),(679,110,301,75,6,1),(680,110,79,1000,4,1000),(681,110,383,3.5,2,0.5),(682,110,381,3.5,2,0.5),(683,110,175,34,1,2),(685,111,79,500,4,500),(686,111,292,500,4,500),(687,111,355,0,8,0),(688,111,201,25,1,1),(689,111,175,34,1,2),(690,111,301,75,6,1),(691,111,141,55,6,1),(692,111,10,260,5,2),(693,111,286,500,4,500),(694,111,291,300,6,3),(695,111,356,100,5,0.5),(697,112,369,0,6,2),(698,112,175,48,5,0.3),(699,112,291,500,4,500),(700,112,367,0,8,0),(701,112,301,150,6,2),(702,112,230,1,10,1),(703,112,386,300,4,300),(704,112,385,300,4,300),(705,112,307,200,4,200),(706,112,304,4,6,1),(707,112,384,200,4,200),(709,113,301,150,6,2),(710,113,292,75,6,1),(711,113,135,40,1,2),(712,113,291,1000,4,1000),(713,113,355,0,8,0),(714,113,369,0,6,2),(715,113,387,500,4,500),(716,113,367,0,8,0),(731,115,94,150,4,150),(732,115,71,300,4,300),(733,115,355,0,8,0),(734,115,141,110,6,2),(735,115,376,100,4,100),(736,115,10,50,4,50),(758,117,356,400,5,2),(759,117,292,75,6,1),(760,117,307,190,6,2),(761,117,291,300,6,3),(762,117,299,250,6,1),(763,117,304,8,6,2),(764,117,301,225,6,3),(765,117,201,50,1,2),(766,117,355,0,8,0),(767,117,175,51,1,3),(768,117,389,1000,4,1000),(769,117,305,290,6,2),(770,117,79,300,4,300),(783,118,292,75,6,1),(784,118,367,0,8,0),(785,118,396,450,4,450),(786,118,301,75,6,1),(787,118,394,120,4,120),(788,118,355,22,2,2),(789,118,134,90,4,90),(790,118,10,60,4,60),(791,118,393,250,4,250),(792,118,395,7,2,1),(793,118,94,800,4,800),(795,119,356,18,1,1),(796,119,355,0,8,0),(797,119,141,165,6,3),(798,119,10,300,4,300),(799,119,175,17,1,1),(801,120,396,600,4,600),(802,120,175,34,1,2),(803,120,60,300,4,300),(804,120,355,0,8,0),(805,120,304,8,6,2),(806,120,301,75,6,1),(807,120,201,50,1,2),(809,121,141,55,6,1),(810,121,381,3.5,2,0.5),(811,121,79,350,4,350),(812,121,356,300,5,1.5),(813,121,312,400,4,400),(814,121,355,0,8,0),(815,121,301,350,4,350),(816,121,10,455,5,3.5),(818,122,355,0,8,0),(819,122,367,0,8,0),(820,122,304,8,6,2),(821,122,291,500,4,500),(822,122,396,500,4,500),(823,122,301,150,6,2),(824,122,114,100,5,0.5),(825,122,376,150,4,150),(826,122,307,285,6,3),(827,122,175,17,1,1),(835,123,355,0,8,0),(836,123,397,200,4,200),(837,123,395,3.5,2,0.5),(838,123,304,8,6,2),(839,123,376,20,4,20),(840,123,117,100,4,100),(842,124,292,150,6,2),(843,124,399,7,2,1),(844,124,400,10.5,2,1.5),(845,124,398,300,4,300),(846,124,301,75,6,1),(847,124,353,50,4,50),(848,124,141,55,6,1),(849,124,394,100,4,100),(850,124,291,700,4,700),(851,124,10,65,5,0.5),(852,124,396,500,4,500),(853,124,304,4,6,1),(854,124,175,17,1,1),(856,125,10,550,4,550),(857,125,135,80,1,4),(858,125,355,5.5,2,0.5),(859,125,175,34,1,2),(860,125,401,25,4,25),(861,125,49,50,1,2),(862,125,94,200,5,1),(864,126,291,300,6,3),(865,126,175,34,1,2),(866,126,71,800,4,800),(867,126,402,1000,4,1000),(868,126,301,75,6,1),(869,126,355,0,8,0),(870,127,79,600,4,600),(908,128,381,0,8,0),(909,128,28,600,4,600),(910,128,355,0,8,0),(911,128,382,0,8,0),(912,128,301,75,6,1),(913,128,292,600,4,600),(914,128,304,8,6,2),(915,128,79,600,4,600),(916,128,175,160,5,1),(918,128,403,0,8,0),(946,129,98,50,4,50),(947,129,13,50,4,50),(948,129,229,50,10,1),(949,129,376,100,4,100),(950,129,307,285,6,3),(951,129,94,50,4,50),(952,129,176,10,1,1),(953,129,71,500,4,500),(954,129,228,100,4,100),(956,130,367,0,8,0),(957,130,305,2610,6,18),(958,130,28,200,5,1),(959,130,301,150,6,2),(960,130,355,0,8,0),(961,130,396,1000,4,1000),(962,130,114,40,1,2),(963,130,292,150,6,2),(964,130,175,34,1,2),(965,130,201,25,1,1),(966,41,114,150,4,150),(967,41,301,75,6,1),(968,41,79,500,4,500),(969,41,10,25,1,1),(970,41,355,5,4,5),(971,41,356,150,4,150),(972,41,201,10,4,10),(973,40,355,16.5,2,1.5),(974,40,175,50,4,50),(975,40,10,700,4,700),(976,40,94,200,5,1),(977,40,1,10,4,10),(978,40,356,200,5,1),(979,40,49,10,2,1),(980,43,355,0.5,4,0.5),(981,43,175,10,2,2),(982,43,141,110,6,2),(983,45,135,40,1,2),(984,45,49,100,1,4),(985,45,35,70,5,1),(986,45,94,400,5,2),(987,45,355,0.5,4,0.5),(1015,53,49,100,1,4),(1016,53,356,400,5,2),(1017,53,25,180,1,6),(1018,53,94,400,5,2),(1019,53,135,20,1,1),(1020,54,28,200,5,1),(1021,55,362,200,5,1),(1022,55,94,500,5,2.5),(1023,55,49,100,1,4),(1024,55,135,20,1,1),(1025,55,355,5.5,2,0.5),(1026,56,356,400,5,2),(1027,56,94,200,5,1),(1028,56,32,200,5,1),(1029,56,49,100,1,4),(1030,56,135,20,1,1),(1036,58,141,110,6,2),(1037,58,175,5,2,1),(1038,58,355,0,8,0),(1039,58,35,32,1,2),(1040,59,176,10,1,1),(1041,59,210,20,1,1),(1042,59,355,22,2,2),(1043,59,304,8,6,2),(1044,59,363,20,1,1),(1045,59,364,7,2,1),(1046,59,79,600,4,600),(1048,131,394,400,4,400),(1049,131,355,0,8,0),(1050,131,291,500,6,5),(1051,131,176,50,1,5),(1053,132,114,150,4,150),(1054,132,301,75,6,1),(1055,132,291,600,4,600),(1056,132,405,400,4,400),(1057,132,304,12,6,3),(1058,132,176,10,1,1),(1059,132,367,0,8,0),(1060,132,355,0,8,0),(1061,133,394,150,4,150),(1062,133,233,50,10,1),(1063,133,304,12,6,3),(1064,133,176,40,1,4),(1065,133,311,2000,6,2),(1066,133,307,380,6,4),(1067,133,301,37.5,6,0.5),(1069,134,301,75,6,1),(1070,134,355,0,8,0),(1071,134,367,0,8,0),(1072,134,10,78,5,0.6),(1073,134,228,500,4,500),(1074,134,28,200,5,1),(1076,135,301,75,6,1),(1077,135,10,65,5,0.5),(1078,135,228,150,4,150),(1079,135,355,0,8,0),(1080,135,291,600,4,600),(1081,135,175,68,1,4),(1082,135,367,0,8,0),(1083,135,141,55,6,1),(1085,136,364,3.5,2,0.5),(1086,136,370,20,4,20),(1087,136,355,0,8,0),(1088,136,367,0,8,0),(1089,136,292,375,6,5),(1090,136,176,10,1,1),(1091,136,230,1,10,1),(1092,136,304,8,6,2),(1093,136,381,3.5,2,0.5),(1102,137,304,8,6,2),(1103,137,134,40,1,2),(1104,137,367,0,8,0),(1105,137,94,300,5,1.5),(1106,137,310,600,6,3),(1107,137,394,150,4,150),(1108,137,396,1000,4,1000),(1109,137,141,55,6,1),(1110,137,301,150,6,2),(1111,137,399,3.5,2,0.5),(1112,137,230,1,10,1),(1113,137,408,3.5,2,0.5),(1114,137,307,285,6,3),(1115,137,355,0,8,0),(1116,137,10,65,5,0.5),(1118,138,355,0,8,0),(1119,138,311,1000,6,1),(1120,138,233,50,10,1),(1121,138,310,200,6,1),(1122,138,304,16,6,4),(1123,138,376,80,4,80),(1124,138,307,380,6,4),(1125,138,367,0,8,0),(1126,138,176,50,4,50),(1127,138,364,3.5,2,0.5),(1139,139,376,200,4,200),(1140,139,233,25,10,0.5),(1141,139,109,250,4,250),(1142,139,355,0,8,0),(1143,139,230,0.5,10,0.5),(1144,139,141,55,6,1),(1145,139,310,800,6,4),(1146,139,304,8,6,2),(1147,139,229,25,10,0.5),(1148,139,367,0,8,0),(1149,140,10,75,1,3),(1150,140,141,55,6,1),(1151,140,311,300,4,300),(1152,140,98,100,4,100),(1153,140,355,0,8,0),(1155,141,230,0.5,10,0.5),(1156,141,304,16,6,4),(1157,141,311,500,4,500),(1158,141,310,500,4,500),(1159,141,301,200,4,200),(1160,141,305,350,4,350),(1161,141,355,0,8,0),(1162,141,307,850,4,850),(1163,141,367,0,8,0),(1164,141,229,25,10,0.5),(1165,142,307,500,4,500),(1166,142,301,150,6,2),(1167,142,352,340,4,340),(1168,142,28,250,4,250),(1169,142,367,0,8,0),(1170,142,376,100,4,100),(1171,142,230,0.5,10,0.5),(1172,142,355,0,8,0),(1174,143,138,200,5,1),(1175,143,355,0,8,0),(1176,143,356,200,5,1),(1177,143,235,40,10,1),(1178,143,28,200,5,1),(1184,144,301,75,6,1),(1185,144,355,0,8,0),(1186,144,203,10,2,2),(1187,144,315,300,4,300),(1188,144,228,150,4,150),(1190,145,376,100,4,100),(1191,145,117,40,1,2),(1192,145,355,0,8,0),(1193,145,10,50,1,2),(1194,145,290,700,4,700),(1195,145,94,200,5,1),(1197,146,367,0,8,0),(1198,146,10,65,5,0.5),(1199,146,292,100,4,100),(1200,146,286,100,4,100),(1201,146,46,100,4,100),(1202,146,355,0,8,0),(1214,147,230,10,4,10),(1215,147,141,55,6,1),(1216,147,229,10,4,10),(1217,147,355,0,8,0),(1218,147,175,80,5,0.5),(1219,147,71,800,4,800),(1220,147,2,60,1,4),(1221,147,134,30,4,30),(1222,147,367,0,8,0),(1223,147,10,50,1,2),(1225,148,367,0,8,0),(1226,148,229,25,10,0.5),(1227,148,10,50,1,2),(1228,148,71,800,4,800),(1229,148,141,275,6,5),(1230,148,355,0,8,0),(1231,148,230,0.5,10,0.5),(1232,148,114,20,1,1),(1234,149,355,0,8,0),(1235,149,175,34,1,2),(1236,149,376,100,4,100),(1237,149,230,5,4,5),(1238,149,301,75,6,1),(1239,149,71,700,4,700),(1240,149,20,90,1,3),(1241,149,104,100,5,0.5),(1242,149,229,5,4,5),(1243,150,141,55,6,1),(1244,150,355,0,8,0),(1245,150,367,0,8,0),(1246,150,358,18,1,2),(1247,150,71,300,4,300),(1248,42,356,400,5,2),(1249,42,28,200,5,1),(1250,42,355,11,2,1),(1260,46,158,15,4,15),(1261,46,357,60,4,60),(1262,46,94,100,5,0.5),(1263,46,161,15,4,15),(1264,46,146,10,4,10),(1265,46,148,10,4,10),(1266,46,109,200,4,200),(1275,47,263,165,6,1),(1276,47,276,80,4,80),(1277,47,358,27,1,3),(1278,47,148,40,4,40),(1279,47,359,400,4,400),(1280,47,151,40,4,40),(1281,49,141,110,6,2),(1282,49,49,50,1,2),(1283,49,360,6,6,1),(1284,49,158,80,4,80),(1285,49,109,400,4,400),(1286,49,25,60,1,2),(1287,50,49,50,1,2),(1288,50,35,80,1,5),(1289,50,109,400,4,400),(1290,50,158,80,4,80),(1291,50,360,6,6,1),(1292,50,141,110,6,2),(1296,52,262,110,6,1),(1297,52,94,200,5,1),(1298,52,35,64,1,4),(1299,51,94,200,4,200),(1300,51,263,165,6,1),(1301,51,35,50,4,50),(1302,51,361,4,2,0.5),(1303,57,155,80,4,80),(1304,57,10,75,1,3),(1305,57,109,400,4,400),(1306,57,49,80,5,0.5),(1307,57,141,110,6,2),(1308,65,84,200,4,200),(1309,65,219,180,6,1),(1310,65,230,0,8,0),(1311,65,229,0,8,0),(1312,63,301,375,6,5),(1313,63,355,0,8,0),(1314,63,10,260,5,2),(1315,63,141,110,6,2),(1316,63,80,1300,4,1300),(1317,62,28,200,5,1),(1318,62,201,75,1,3),(1319,62,286,4000,6,2),(1320,62,79,1000,4,1000),(1321,62,292,150,6,2),(1322,62,301,150,6,2),(1323,62,355,0,8,0),(1324,62,175,25.5,1,1.5),(1325,61,301,150,6,2),(1326,61,304,8,6,2),(1327,61,356,400,5,2),(1328,61,318,240,6,3),(1329,61,201,50,1,2),(1330,61,355,0,8,0),(1331,61,79,500,4,500),(1332,61,291,1000,4,1000),(1333,69,109,500,4,500),(1334,69,25,60,1,2),(1335,69,275,500,4,500),(1336,69,52,3.5,2,0.5),(1337,69,141,165,6,3),(1338,66,161,30,4,30),(1339,66,109,100,4,100),(1340,66,98,15,4,15),(1341,66,146,20,4,20),(1342,73,104,200,5,1),(1343,72,158,100,4,100),(1344,72,372,23,6,1),(1345,72,355,0,8,0.5),(1346,72,374,2.5,2,0.5),(1347,72,10,150,4,150),(1348,72,104,200,5,1),(1349,72,49,25,1,1),(1350,72,141,55,6,1),(1351,101,256,480,6,2),(1352,101,346,350,4,350),(1353,101,355,0,8,0),(1354,101,370,40,1,2),(1355,114,35,50,4,50),(1356,114,376,100,4,100),(1357,114,141,110,6,2),(1358,114,230,1,10,1),(1359,114,71,400,4,400),(1360,114,94,50,4,50),(1361,116,141,110,6,2),(1362,116,356,400,5,2),(1363,116,355,30,1,1),(1364,116,10,1000,4,1000),(1365,116,175,48,5,0.3),(1366,116,8,4,2,0.5),(1367,151,69,900,4,900),(1368,151,203,115,5,0.5),(1369,48,355,0,8,0),(1370,48,305,72.5,6,0.5),(1371,48,301,37.5,6,0.5),(1372,48,141,165,6,3),(1373,48,175,5,2,1),(1374,48,307,95,6,1),(1376,152,355,0,8,0),(1377,152,10,65,5,0.5),(1378,152,141,110,6,2),(1379,152,367,0,8,0),(1380,152,71,500,4,500),(1381,152,94,50,4,50),(1382,152,2,50,5,0.5),(1383,152,175,80,5,0.5),(1384,153,230,30,4,30),(1385,153,71,500,4,500),(1386,153,210,7,2,1),(1387,153,176,10,1,1),(1388,153,304,4,6,1),(1389,153,203,50,1,2),(1390,153,370,20,1,1),(1397,154,355,22,2,2),(1398,154,369,0,6,2),(1399,154,367,0,8,0),(1400,154,71,800,4,800),(1401,154,203,37.5,1,1.5),(1402,154,356,400,5,2),(1403,155,175,17,1,1),(1404,155,355,0,8,0),(1405,155,367,0,8,0),(1406,155,71,800,4,800),(1407,155,376,200,4,200),(1408,155,410,565,6,1);
/*!40000 ALTER TABLE `dishes_ingredients` ENABLE KEYS */;
UNLOCK TABLES;

--
-- Table structure for table `genders`
--

DROP TABLE IF EXISTS `genders`;
/*!40101 SET @saved_cs_client     = @@character_set_client */;
/*!40101 SET character_set_client = utf8 */;
CREATE TABLE `genders` (
  `id` bigint(20) NOT NULL AUTO_INCREMENT,
  `code` varchar(255) NOT NULL,
  `name` varchar(255) NOT NULL,
  PRIMARY KEY (`id`),
  UNIQUE KEY `genders_id_uindex` (`id`)
) ENGINE=InnoDB AUTO_INCREMENT=3 DEFAULT CHARSET=utf8;
/*!40101 SET character_set_client = @saved_cs_client */;

--
-- Dumping data for table `genders`
--

LOCK TABLES `genders` WRITE;
/*!40000 ALTER TABLE `genders` DISABLE KEYS */;
INSERT INTO `genders` VALUES (1,'MALE','Male'),(2,'FEMALE','Female');
/*!40000 ALTER TABLE `genders` ENABLE KEYS */;
UNLOCK TABLES;

--
-- Table structure for table `ingredients`
--

DROP TABLE IF EXISTS `ingredients`;
/*!40101 SET @saved_cs_client     = @@character_set_client */;
/*!40101 SET character_set_client = utf8 */;
CREATE TABLE `ingredients` (
  `id` bigint(20) NOT NULL AUTO_INCREMENT,
  `name` varchar(255) NOT NULL,
  `protein` float NOT NULL,
  `fat` float NOT NULL,
  `carbohydrate` float NOT NULL,
  `category_id` bigint(20) NOT NULL,
  `is_allergic` tinyint(4) NOT NULL DEFAULT '0',
  `glycemic_index` float NOT NULL DEFAULT '0',
  `active` tinyint(4) NOT NULL DEFAULT '1',
  PRIMARY KEY (`id`),
  UNIQUE KEY `ingredients_id_uindex` (`id`),
  KEY `ingredients_ingredients_category_id_fk` (`category_id`),
  CONSTRAINT `ingredients_ingredients_category_id_fk` FOREIGN KEY (`category_id`) REFERENCES `ingredients_categories` (`id`)
) ENGINE=InnoDB AUTO_INCREMENT=411 DEFAULT CHARSET=utf8;
/*!40101 SET character_set_client = @saved_cs_client */;

--
-- Dumping data for table `ingredients`
--

LOCK TABLES `ingredients` WRITE;
/*!40000 ALTER TABLE `ingredients` DISABLE KEYS */;
INSERT INTO `ingredients` VALUES (1,'Дрожжи сухие',12.7,2.7,0,2,0,0,1),(2,'панировочные сухари',9.7,1.9,77.6,2,1,0,1),(3,'пектин',0,0,89.6,2,0,0,1),(4,'желатин',87.2,0.4,0.8,2,0,0,1),(5,'мак',17.5,47.5,2,2,0,0,1),(6,'краситель пищевой',0,0,0,2,0,0,1),(7,'лимонная кислота',0,0,0,2,0,0,1),(8,'сода и разрыхлитель',0,0,0,2,0,0,1),(9,'марципан',6.8,21.2,65.3,2,0,0,1),(10,'пшеничная мука',9.2,1.2,74.9,3,1,0,1),(11,'миндальная мука',20.1,39.5,13.5,3,1,0,1),(12,'кукурузная мука',7.2,1.5,70.2,3,1,0,1),(13,'ржаная мука',9,1,73,3,1,0,1),(14,'рисовая мука',7.4,0.6,82,3,1,0,1),(15,'амарантовая мука',8.9,1.7,61.7,3,1,0,1),(16,'соевая мука',36.5,18.6,17.9,3,1,0,1),(17,'льняная мука',36,10,9,3,1,0,1),(18,'гороховая цельносмолотая мука',21,2,49,3,1,0,1),(19,'овсяная мука',13,6.8,64.9,3,1,0,1),(20,'крахмал картофельный    ',0.1,0,79.6,3,0,0,1),(21,'чечевичная мука цельносмолотая',28,1,56,3,1,0,1),(22,'ячменная цельносмолотая мука',10,1.6,56.1,3,0,0,1),(23,'гречневая крупа',12.6,3.3,62.1,4,0,0,1),(24,'кукурузная крупа',8.3,1.2,75,4,0,0,1),(25,'манная крупа',10.3,1,67.4,4,1,0,1),(26,'пшеничная крупа',11.5,1.3,62,4,1,0,1),(27,'Пшенная крупа',11.5,3.3,69.3,4,1,0,0),(28,'рис белый',6.7,0.7,78.9,4,0,0,1),(29,'рис бурый',7.4,1.8,72.9,4,0,0,1),(30,'киноа',14.1,6.1,57.2,4,0,0,1),(31,'перловая',9.3,1.1,73.7,4,0,0,1),(32,'ячневая',10.4,1.3,66.3,4,0,0,1),(33,'булгур',12.3,1.3,57.6,4,0,0,1),(34,'кускус',3.8,0.2,21.8,4,0,0,1),(35,'овсяные хлопья',12.3,6.1,59.5,5,1,0,1),(36,'хлопья 3 злака \"Царь\"',11.7,3,63.5,5,1,0,1),(37,'Хлопья 4 злака',11.5,3.5,63.8,5,1,0,1),(38,'хлопья овсяные',12.3,6.2,61.8,5,1,0,0),(39,'хлопья 5 злаков',12.15,4.8,61.3,5,1,0,1),(40,'хлопья 6 злаков',11.5,3.2,62.87,5,1,0,1),(41,'хлопья 7 злаков',10,2.3,67.4,5,1,0,1),(42,'горох',20.5,2,53.3,6,1,0,1),(43,'горох маш',23.5,2,46,6,1,0,1),(44,'нут',19,6,61,6,1,0,1),(45,'фасоль',20.9,1.8,64,6,1,0,1),(46,'чечевица красная',21.6,1.1,48,6,1,0,1),(47,'чечевица жёлтая',24,1.5,42.7,6,1,0,1),(48,'чечевица зеленая',24,1.5,42.7,6,1,0,1),(49,'сахар  ',0,0,99.7,7,0,0,1),(50,'сахарная пудра',0,0,99.8,7,0,0,1),(51,'сахар тростниковый',0,0,99.4,7,0,0,1),(52,'сахар ванильный',0,0,98.5,7,0,0,1),(53,'Мёд',0.8,0,81.5,7,1,0,1),(54,'сироп агавы',0,0.5,76,7,0,0,1),(55,'кленовый сироп',0,0.1,67.4,7,0,0,1),(56,'ксилит',0,0,97.9,7,0,0,1),(57,'вермишель',10.4,1.1,69.7,8,1,0,1),(58,'рожки',10.4,1.1,69.7,8,1,0,1),(59,'спагетти',10.4,1.1,69.7,8,1,0,1),(60,'фигурные макароны',10.4,1.1,69.7,8,1,0,1),(61,'пшеничная',12,1,65,9,1,0,0),(62,'гречневая',14.7,0.9,70.5,9,1,0,1),(63,'Рисовая лапша',7,0,79,9,1,0,1),(64,'фунчоза',0.7,0.5,84,8,0,0,1),(65,'перепел',21.8,4.5,0,11,0,0,1),(66,'гусь',15.2,39,0,11,0,0,1),(67,'суповой набор',16.5,12.6,0.4,12,0,0,1),(68,'бедра',21.3,11,0.1,12,0,0,1),(69,'Куриные крылышки',19.2,12.2,0,12,0,0,1),(70,'окорочка',16.8,10.2,0,12,0,0,1),(71,'куриное филе',23.1,1.2,0,12,0,0,1),(72,'цыпленок бройлерный',18.7,16.1,0.5,12,0,0,1),(73,'куриная печень',19.1,6.3,0.6,12,0,0,1),(74,'куриные желудочки',18.2,4.2,0.6,12,0,0,1),(75,'печень',19.5,22,0,13,0,0,1),(76,'бедро',15.7,8.9,0,13,0,0,1),(77,'голень',15.7,8.9,0,13,0,0,1),(78,'грудка',19.2,0.7,0,13,0,0,1),(79,'говядина     ',18.9,12.4,0,10,0,0,1),(80,'баранина   ',15.6,16.3,0,10,0,0,1),(81,'свинина',16,21.6,0,10,0,0,1),(82,'конина',20.2,7,0,10,0,0,1),(83,'кролик',21,8,0,10,0,0,1),(84,'Плавленный сыр',16.8,11.2,23.8,15,1,0,1),(85,'фетакса',8,25,1,16,1,0,1),(86,'тофу',8.1,4.2,0.6,16,1,0,1),(87,'брынза',14.6,25.5,0,16,1,0,0),(88,'сыр фета',17,16,1,16,1,0,1),(89,'сыр чечил',22.42,17.55,1.2,16,1,0,1),(90,'сыр моцарелла \"Galbani\"',13.3,13.1,20.2,16,1,0,0),(91,'сыр моцарелла \"агропродукт\" 40%',22.3,21.2,0,16,1,0,0),(92,'брынза 45%',12,16.7,3.7,16,1,0,0),(93,'молоко 1,5%',2.8,1.5,4.7,18,1,0,1),(94,'молоко 2,5%',2.8,2.5,4.7,18,1,0,1),(95,'молоко 3,2%',2.8,3.2,4.7,18,1,0,1),(96,'молоко 6%',2.9,6,4.69,18,1,0,1),(97,'молоко \"Шадринское\"',8,7.1,8.4,19,1,0,1),(98,'йогурт',2.8,2.4,14.5,14,1,0,1),(99,'ряженка 2,5%',2.9,2.5,4.2,20,1,0,1),(100,'ряженка 4%',2.8,4,4.2,20,1,0,1),(101,'кумыс',2.1,1.9,5,20,1,0,1),(102,'шубат',4.11,5.53,5.45,20,1,0,1),(103,'кефир 1%',2.8,1,4,20,1,0,1),(104,'кефир 2,5%',2.8,2.5,3.9,20,1,0,1),(105,'кефир 3,2%',2.8,3.2,4.1,20,1,0,1),(106,'творог 0%',16.5,0,1.3,21,1,0,1),(107,'творог 0,6%',18,0.6,1.8,21,1,0,1),(108,'творог 2%',18,2,3.3,21,1,0,1),(109,'творог 5%',17.2,5,1.8,21,1,0,1),(110,'творог 9%',16.7,9,2,21,1,0,1),(111,'творог 15%',15.99,12.5,1.28,21,1,0,1),(112,'иримшик',32.1,29.5,23.1,21,1,0,1),(113,'курт',25,16,2.7,21,1,0,1),(114,'сметана 10%',3,10,2.9,22,1,0,1),(115,'сметана 15%',2.6,15,3,22,1,0,1),(116,'сметана 20%',2.8,20,3.2,22,1,0,1),(117,'сливки 10%',3,10,4,23,1,0,1),(118,'сливки 20%',2.8,20,3.7,23,1,0,1),(119,'йогурт детский \"живой\" \"Амиран\" 2,8%',2.8,2.8,4.7,24,1,0,1),(120,'творог \"Амиран\" зернистый детский 9%',16,9,2,24,1,0,1),(121,'паста \"Амиран\" творожная детская 9%',18,9,2,24,1,0,1),(122,'продукт кисломолочный \"Амиран\" детский 3,5%',2.8,3.5,4.7,24,1,0,1),(123,'сыворотка молочная',0.8,0.2,3.2,24,1,0,1),(124,'кефир \"Амиран\" живой 2,5%',2.9,2.5,3.9,24,1,0,1),(125,'кефир \"Амиран\" живой 3,2%',2.8,3.2,3.6,24,1,0,1),(126,'молоко \"Амиран\" живое 2,5%',2.8,2.5,4.7,24,1,0,1),(127,'молоко \"Амиран\" живое 3,2%',2.8,3.2,4.7,24,1,0,1),(128,'простокваша \"Амиран\" кисломолочная 3,5%',2.8,3.5,4.7,24,1,0,1),(129,'сметана \"Амиран\" 20%',2.8,20,3.2,24,1,0,1),(130,'Творог \"Амиран\" живой 9%',16,9,2,24,1,0,1),(131,'Творог \"Амиран\" живой 0%',18,0.6,1.5,24,1,0,1),(132,'масло топленое \"Амиран\"',0,99,0,24,1,0,1),(133,'молоко питьевое детское и для приготовления каш \"Амиран\" 3,2%',2.8,3.2,4.7,24,1,0,1),(134,'Масло сливочное облегченное, 60%',1.3,60,1.7,25,1,0,1),(135,'масло сливочное 72,5%',1,72.5,1.4,25,1,0,1),(136,'масло сливочноее 82,5%',0.5,82.5,0.8,25,1,0,1),(137,'маргарин 80%',0.3,82,1,25,1,0,1),(138,'кокосовое молоко',1.8,14.9,2.7,26,1,0,1),(139,'миндальное молоко',3.6,11.1,5.6,26,1,0,1),(140,'соевое молоко',3.3,1.8,5.7,26,1,0,1),(141,'яйцо куриное',12.71,10.91,0.71,27,1,0,1),(142,'яйцо гусиное',13.9,13.3,1.4,27,1,0,1),(143,'яйцо утиное',13.3,14.5,0.1,27,1,0,1),(144,'яйца перепелиные',11.92,13.08,0.58,27,1,0,1),(145,'арахис',26.3,45.2,9.2,29,1,0,1),(146,'грецкий орех',15.2,65.2,7,29,1,0,1),(147,'кедровые орешки',15.6,56,28.4,29,1,0,1),(148,'миндаль',18.6,57.7,16.2,29,1,0,1),(149,'кешью',18.5,48.5,22.5,29,1,0,1),(150,'фисташки',20,50,7,29,1,0,1),(151,'фундук',16.1,66.9,9.9,29,1,0,1),(152,'пекан',9.2,72,4.3,29,1,0,1),(153,'финики',2.5,0.5,69.2,30,0,0,1),(154,'алыча сушеная',2.3,0.5,50.2,30,0,0,1),(155,'изюм ',2.9,0.6,66,30,0,0,1),(156,'инжир сушеный',3.1,0.8,57.9,30,0,0,1),(157,'клюква сушеная',0.1,1.4,76.5,30,0,0,1),(158,'курага',5.2,0.3,51,30,0,0,1),(159,'пастила',0.5,0,80.8,30,0,0,1),(160,'ягоды годжи',11.1,2.6,53.4,30,0,0,1),(161,'чернослив',2.3,0.7,57.5,30,0,0,1),(162,'цукаты',2,1,71,30,0,0,1),(163,'яблоки сушеные',2.2,0.1,59,30,0,0,1),(164,'урюк сушеный',5,0.4,50.6,30,0,0,1),(165,'дыня сушеная',0.7,0.1,82.2,30,0,0,1),(166,'груша сушеная',2.3,0.6,62.6,30,0,0,1),(167,'персики сушеные',3,0.4,57.7,30,0,0,1),(168,'семечки подсолнечные нечищеные',20.7,52.9,3.4,31,0,0,1),(169,'семечки подсолнечные очищенные',20.7,59.9,10.5,31,0,0,1),(170,'семечки тыквенные нечищеные',11.92,20.08,6.5,31,0,0,1),(171,'семечки тыквенные очищенные',24.47,44.83,8.26,31,0,0,1),(172,'семена льна',18.3,42.2,28.9,31,0,0,1),(173,'семена чиа',16.5,30.7,42.1,31,0,0,1),(174,'кунжут семена',19.4,48.7,12.2,31,0,0,1),(175,'масло подсолнечное ',0,99.9,0,33,0,0,1),(176,'масло оливковое ',0,99.8,0,33,0,0,1),(177,'масло кукурузное',0,99.9,0,33,0,0,1),(178,'масло льняное ',0,99.8,0,33,0,0,1),(179,'масло ореховое ',0,100,0,33,1,0,1),(180,'масло горчичное',0,99.8,0,33,0,0,1),(181,'масло грецкого ореха',0,99.8,0,33,1,0,1),(182,'масло шиповника',0,99.8,0,33,0,0,1),(183,'масло кокосовое',0,99.9,0,33,0,0,1),(184,'масло облепиховое',0,99.5,0,33,0,0,1),(185,'масло хлопковое',0,99.7,0,33,0,0,1),(186,'масло кунжутное',0,99.9,0,33,1,0,1),(187,'масло соевое',0,99.9,0,33,1,0,1),(188,'масло из семян рыжика',0,99.8,0,33,0,0,1),(189,'масло из виноградных косточек',0,99.8,0,33,0,0,1),(190,'масло чесночное',0,99.8,0,33,0,0,1),(191,'масло абрикосовое нерафинированное',0,99.8,0,33,0,0,1),(192,'масло расторопши',0,99.8,0,33,0,0,1),(193,'масло конопляное нерафинированное',0,99.8,0,33,0,0,1),(194,'масло зародышей пшеницы',0,99.8,0,33,1,0,1),(195,'масло авокадо',0,99.8,0,33,0,0,1),(196,'масло тыквенное нерафинированное',0,99.8,0,33,0,0,1),(197,'масло острого перца чили',0,99.8,0,33,0,0,1),(198,'масло черного тмина',0,99.8,0,33,0,0,1),(199,'масло амарантовое',0,99.8,0,33,1,0,1),(200,'кетчуп',1.8,1,22.2,34,0,0,1),(201,'томатная паста',2.5,0.3,16.7,34,0,0,1),(202,'томатный соус',1.7,7.8,4.5,34,0,0,1),(203,'соевый соус',2.6,0,43,35,1,0,1),(204,'бальзамический соус',0.1,0,37.8,35,0,0,1),(205,'кисло-сладкий соус',0.3,0.8,39.7,35,0,0,1),(206,'острый соус томатный',2.5,0,21.8,35,0,0,1),(207,'классический майонез ',2.4,67,3.9,35,0,0,1),(208,'хрен',3.2,0.4,10.5,36,0,0,1),(209,'васаби',0,9,40,36,0,0,1),(210,'горчица',5.7,6.4,22,36,0,0,1),(211,'уксус столовый',0,0,2.3,37,0,0,1),(212,'майонез 67%',2.4,67,3.9,38,1,0,1),(213,'соус песто',5,45,6,39,0,0,1),(214,'батон нарезной',7.5,2.9,50.9,41,1,0,1),(215,'хлеб белый',8.1,1,48.8,41,1,0,1),(216,'хлеб бородинский',6.9,1.3,40.9,41,1,0,1),(217,'чиабатта классическая',7.7,3.8,47.8,41,1,0,1),(218,'хлеб ржаной зерновой',13,3,40,41,1,0,1),(219,'лаваш',7.9,1,47.6,41,1,0,1),(220,'шелпек',6,11,36,41,1,0,1),(221,'баурсаки',6.8,2.6,45.8,41,1,0,1),(222,'багет',7.5,2.9,51.4,41,1,0,1),(223,'хлебцы',11,2.7,58,40,1,0,1),(224,'сушки',11.3,4.4,70.5,43,1,0,1),(225,'баранки',16,1,70,43,1,0,1),(226,'булочки, сдобные и слоеные изделия',8.4,2.2,52.8,40,1,0,1),(227,'вешенки',2.5,0.3,6.5,45,0,0,1),(228,'шампиньоны',4.3,1,0.1,45,0,0,1),(229,'укроп',2.5,0.5,6.3,46,0,0,1),(230,'петрушка',3.7,0.4,7.6,46,0,0,1),(231,'лук зеленый',1.3,0,4.6,46,0,0,0),(232,'кинза',2.1,0.5,1.9,46,0,0,1),(233,'Базилик свежий',2.5,0.6,4.3,46,0,0,1),(234,'джусай',1.4,0.2,8.2,46,0,0,1),(235,'мята',3.7,0.4,8,46,0,0,1),(236,'розмарин свежий',3.3,5.9,20.7,46,0,0,1),(237,'руккола',2.6,0.7,2.1,46,0,0,1),(238,'Салат айсберг',0.9,0.1,1.8,46,0,0,1),(239,'салат Радичио',1.5,0.2,3.3,46,0,0,1),(240,'салат ромэн',1.8,1.1,2.7,46,0,0,1),(241,'салат листовой',1.2,0.3,1.3,46,0,0,1),(242,'салат Лолло Росса',1.5,0.2,2,46,0,0,1),(243,'Сельдерей зелень',0.9,0.1,2.1,46,0,0,1),(244,'тимьян свежий',5.6,1.7,10.5,46,0,0,1),(245,'фенхель',1.2,0.2,7.3,46,0,0,1),(246,'чесночные стрелки',1.3,0.1,3.4,46,0,0,1),(247,'щавель',1.5,0.3,2.9,46,0,0,1),(248,'шпинат',2.9,0.3,2,46,0,0,1),(249,'виноград',0.6,0.2,16.8,47,0,0,1),(250,'апельсин',0.9,0.2,8.1,48,0,0,1),(251,'грейпфрут',0.7,0.2,6.5,48,0,0,1),(252,'лайм',0.9,0.1,3,48,0,0,1),(253,'лимон',0.9,0.1,3,48,1,0,1),(254,'мандарин',0.8,0.2,7.51,48,0,0,1),(255,'памело',0.6,0.2,6.7,48,0,0,1),(256,'авокадо',2,20,6,49,0,0,1),(257,'ананас',0.4,0.2,10.6,49,0,0,1),(258,'киви',0.5,0.3,5.15,49,0,0,1),(259,'кокос',1.7,16.75,3.1,49,0,0,1),(260,'папайя',0.6,0.1,9.5,49,0,0,1),(261,'манго',0.5,0.3,11.5,49,0,0,1),(262,'банан',1.5,0.2,21.8,49,0,0,1),(263,'яблоко',0.4,0.4,9.8,47,0,0,1),(264,'груши',0.4,0.3,10.9,47,0,0,1),(265,'абрикос',0.88,0.12,9,47,0,0,1),(266,'персик',0.91,0.11,11.31,47,0,0,1),(267,'слива',0.8,0.3,9.6,47,0,0,1),(268,'гранат',0.9,0,13.9,47,0,0,1),(269,'дыня',0.6,0.3,7.4,47,0,0,1),(270,'хурма',0.5,0.3,15.3,47,0,0,1),(271,'арбуз',0.6,0.1,5.8,47,0,0,1),(272,'черешня',1.1,0.4,11.5,50,0,0,1),(273,'асаи',0.4,0,12.6,50,0,0,1),(274,'инжир',0.7,0.2,13.7,50,0,0,1),(275,'вишня',0.8,0.5,11.3,50,0,0,1),(276,'клубника',0.8,0.4,7.5,50,0,0,1),(277,'малина   ',0.8,0.5,8.3,50,0,0,1),(278,'ежевика    ',2,0,6.4,50,0,0,1),(279,'ежемалина',1.5,0.3,7.7,50,0,0,1),(280,'голубика',1,0,8.2,50,0,0,1),(281,'смородина',0.6,0.2,7.7,50,0,0,1),(282,'жимолость',0,0,7.8,50,0,0,1),(283,'черника',1.1,0.4,7.6,50,0,0,1),(284,'шиповник',1.6,0,14,50,0,0,1),(285,'крыжовник',0.7,0.2,12,50,0,0,1),(286,'капуста белокочанная',1.8,0.1,4.7,53,0,0,1),(287,'капуста брокколи',3,0.4,5.2,53,0,0,1),(288,'капуста пекинская',1.2,0.2,2,53,0,0,1),(289,'капуста краснокочанная',0.8,0,7.6,53,0,0,1),(290,'капуста цветная',2.5,0.3,5.4,53,0,0,1),(291,'картофель',2,0.4,16.1,53,0,0,1),(292,'морковь',1.31,0.11,6.94,53,0,0,1),(293,'репа',1.5,0.1,6.2,53,0,0,1),(294,'редис',1.2,0.1,3.4,53,0,0,1),(295,'редька',1.9,0.2,6.7,53,0,0,1),(296,'редис дайкон',1.2,0,4.1,53,0,0,1),(297,'корень имбиря',1.8,0.8,15.8,53,0,0,1),(298,'топинамбур',2.1,0.1,12.8,53,0,0,1),(299,'корень сельдерея',1.3,0.3,6.5,53,0,0,1),(300,'свекла',1.5,0.1,8.8,53,0,0,1),(301,'лук репчатый',1.4,0,10.4,53,0,0,1),(302,'лук красный',1.4,0,9.1,53,0,0,1),(303,'лук-порей',2,0,8.2,46,0,0,1),(304,'чеснок ',6.5,0.5,30,53,0,0,1),(305,'перец болгарский',1.3,0,5.3,53,0,0,1),(306,'перец чили ',2,0.2,9.5,53,0,0,1),(307,'помидоры обычные',1.11,0.2,3.71,53,0,0,1),(308,'огурцы',0.8,0.1,2.8,53,0,0,1),(309,'помидоры черри',0.8,0.1,2.8,53,0,0,1),(310,'баклажаны ',1.2,0.1,4.5,53,0,0,1),(311,'кабачки',0.6,0.3,4.6,53,0,0,1),(312,'тыква',1.3,0.3,7.7,53,0,0,1),(313,'сельдерей (стебель)',0.9,0.1,2.1,53,0,0,1),(314,'спаржа (стебель)',1.9,0.1,3.1,53,0,0,1),(315,'Фасоль стручковая',2,0.2,3.6,53,1,0,1),(316,'патиссон   ',0.6,0.1,4.3,53,0,0,1),(317,'соя проросшая',34.9,17.3,17.3,53,1,0,1),(318,'огурцы маринованные',2.8,0,1.3,54,0,0,1),(319,'капуста квашеная',1.8,0.1,4.4,54,0,0,1),(320,'хлорелла',66.6,0.5,16.7,56,0,0,1),(321,'спирулина',4.2,2.5,9.9,56,0,0,1),(322,'отруби пшеничные',14.7,4.1,20.6,58,1,0,1),(323,'клетчатка',0.5,0.5,4,58,0,0,1),(324,'сазан филе',18.4,5.3,0,60,1,0,1),(325,'судак филе',19.2,0.7,0,60,1,0,1),(326,'анчоус',20.1,6.1,0,60,1,0,1),(327,'сёмга',21.6,6,0,60,1,0,1),(328,'минтай',15.9,0.9,0,60,1,0,1),(329,'дорадо',18,3,0,60,1,0,1),(330,'сибас',18,3,0,60,1,0,1),(331,'форель',19.2,2.1,0,60,1,0,1),(332,'скумбрия',18,13.2,0,60,1,0,1),(333,'лосось',19.8,6.3,0,60,1,0,1),(334,'мойва',13.4,11.5,0,60,1,0,1),(335,'треска',17.7,0.7,0,60,1,0,1),(336,'палтус',18.9,3,0,60,1,0,1),(337,'окунь',18.5,0.9,0,60,1,0,1),(338,'филе тилапии',20.1,1.7,0,60,1,0,1),(339,'филе пангасиуса',15,3,0,60,1,0,1),(340,'пикша',17.2,0.2,0,60,1,0,1),(341,'камбала',16.5,1.8,0,60,1,0,1),(342,'горбуша ',20.5,6.5,0,60,1,0,1),(343,'килька',17.1,7.6,0,60,1,0,1),(344,'скумбрия ',18,13.2,0,60,1,0,1),(345,'сельдь',16.3,10.7,0,60,1,0,1),(346,'креветки чищенные',22,1,0,61,1,0,1),(347,'кальмар    ',19,2.5,1.8,61,0,0,1),(348,'крабовые палочки',6,1,10,61,1,0,1),(349,'казы сырые',13.5,37.4,0.2,63,0,0,1),(350,'сосиски молочные',11,23.9,1.6,63,0,0,1),(351,'манты   ',2.2,0,11.2,64,0,0,1),(352,'кукуруза консервированная',3.6,0.1,9.8,65,0,0,1),(353,'горошек консервированный',6.7,0.3,17.4,65,0,0,1),(354,'морская капуста',0.8,5.1,0,70,0,0,1),(355,'соль',0,0,0,70,0,0,1),(356,'Вода',0,0,0,27,0,0,1),(357,'Мюсли медовые с тропическими фруктами',17,13,58,5,1,0,1),(358,'отруби овсяные',18,7.7,45.3,5,1,0,1),(359,'Творог мягкий обезжиренный',7,0,1,21,0,0,1),(360,'Цедра лимона',0.1,0,3,48,1,0,1),(361,'Корица',0,0,0,2,0,0,1),(362,'Пшенная крупа',11.5,3.3,69.3,4,1,0,1),(363,'Французская горчица',7.16,8.75,9.18,27,0,0,1),(364,'Паприка',0,0,0,27,0,0,1),(365,'Эстрагон',1.5,0,5,46,0,0,1),(366,'Оливки',2.2,10.5,5.1,54,0,0,1),(367,'Перец молотый',0,0,0,27,0,0,1),(368,'Перец чёрный горошек',0,0,0,27,0,0,1),(369,'Лавровый лист',0,0,0,27,0,0,1),(370,'Лимонный сок',0.9,0.1,3,48,1,0,1),(371,'Зефир',0.8,0,78.5,27,1,0,1),(372,'Яичный белок',11.09,0,0,27,1,0,1),(373,'Яичный желток',16.2,1,31.2,27,1,0,1),(374,'Разрыхлитель',0.1,0,19.6,3,0,0,1),(375,'Куриная грудка',23.6,1.9,0.4,11,0,0,1),(376,'Сыр твердый 50%',23.8,27.3,0.2,27,1,0,1),(377,'Ячменная крупа',10,1.3,71.7,27,1,0,1),(378,'Вареная кукуруза',4.1,2.3,22.5,53,0,0,1),(379,'Лапша яичная',10.4,2,59.2,9,1,0,1),(380,'Уксус винный',0,0,5.9,36,0,0,1),(381,'Зира',0,0,0,27,0,0,1),(382,'Кумин',0,0,0,27,0,0,1),(383,'Чабер (кондари)',0,0,0,27,0,0,1),(384,'Баранье сердце',13.5,2.5,0,27,0,0,1),(385,'Баранье лёгкое',15.6,2.3,0,27,0,0,1),(386,'Баранья печень',18.7,2.9,0,27,0,0,1),(387,'Говяжьи ребра',11,35,0,27,0,0,1),(388,'Бараньи ребра',17,15,0,27,0,0,1),(389,'Лапша для лагмана',6.66,4.52,47.1,9,1,0,1),(390,'Тмин',0,0,0,27,0,0,1),(391,'Бадьян',0,0,0,27,0,0,1),(392,'Шафран',0,0,0,27,0,0,1),(393,'Листы для лазаньи',12,1.5,72.2,9,1,0,1),(394,'Сыр Пармезан',33,28,0,27,1,0,1),(395,'Мускатный орех',0,0,0,27,1,0,1),(396,'Фарш говяжий (нежирный)',17.6,7.86,0.91,27,0,0,1),(397,'Смесь морепродуктов',15.5,1,0.1,61,1,0,1),(398,'Бульон мясной (говяжий)',0.6,0.2,0,27,0,0,1),(399,'Кориандр',0,0,0,27,0,0,1),(400,'Куркума',0,0,0,27,0,0,1),(401,'Дрожжи свежие',12.6,2.13,4.18,2,0,0,1),(402,'Дрожжевое тесто',6.4,11,50.1,3,1,0,1),(403,'Барбарис',0,0,0,27,0,0,1),(404,'Сыр Моцарелла',18,24,0,27,1,0,1),(405,'Белые грибы',3.7,1.7,1.1,45,1,0,1),(406,'Базилик (приправа)',0,0,0,27,0,0,1),(407,'Сыр Брынза (из овечьего молока)',14.6,25.5,0,16,1,0,1),(408,'Гвоздика (молотая)',0,0,0,27,0,0,1),(409,'Гвоздика',0,0,0,27,0,0,1),(410,'Ананасы консервированные',0.3,0.3,15.4,49,0,0,1);
/*!40000 ALTER TABLE `ingredients` ENABLE KEYS */;
UNLOCK TABLES;

--
-- Table structure for table `ingredients_alternatives`
--

DROP TABLE IF EXISTS `ingredients_alternatives`;
/*!40101 SET @saved_cs_client     = @@character_set_client */;
/*!40101 SET character_set_client = utf8 */;
CREATE TABLE `ingredients_alternatives` (
  `id` bigint(20) NOT NULL AUTO_INCREMENT,
  `ingredient_id` bigint(20) DEFAULT NULL,
  `alternative_ingredient_id` bigint(20) DEFAULT NULL,
  `alternative_category_id` bigint(20) DEFAULT NULL,
  `alternative_relation_id` bigint(20) DEFAULT NULL,
  PRIMARY KEY (`id`),
  UNIQUE KEY `ingredients_alternatives_id_uindex` (`id`),
  UNIQUE KEY `ingredient_id_alternative_i_id_cateory_id_uindex` (`ingredient_id`,`alternative_ingredient_id`,`alternative_category_id`),
  KEY `ingredients_alternatives_ingredients_id_fk_2` (`alternative_ingredient_id`),
  KEY `ingredients_alternatives_alternatives_categories_id_fk` (`alternative_category_id`),
  KEY `ingredients_alternatives_alternatives_relations_id_fk` (`alternative_relation_id`),
  CONSTRAINT `ingredients_alternatives_alternatives_categories_id_fk` FOREIGN KEY (`alternative_category_id`) REFERENCES `alternatives_categories` (`id`),
  CONSTRAINT `ingredients_alternatives_alternatives_relations_id_fk` FOREIGN KEY (`alternative_relation_id`) REFERENCES `alternatives_relations` (`id`),
  CONSTRAINT `ingredients_alternatives_ingredients_id_fk` FOREIGN KEY (`ingredient_id`) REFERENCES `ingredients` (`id`),
  CONSTRAINT `ingredients_alternatives_ingredients_id_fk_2` FOREIGN KEY (`alternative_ingredient_id`) REFERENCES `ingredients` (`id`)
) ENGINE=InnoDB DEFAULT CHARSET=utf8;
/*!40101 SET character_set_client = @saved_cs_client */;

--
-- Dumping data for table `ingredients_alternatives`
--

LOCK TABLES `ingredients_alternatives` WRITE;
/*!40000 ALTER TABLE `ingredients_alternatives` DISABLE KEYS */;
/*!40000 ALTER TABLE `ingredients_alternatives` ENABLE KEYS */;
UNLOCK TABLES;

--
-- Table structure for table `ingredients_categories`
--

DROP TABLE IF EXISTS `ingredients_categories`;
/*!40101 SET @saved_cs_client     = @@character_set_client */;
/*!40101 SET character_set_client = utf8 */;
CREATE TABLE `ingredients_categories` (
  `id` bigint(20) NOT NULL AUTO_INCREMENT,
  `name` varchar(255) NOT NULL,
  `parent_category_id` bigint(20) DEFAULT NULL,
  PRIMARY KEY (`id`),
  UNIQUE KEY `ingredients_category_id_uindex` (`id`),
  KEY `ingredients_categories_ingredients_categories_id_fk` (`parent_category_id`),
  CONSTRAINT `ingredients_categories_ingredients_categories_id_fk` FOREIGN KEY (`parent_category_id`) REFERENCES `ingredients_categories` (`id`)
) ENGINE=InnoDB AUTO_INCREMENT=72 DEFAULT CHARSET=utf8;
/*!40101 SET character_set_client = @saved_cs_client */;

--
-- Dumping data for table `ingredients_categories`
--

LOCK TABLES `ingredients_categories` WRITE;
/*!40000 ALTER TABLE `ingredients_categories` DISABLE KEYS */;
INSERT INTO `ingredients_categories` VALUES (1,'ROOT',NULL),(2,'Ингредиенты для выпечки',71),(3,'Мука и смеси для выпечки',71),(4,'Крупы, бобы',71),(5,'Овсяные и злаковые хлопья, мюсли',4),(6,'Бобовые',4),(7,'Сахар и другие подсластители',71),(8,'Макароны высшего сорта',71),(9,'Лапша',8),(10,'Мясо',1),(11,'Птица',10),(12,'Курица',10),(13,'Индейка',12),(14,'Молочные продукты',1),(15,'Сырная лавка',14),(16,'Рассольный сыр',15),(17,'Натуральные закваски',14),(18,'Молоко',14),(19,'Молоко сгущенное и концентрированное',18),(20,'Кисломолочные продукты',14),(21,'Творог и творожные изделия',14),(22,'Сметана',14),(23,'Сливки',14),(24,'Молочная продукция \"Амиран\"',14),(25,'Сливочное масло, маргарин',14),(26,'Растительное молоко',14),(27,'Яйца',1),(28,'Орехи, сухофрукты, семена',1),(29,'Орехи весовые',28),(30,'Сухофрукты',28),(31,'Семена',28),(32,'Масла, соусы, заправки',1),(33,'Растительное масло',32),(34,'Кетчуп, томатная паста',32),(35,'Соусы',32),(36,'Хрен, горчица, уксус, маринад',32),(37,'Уксус',32),(38,'Майонез',32),(39,'Прочие соусы и лимонады',32),(40,'Хлеб, сдоба, хлебцы',1),(41,'Хлеб',40),(42,'Цельнозерновой хлеб',40),(43,'Сушки и баранки',40),(44,'Грибы',1),(45,'Грибы свежие',44),(46,'Зелень',1),(47,'Фрукты, ягоды',1),(48,'Цитрусовые',47),(49,'Экзотические',47),(50,'Ягоды свежие',47),(51,'Фрукты и ягоды замороженные',47),(52,'Овощи',1),(53,'Овощи свежие',52),(54,'Овощи маринованные',52),(55,'Овощи замороженные',52),(56,'БАДы',1),(57,'Диетическое питание',1),(58,'Отруби и семена',57),(59,'Рыба, морепродукты и икра',1),(60,'Рыба',59),(61,'Морепродукты',59),(62,'Полуфабрикаты',1),(63,'Мясные полуфабрикаты',62),(64,'Пельмени, вареники, манты',62),(65,'Консервы',1),(66,'Грибные консервы',65),(67,'Оливки и маслины',65),(68,'Овощные консервы',65),(69,'Чипсы, снэхи, сухарики',1),(70,'Азиатская кухня',1),(71,'Бакалея',1);
/*!40000 ALTER TABLE `ingredients_categories` ENABLE KEYS */;
UNLOCK TABLES;

--
-- Table structure for table `ingredients_changable_props`
--

DROP TABLE IF EXISTS `ingredients_changable_props`;
/*!40101 SET @saved_cs_client     = @@character_set_client */;
/*!40101 SET character_set_client = utf8 */;
CREATE TABLE `ingredients_changable_props` (
  `id` bigint(20) NOT NULL AUTO_INCREMENT,
  `code` varchar(255) NOT NULL,
  `name` varchar(255) NOT NULL,
  PRIMARY KEY (`id`),
  UNIQUE KEY `ingredients_changable_props_id_uindex` (`id`)
) ENGINE=InnoDB AUTO_INCREMENT=6 DEFAULT CHARSET=utf8;
/*!40101 SET character_set_client = @saved_cs_client */;

--
-- Dumping data for table `ingredients_changable_props`
--

LOCK TABLES `ingredients_changable_props` WRITE;
/*!40000 ALTER TABLE `ingredients_changable_props` DISABLE KEYS */;
INSERT INTO `ingredients_changable_props` VALUES (1,'PROTEIN','Protein'),(2,'CARBOHYDRATE','Carbohydrate'),(3,'FAT','Fat'),(4,'WEIGHT','Weight'),(5,'VOLUME','Volume');
/*!40000 ALTER TABLE `ingredients_changable_props` ENABLE KEYS */;
UNLOCK TABLES;

--
-- Table structure for table `ingredients_cooking_types`
--

DROP TABLE IF EXISTS `ingredients_cooking_types`;
/*!40101 SET @saved_cs_client     = @@character_set_client */;
/*!40101 SET character_set_client = utf8 */;
CREATE TABLE `ingredients_cooking_types` (
  `id` bigint(20) NOT NULL AUTO_INCREMENT,
  `ingredient_id` bigint(20) NOT NULL,
  `cooking_type_id` bigint(20) NOT NULL,
  `difference_coefficient` double NOT NULL,
  `ingredients_changable_prop_id` bigint(20) NOT NULL,
  PRIMARY KEY (`id`),
  UNIQUE KEY `ingredients_cooking_types_id_uindex` (`id`),
  UNIQUE KEY `ingr_id_cooking_type_id_prop_id_uindex` (`ingredient_id`,`cooking_type_id`,`ingredients_changable_prop_id`),
  KEY `ingredients_cooking_types_cooking_types_id_fk` (`cooking_type_id`),
  KEY `ingredients_cooking_types_ingredients_changable_props_id_fk` (`ingredients_changable_prop_id`),
  CONSTRAINT `ingredients_cooking_types_cooking_types_id_fk` FOREIGN KEY (`cooking_type_id`) REFERENCES `cooking_types` (`id`),
  CONSTRAINT `ingredients_cooking_types_ingredients_changable_props_id_fk` FOREIGN KEY (`ingredients_changable_prop_id`) REFERENCES `ingredients_changable_props` (`id`),
  CONSTRAINT `ingredients_cooking_types_ingredients_id_fk` FOREIGN KEY (`ingredient_id`) REFERENCES `ingredients` (`id`)
) ENGINE=InnoDB AUTO_INCREMENT=19 DEFAULT CHARSET=utf8;
/*!40101 SET character_set_client = @saved_cs_client */;

--
-- Dumping data for table `ingredients_cooking_types`
--

LOCK TABLES `ingredients_cooking_types` WRITE;
/*!40000 ALTER TABLE `ingredients_cooking_types` DISABLE KEYS */;
INSERT INTO `ingredients_cooking_types` VALUES (18,28,1,1.3,5);
/*!40000 ALTER TABLE `ingredients_cooking_types` ENABLE KEYS */;
UNLOCK TABLES;

--
-- Table structure for table `ingredients_ingredients_props`
--

DROP TABLE IF EXISTS `ingredients_ingredients_props`;
/*!40101 SET @saved_cs_client     = @@character_set_client */;
/*!40101 SET character_set_client = utf8 */;
CREATE TABLE `ingredients_ingredients_props` (
  `id` bigint(20) NOT NULL AUTO_INCREMENT,
  `ingredient_id` bigint(20) NOT NULL,
  `ingredient_props_category_id` bigint(20) NOT NULL,
  `value` varchar(255) NOT NULL,
  PRIMARY KEY (`id`),
  UNIQUE KEY `ingredients_ingredients_props_id_uindex` (`id`),
  KEY `ingredients_ingredients_props_ingredients_props_categories_id_fk` (`ingredient_props_category_id`),
  KEY `ingredients_ingredients_props_ingredients_id_fk` (`ingredient_id`),
  CONSTRAINT `ingredients_ingredients_props_ingredients_id_fk` FOREIGN KEY (`ingredient_id`) REFERENCES `ingredients` (`id`),
  CONSTRAINT `ingredients_ingredients_props_ingredients_props_categories_id_fk` FOREIGN KEY (`ingredient_props_category_id`) REFERENCES `ingredients_props_categories` (`id`)
) ENGINE=InnoDB DEFAULT CHARSET=utf8;
/*!40101 SET character_set_client = @saved_cs_client */;

--
-- Dumping data for table `ingredients_ingredients_props`
--

LOCK TABLES `ingredients_ingredients_props` WRITE;
/*!40000 ALTER TABLE `ingredients_ingredients_props` DISABLE KEYS */;
/*!40000 ALTER TABLE `ingredients_ingredients_props` ENABLE KEYS */;
UNLOCK TABLES;

--
-- Table structure for table `ingredients_props`
--

DROP TABLE IF EXISTS `ingredients_props`;
/*!40101 SET @saved_cs_client     = @@character_set_client */;
/*!40101 SET character_set_client = utf8 */;
CREATE TABLE `ingredients_props` (
  `id` bigint(20) NOT NULL AUTO_INCREMENT,
  `name` varchar(255) NOT NULL,
  PRIMARY KEY (`id`),
  UNIQUE KEY `ingredients_properties_id_uindex` (`id`)
) ENGINE=InnoDB AUTO_INCREMENT=3 DEFAULT CHARSET=utf8;
/*!40101 SET character_set_client = @saved_cs_client */;

--
-- Dumping data for table `ingredients_props`
--

LOCK TABLES `ingredients_props` WRITE;
/*!40000 ALTER TABLE `ingredients_props` DISABLE KEYS */;
INSERT INTO `ingredients_props` VALUES (1,'Жирность'),(2,'Сезонность');
/*!40000 ALTER TABLE `ingredients_props` ENABLE KEYS */;
UNLOCK TABLES;

--
-- Table structure for table `ingredients_props_categories`
--

DROP TABLE IF EXISTS `ingredients_props_categories`;
/*!40101 SET @saved_cs_client     = @@character_set_client */;
/*!40101 SET character_set_client = utf8 */;
CREATE TABLE `ingredients_props_categories` (
  `id` bigint(20) NOT NULL AUTO_INCREMENT,
  `ingredient_prop_id` bigint(20) NOT NULL,
  `ingredient_category_id` bigint(20) NOT NULL,
  `unit_data_type_id` bigint(20) NOT NULL,
  PRIMARY KEY (`id`),
  UNIQUE KEY `ingredients_props_categories_map_id_uindex` (`id`),
  UNIQUE KEY `props_id_category_id_uindex` (`ingredient_prop_id`,`ingredient_category_id`),
  KEY `ingredients_props_categories_map_ingredients_categories_id_fk` (`ingredient_category_id`),
  KEY `ingredients_props_categories_map_unit_data_types_id_fk` (`unit_data_type_id`),
  CONSTRAINT `ingredients_props_categories_map_ingredients_categories_id_fk` FOREIGN KEY (`ingredient_category_id`) REFERENCES `ingredients_categories` (`id`),
  CONSTRAINT `ingredients_props_categories_map_ingredients_props_id_fk` FOREIGN KEY (`ingredient_prop_id`) REFERENCES `ingredients_props` (`id`),
  CONSTRAINT `ingredients_props_categories_map_unit_data_types_id_fk` FOREIGN KEY (`unit_data_type_id`) REFERENCES `unit_data_types` (`id`)
) ENGINE=InnoDB DEFAULT CHARSET=utf8;
/*!40101 SET character_set_client = @saved_cs_client */;

--
-- Dumping data for table `ingredients_props_categories`
--

LOCK TABLES `ingredients_props_categories` WRITE;
/*!40000 ALTER TABLE `ingredients_props_categories` DISABLE KEYS */;
/*!40000 ALTER TABLE `ingredients_props_categories` ENABLE KEYS */;
UNLOCK TABLES;

--
-- Table structure for table `ingredients_unit_types`
--

DROP TABLE IF EXISTS `ingredients_unit_types`;
/*!40101 SET @saved_cs_client     = @@character_set_client */;
/*!40101 SET character_set_client = utf8 */;
CREATE TABLE `ingredients_unit_types` (
  `id` bigint(20) NOT NULL AUTO_INCREMENT,
  `ingredient_id` bigint(20) NOT NULL,
  `unit_type_id` bigint(20) NOT NULL,
  `weight` float NOT NULL,
  PRIMARY KEY (`id`),
  UNIQUE KEY `ingredients_unit_types_id_uindex` (`id`),
  UNIQUE KEY `ingredients_unit_types_u` (`ingredient_id`,`unit_type_id`),
  KEY `ingredients_unit_types_unit_types_id_fk` (`unit_type_id`),
  CONSTRAINT `ingredients_unit_types_ingredients_id_fk` FOREIGN KEY (`ingredient_id`) REFERENCES `ingredients` (`id`),
  CONSTRAINT `ingredients_unit_types_unit_types_id_fk` FOREIGN KEY (`unit_type_id`) REFERENCES `unit_types` (`id`)
) ENGINE=InnoDB AUTO_INCREMENT=1087 DEFAULT CHARSET=utf8;
/*!40101 SET character_set_client = @saved_cs_client */;

--
-- Dumping data for table `ingredients_unit_types`
--

LOCK TABLES `ingredients_unit_types` WRITE;
/*!40000 ALTER TABLE `ingredients_unit_types` DISABLE KEYS */;
INSERT INTO `ingredients_unit_types` VALUES (55,2,2,5),(56,3,2,7),(57,4,2,5),(58,5,2,5),(59,8,2,8),(60,9,2,7),(61,10,2,8),(62,11,2,7),(63,12,2,7),(64,13,2,7),(65,14,2,7),(66,15,2,10),(67,16,2,7),(68,17,2,7),(69,18,2,7),(70,19,2,7),(71,20,2,10),(72,21,2,10),(73,22,2,10),(74,23,2,8),(75,24,2,7),(76,25,2,10),(77,26,2,7),(78,28,2,7),(79,29,2,7),(80,30,2,7),(81,31,2,8),(82,32,2,7),(83,33,2,7),(84,34,2,7),(85,42,2,7),(86,43,2,7),(87,44,2,7),(88,45,2,7),(89,46,2,7),(90,47,2,7),(91,48,2,7),(93,50,2,7),(94,51,2,10),(95,52,2,7),(96,53,2,8),(97,54,2,7),(98,55,2,7),(99,56,2,7),(100,57,2,7),(101,58,2,7),(102,59,2,7),(103,60,2,7),(104,61,2,7),(105,62,2,7),(107,64,2,7),(108,99,2,7),(109,100,2,7),(110,101,2,7),(111,114,2,7),(112,115,2,7),(113,116,2,7),(115,169,2,10),(116,212,2,7),(119,2,1,15),(120,3,1,20),(121,4,1,15),(122,5,1,15),(123,8,1,25),(124,9,1,20),(125,10,1,25),(126,11,1,20),(127,12,1,20),(128,13,1,20),(129,14,1,20),(130,15,1,30),(131,16,1,20),(132,17,1,20),(133,18,1,20),(134,19,1,20),(135,20,1,30),(136,21,1,30),(137,22,1,30),(138,23,1,25),(139,24,1,20),(140,25,1,30),(141,26,1,20),(142,28,1,20),(143,29,1,20),(144,30,1,20),(145,31,1,25),(146,32,1,20),(147,33,1,20),(148,34,1,20),(149,42,1,20),(150,43,1,20),(151,44,1,20),(152,45,1,20),(153,46,1,20),(154,47,1,20),(155,48,1,20),(157,50,1,20),(158,51,1,30),(159,52,1,20),(160,53,1,25),(161,54,1,20),(162,55,1,20),(163,56,1,20),(164,57,1,20),(165,58,1,20),(166,59,1,20),(167,60,1,20),(168,61,1,20),(169,62,1,20),(171,64,1,20),(172,99,1,20),(173,100,1,20),(174,101,1,20),(175,114,1,20),(176,115,1,20),(177,116,1,20),(180,211,1,15),(181,212,1,20),(184,2,5,100),(185,3,5,200),(186,4,5,100),(187,5,5,100),(188,9,5,200),(189,10,5,130),(190,11,5,200),(191,12,5,200),(192,13,5,200),(193,14,5,200),(194,15,5,160),(195,16,5,200),(196,17,5,200),(197,18,5,200),(198,19,5,200),(199,20,5,150),(200,21,5,160),(201,22,5,160),(202,23,5,170),(203,24,5,150),(204,25,5,160),(205,26,5,200),(206,28,5,200),(207,29,5,200),(208,30,5,200),(209,31,5,185),(210,32,5,200),(211,33,5,140),(212,34,5,200),(214,36,5,70),(215,37,5,70),(216,38,5,70),(217,39,5,70),(218,40,5,70),(219,41,5,70),(220,42,5,185),(221,43,5,200),(222,44,5,200),(223,45,5,200),(224,46,5,200),(225,47,5,200),(226,48,5,200),(228,50,5,200),(229,51,5,160),(230,52,5,200),(231,53,5,200),(232,54,5,200),(233,55,5,200),(234,56,5,200),(235,57,5,200),(236,58,5,200),(237,59,5,200),(238,60,5,200),(239,61,5,200),(240,62,5,200),(242,64,5,200),(243,93,5,200),(244,94,5,200),(245,95,5,200),(246,96,5,200),(247,99,5,200),(248,100,5,200),(249,101,5,200),(250,103,5,200),(251,104,5,200),(252,114,5,200),(253,115,5,200),(254,116,5,200),(256,138,5,200),(257,155,5,152),(258,212,5,200),(259,275,5,130),(260,281,5,125),(263,142,6,100),(264,143,6,90),(265,144,6,12),(266,221,6,50),(267,223,6,12),(268,225,6,42),(269,226,6,35),(270,250,6,130),(271,251,6,130.5),(272,252,6,50),(274,254,6,55),(275,255,6,1000),(276,256,6,240),(277,257,6,1000),(278,258,6,50),(279,259,6,50),(280,260,6,1000),(281,261,6,350),(282,262,6,110),(284,264,6,135),(285,265,6,26),(286,266,6,85),(287,267,6,30),(288,268,6,125),(289,270,6,200),(290,291,6,100),(291,292,6,75),(292,294,6,30),(293,295,6,150),(294,296,6,250),(295,298,6,50),(296,299,6,250),(297,300,6,125),(298,301,6,75),(299,302,6,100),(301,304,6,4),(302,305,6,145),(303,306,6,20),(304,307,6,95),(305,308,6,100),(306,309,6,20),(307,310,6,200),(308,311,6,1000),(309,313,6,100),(312,2,4,1),(313,3,4,1),(314,4,4,1),(315,5,4,1),(316,8,4,1),(317,9,4,1),(318,10,4,1),(319,11,4,1),(320,12,4,1),(321,13,4,1),(322,14,4,1),(323,15,4,1),(324,16,4,1),(325,17,4,1),(326,18,4,1),(327,19,4,1),(328,20,4,1),(329,21,4,1),(330,22,4,1),(331,23,4,1),(332,24,4,1),(333,25,4,1),(334,26,4,1),(335,28,4,1),(336,29,4,1),(337,30,4,1),(338,31,4,1),(339,32,4,1),(340,33,4,1),(341,34,4,1),(342,42,4,1),(343,43,4,1),(344,44,4,1),(345,45,4,1),(346,46,4,1),(347,47,4,1),(348,48,4,1),(350,50,4,1),(351,51,4,1),(352,52,4,1),(353,53,4,1),(354,54,4,1),(355,55,4,1),(356,56,4,1),(357,57,4,1),(358,58,4,1),(359,59,4,1),(360,60,4,1),(361,61,4,1),(362,62,4,1),(364,64,4,1),(365,99,4,1),(366,100,4,1),(367,101,4,1),(368,114,4,1),(369,115,4,1),(370,116,4,1),(372,169,4,1),(373,212,4,1),(437,211,4,1),(497,93,4,1),(498,94,4,1),(499,95,4,1),(500,96,4,1),(504,103,4,1),(505,104,4,1),(510,138,4,1),(511,155,4,1),(513,275,4,1),(514,281,4,1),(517,142,4,1),(518,143,4,1),(519,144,4,1),(520,221,4,1),(521,223,4,1),(522,225,4,1),(523,226,4,1),(524,250,4,1),(525,251,4,1),(526,252,4,1),(528,254,4,1),(529,255,4,1),(530,256,4,1),(531,257,4,1),(532,258,4,1),(533,259,4,1),(534,260,4,1),(535,261,4,1),(536,262,4,1),(538,264,4,1),(539,265,4,1),(540,266,4,1),(541,267,4,1),(542,268,4,1),(543,270,4,1),(544,291,4,1),(545,292,4,1),(546,294,4,1),(547,295,4,1),(548,296,4,1),(549,298,4,1),(550,299,4,1),(551,300,4,1),(552,301,4,1),(553,302,4,1),(555,304,4,1),(556,305,4,1),(557,306,4,1),(558,307,4,1),(559,308,4,1),(560,309,4,1),(561,310,4,1),(562,311,4,1),(563,313,4,1),(564,145,4,1),(565,195,4,1),(566,6,4,1),(567,7,4,1),(569,65,4,1),(570,66,4,1),(571,67,4,1),(572,68,4,1),(574,70,4,1),(575,71,4,1),(576,72,4,1),(577,73,4,1),(578,74,4,1),(579,75,4,1),(580,76,4,1),(581,77,4,1),(582,78,4,1),(583,79,4,1),(584,80,4,1),(585,81,4,1),(586,82,4,1),(587,83,4,1),(588,84,4,1),(589,85,4,1),(590,86,4,1),(591,87,4,1),(592,88,4,1),(593,89,4,1),(594,90,4,1),(595,91,4,1),(596,92,4,1),(597,97,4,1),(598,98,4,1),(599,102,4,1),(600,105,4,1),(601,106,4,1),(602,107,4,1),(603,108,4,1),(604,109,4,1),(605,110,4,1),(606,111,4,1),(607,112,4,1),(608,113,4,1),(611,119,4,1),(612,120,4,1),(613,121,4,1),(614,122,4,1),(615,123,4,1),(616,124,4,1),(617,125,4,1),(618,126,4,1),(619,127,4,1),(620,128,4,1),(621,129,4,1),(622,130,4,1),(623,131,4,1),(624,132,4,1),(625,133,4,1),(628,137,4,1),(629,139,4,1),(630,140,4,1),(632,147,4,1),(633,148,4,1),(634,149,4,1),(635,150,4,1),(636,151,4,1),(637,152,4,1),(638,153,4,1),(639,154,4,1),(640,156,4,1),(641,157,4,1),(643,159,4,1),(644,160,4,1),(645,161,4,1),(646,162,4,1),(647,163,4,1),(648,164,4,1),(649,165,4,1),(650,166,4,1),(651,167,4,1),(652,168,4,1),(653,170,4,1),(654,171,4,1),(655,172,4,1),(656,173,4,1),(657,174,4,1),(659,177,4,1),(660,178,4,1),(661,179,4,1),(662,180,4,1),(663,181,4,1),(664,182,4,1),(665,183,4,1),(666,184,4,1),(667,185,4,1),(668,186,4,1),(669,187,4,1),(670,188,4,1),(671,189,4,1),(672,190,4,1),(673,191,4,1),(674,192,4,1),(675,193,4,1),(676,194,4,1),(677,196,4,1),(678,197,4,1),(679,198,4,1),(680,199,4,1),(681,200,4,1),(683,202,4,1),(685,204,4,1),(686,205,4,1),(687,206,4,1),(688,207,4,1),(689,208,4,1),(690,209,4,1),(692,213,4,1),(693,214,4,1),(694,215,4,1),(695,216,4,1),(696,217,4,1),(697,218,4,1),(699,220,4,1),(700,222,4,1),(701,224,4,1),(702,227,4,1),(703,228,4,1),(706,231,4,1),(709,234,4,1),(711,236,4,1),(712,237,4,1),(713,238,4,1),(714,239,4,1),(715,240,4,1),(716,241,4,1),(717,242,4,1),(718,243,4,1),(719,244,4,1),(720,245,4,1),(721,246,4,1),(722,247,4,1),(723,248,4,1),(724,249,4,1),(725,269,4,1),(726,271,4,1),(727,272,4,1),(728,273,4,1),(729,274,4,1),(730,276,4,1),(731,277,4,1),(732,278,4,1),(733,279,4,1),(734,280,4,1),(735,282,4,1),(736,283,4,1),(737,284,4,1),(738,285,4,1),(740,287,4,1),(741,288,4,1),(742,289,4,1),(743,290,4,1),(744,293,4,1),(745,297,4,1),(746,312,4,1),(747,314,4,1),(749,316,4,1),(750,317,4,1),(752,319,4,1),(753,320,4,1),(754,321,4,1),(755,322,4,1),(756,323,4,1),(757,324,4,1),(758,325,4,1),(759,326,4,1),(760,329,4,1),(761,330,4,1),(762,331,4,1),(763,332,4,1),(764,333,4,1),(765,334,4,1),(766,335,4,1),(767,336,4,1),(768,337,4,1),(769,338,4,1),(770,339,4,1),(771,340,4,1),(772,341,4,1),(773,342,4,1),(774,343,4,1),(775,344,4,1),(776,345,4,1),(777,346,4,1),(778,347,4,1),(779,348,4,1),(780,349,4,1),(781,350,4,1),(782,351,4,1),(783,352,4,1),(784,353,4,1),(785,354,4,1),(786,356,2,5),(787,356,4,1),(788,356,5,200),(789,356,1,18),(790,141,4,1),(791,141,6,55),(795,134,2,7),(796,134,5,200),(797,134,4,1),(798,134,1,20),(801,135,1,20),(802,135,2,7),(803,135,4,1),(806,136,2,7),(807,136,4,1),(808,136,1,20),(811,357,5,70),(812,357,4,1),(813,357,1,16),(814,263,6,165),(815,263,4,1),(816,146,6,6),(817,146,4,1),(818,358,4,1),(819,358,1,9),(820,359,4,1),(821,360,4,1),(822,360,6,6),(823,35,5,70),(824,35,1,16),(825,35,4,1),(828,27,4,1),(831,362,5,200),(832,362,4,1),(835,201,2,10),(836,201,1,25),(837,201,4,1),(838,363,2,7),(839,363,4,1),(840,363,1,20),(841,364,2,7),(842,364,4,1),(843,364,1,20),(846,210,4,1),(847,210,1,20),(848,210,2,7),(851,176,4,1),(852,176,1,10),(853,176,2,5),(858,355,4,1),(859,355,5,220),(860,355,1,30),(861,355,8,0),(862,355,2,11),(863,49,1,25),(864,49,8,0),(865,49,2,10),(866,49,4,1),(867,49,5,160),(874,366,6,6),(875,366,4,1),(878,230,10,1),(879,230,4,1),(880,230,8,0),(881,229,8,0),(882,229,10,50),(883,229,4,1),(888,365,10,50),(889,365,8,0),(890,361,4,1),(891,361,8,0),(892,361,2,8),(902,318,6,80),(903,318,4,1),(904,286,4,1),(905,286,6,2000),(906,367,4,1),(907,367,2,7),(908,367,1,20),(909,367,8,0),(910,368,8,0),(911,368,4,1),(912,368,1,13),(913,368,2,4),(915,369,4,1),(916,369,6,0),(917,219,4,1),(918,219,6,180),(919,370,5,200),(920,370,1,20),(921,370,2,7),(922,370,4,1),(928,117,4,1),(929,117,1,20),(930,117,5,200),(931,117,2,7),(937,118,5,200),(938,118,1,20),(939,118,2,7),(940,118,4,1),(941,253,4,1),(942,253,6,130),(943,371,4,1),(944,371,6,50),(945,372,4,1),(946,372,6,23),(947,373,6,20),(948,373,4,1),(949,374,6,15),(950,374,2,5),(951,374,1,15),(952,374,4,1),(953,375,4,1),(954,376,4,1),(960,377,5,145),(961,377,4,1),(962,378,4,1),(963,175,1,17),(964,175,2,5),(965,175,5,160),(966,175,4,1),(968,379,4,1),(969,63,4,1),(970,63,5,200),(971,63,2,7),(972,63,1,20),(973,303,4,1),(974,303,10,50),(975,232,10,50),(976,232,4,1),(977,380,1,15),(978,380,4,1),(979,380,2,5),(980,380,5,210),(990,383,1,20),(991,383,4,1),(992,383,2,7),(993,384,4,1),(994,385,4,1),(995,386,4,1),(996,387,4,1),(997,388,4,1),(998,389,4,1),(999,390,1,20),(1000,390,2,7),(1001,390,4,1),(1002,391,4,1),(1003,391,1,20),(1004,391,2,7),(1005,392,4,1),(1006,392,2,7),(1007,392,1,20),(1008,393,4,1),(1009,394,4,1),(1010,395,1,20),(1011,395,2,7),(1012,395,4,1),(1013,396,4,1),(1014,397,4,1),(1015,398,4,1),(1016,398,5,200),(1020,400,2,7),(1021,400,4,1),(1022,400,1,20),(1023,1,3,30),(1024,1,1,20),(1025,1,2,7),(1026,1,5,200),(1027,1,4,1),(1028,401,4,1),(1029,402,4,1),(1030,403,2,7),(1031,403,8,0),(1032,403,1,20),(1033,403,4,1),(1034,381,8,0),(1035,381,2,7),(1036,381,4,1),(1037,381,1,20),(1038,382,2,7),(1039,382,8,0),(1040,382,1,20),(1041,382,4,1),(1042,404,4,1),(1043,405,4,1),(1044,233,4,1),(1045,233,10,50),(1046,233,8,0),(1047,406,4,1),(1048,406,8,0),(1049,406,2,7),(1050,407,4,1),(1054,408,8,0),(1055,408,4,1),(1056,408,2,7),(1057,408,1,20),(1061,399,1,20),(1062,399,8,0),(1063,399,4,1),(1064,399,2,7),(1067,409,4,1),(1068,409,2,3),(1069,409,8,0),(1070,235,10,40),(1071,235,4,1),(1072,315,4,1),(1078,203,1,25),(1079,203,5,230),(1080,203,4,1),(1081,203,2,5),(1082,69,4,1),(1083,158,4,1),(1084,158,6,7),(1085,410,6,565),(1086,410,4,1);
/*!40000 ALTER TABLE `ingredients_unit_types` ENABLE KEYS */;
UNLOCK TABLES;

--
-- Table structure for table `phases`
--

DROP TABLE IF EXISTS `phases`;
/*!40101 SET @saved_cs_client     = @@character_set_client */;
/*!40101 SET character_set_client = utf8 */;
CREATE TABLE `phases` (
  `id` bigint(20) NOT NULL AUTO_INCREMENT,
  `name` varchar(255) NOT NULL,
  `priority` int(11) NOT NULL DEFAULT '1',
  `proteins_percentage` float NOT NULL,
  `carbs_percentage` float NOT NULL,
  `fats_percentage` float NOT NULL,
  PRIMARY KEY (`id`),
  UNIQUE KEY `phases_id_uindex` (`id`)
) ENGINE=InnoDB AUTO_INCREMENT=4 DEFAULT CHARSET=utf8;
/*!40101 SET character_set_client = @saved_cs_client */;

--
-- Dumping data for table `phases`
--

LOCK TABLES `phases` WRITE;
/*!40000 ALTER TABLE `phases` DISABLE KEYS */;
INSERT INTO `phases` VALUES (1,'Molecular',1,0.25,0.25,0.5),(2,'Adaptive',2,0.25,0.35,0.4),(3,'Intuitive',3,0.2,0.4,0.4);
/*!40000 ALTER TABLE `phases` ENABLE KEYS */;
UNLOCK TABLES;

--
-- Table structure for table `programs`
--

DROP TABLE IF EXISTS `programs`;
/*!40101 SET @saved_cs_client     = @@character_set_client */;
/*!40101 SET character_set_client = utf8 */;
CREATE TABLE `programs` (
  `id` bigint(20) NOT NULL AUTO_INCREMENT,
  `name` varchar(255) NOT NULL,
  `purpose_id` bigint(20) NOT NULL,
  `calories_difference_coefficient` double NOT NULL,
  PRIMARY KEY (`id`),
  UNIQUE KEY `programs_id_uindex` (`id`),
  KEY `programs_purposes_id_fk` (`purpose_id`),
  CONSTRAINT `programs_purposes_id_fk` FOREIGN KEY (`purpose_id`) REFERENCES `purposes` (`id`)
) ENGINE=InnoDB AUTO_INCREMENT=3 DEFAULT CHARSET=utf8;
/*!40101 SET character_set_client = @saved_cs_client */;

--
-- Dumping data for table `programs`
--

LOCK TABLES `programs` WRITE;
/*!40000 ALTER TABLE `programs` DISABLE KEYS */;
INSERT INTO `programs` VALUES (1,'Novalong weight lose program ',2,0.8),(2,'Schwarzenegger muscle gain program',1,1.2);
/*!40000 ALTER TABLE `programs` ENABLE KEYS */;
UNLOCK TABLES;

--
-- Table structure for table `programs_dish_types`
--

DROP TABLE IF EXISTS `programs_dish_types`;
/*!40101 SET @saved_cs_client     = @@character_set_client */;
/*!40101 SET character_set_client = utf8 */;
CREATE TABLE `programs_dish_types` (
  `id` bigint(20) NOT NULL AUTO_INCREMENT,
  `program_id` bigint(20) NOT NULL,
  `dish_type_id` bigint(20) NOT NULL,
  `calories_percentage` double NOT NULL,
  PRIMARY KEY (`id`),
  UNIQUE KEY `programs_dish_types_id_uindex` (`id`),
  KEY `programs_dish_types_programs_id_fk` (`program_id`),
  KEY `programs_dish_types_dish_types_id_fk` (`dish_type_id`),
  CONSTRAINT `programs_dish_types_dish_types_id_fk` FOREIGN KEY (`dish_type_id`) REFERENCES `dish_types` (`id`),
  CONSTRAINT `programs_dish_types_programs_id_fk` FOREIGN KEY (`program_id`) REFERENCES `programs` (`id`)
) ENGINE=InnoDB AUTO_INCREMENT=11 DEFAULT CHARSET=utf8;
/*!40101 SET character_set_client = @saved_cs_client */;

--
-- Dumping data for table `programs_dish_types`
--

LOCK TABLES `programs_dish_types` WRITE;
/*!40000 ALTER TABLE `programs_dish_types` DISABLE KEYS */;
INSERT INTO `programs_dish_types` VALUES (1,1,1,0.2),(2,1,2,0.3),(3,1,3,0.3),(4,1,5,0.2),(5,2,1,0.2),(6,2,2,0.1),(7,2,3,0.3),(8,2,4,0.1),(9,2,5,0.2),(10,2,6,0.1);
/*!40000 ALTER TABLE `programs_dish_types` ENABLE KEYS */;
UNLOCK TABLES;

--
-- Table structure for table `purposes`
--

DROP TABLE IF EXISTS `purposes`;
/*!40101 SET @saved_cs_client     = @@character_set_client */;
/*!40101 SET character_set_client = utf8 */;
CREATE TABLE `purposes` (
  `id` bigint(20) NOT NULL AUTO_INCREMENT,
  `code` varchar(255) NOT NULL,
  `name` varchar(255) NOT NULL,
  PRIMARY KEY (`id`),
  UNIQUE KEY `purposes_id_uindex` (`id`)
) ENGINE=InnoDB AUTO_INCREMENT=3 DEFAULT CHARSET=utf8;
/*!40101 SET character_set_client = @saved_cs_client */;

--
-- Dumping data for table `purposes`
--

LOCK TABLES `purposes` WRITE;
/*!40000 ALTER TABLE `purposes` DISABLE KEYS */;
INSERT INTO `purposes` VALUES (1,'GAIN','Muscle Gain'),(2,'LOSE','Weight Lose');
/*!40000 ALTER TABLE `purposes` ENABLE KEYS */;
UNLOCK TABLES;

--
-- Table structure for table `roles`
--

DROP TABLE IF EXISTS `roles`;
/*!40101 SET @saved_cs_client     = @@character_set_client */;
/*!40101 SET character_set_client = utf8 */;
CREATE TABLE `roles` (
  `id` bigint(20) NOT NULL AUTO_INCREMENT,
  `name` varchar(255) NOT NULL,
  PRIMARY KEY (`id`),
  UNIQUE KEY `roles_id_uindex` (`id`)
) ENGINE=InnoDB AUTO_INCREMENT=3 DEFAULT CHARSET=utf8;
/*!40101 SET character_set_client = @saved_cs_client */;

--
-- Dumping data for table `roles`
--

LOCK TABLES `roles` WRITE;
/*!40000 ALTER TABLE `roles` DISABLE KEYS */;
INSERT INTO `roles` VALUES (1,'ROLE_ADMIN'),(2,'ROLE_USER');
/*!40000 ALTER TABLE `roles` ENABLE KEYS */;
UNLOCK TABLES;

--
-- Table structure for table `unit_data_types`
--

DROP TABLE IF EXISTS `unit_data_types`;
/*!40101 SET @saved_cs_client     = @@character_set_client */;
/*!40101 SET character_set_client = utf8 */;
CREATE TABLE `unit_data_types` (
  `id` bigint(20) NOT NULL AUTO_INCREMENT,
  `name` varchar(255) NOT NULL,
  `data_type_code` varchar(255) NOT NULL,
  PRIMARY KEY (`id`),
  UNIQUE KEY `unit_data_types_id_uindex` (`id`)
) ENGINE=InnoDB AUTO_INCREMENT=4 DEFAULT CHARSET=utf8;
/*!40101 SET character_set_client = @saved_cs_client */;

--
-- Dumping data for table `unit_data_types`
--

LOCK TABLES `unit_data_types` WRITE;
/*!40000 ALTER TABLE `unit_data_types` DISABLE KEYS */;
INSERT INTO `unit_data_types` VALUES (1,'Грамм','FLOAT'),(2,'Процент','FLOAT'),(3,'Месяц','STRING');
/*!40000 ALTER TABLE `unit_data_types` ENABLE KEYS */;
UNLOCK TABLES;

--
-- Table structure for table `unit_types`
--

DROP TABLE IF EXISTS `unit_types`;
/*!40101 SET @saved_cs_client     = @@character_set_client */;
/*!40101 SET character_set_client = utf8 */;
CREATE TABLE `unit_types` (
  `id` bigint(20) NOT NULL AUTO_INCREMENT,
  `code` varchar(255) NOT NULL,
  `name` varchar(255) NOT NULL,
  `unit_data_type_id` bigint(20) NOT NULL,
  `is_dish` tinyint(1) NOT NULL DEFAULT '0',
  PRIMARY KEY (`id`),
  UNIQUE KEY `unit_types_id_uindex` (`id`),
  UNIQUE KEY `unit_types_code_uindex` (`code`),
  KEY `unit_types_unit_data_types_id_fk` (`unit_data_type_id`),
  CONSTRAINT `unit_types_unit_data_types_id_fk` FOREIGN KEY (`unit_data_type_id`) REFERENCES `unit_data_types` (`id`)
) ENGINE=InnoDB AUTO_INCREMENT=13 DEFAULT CHARSET=utf8;
/*!40101 SET character_set_client = @saved_cs_client */;

--
-- Dumping data for table `unit_types`
--

LOCK TABLES `unit_types` WRITE;
/*!40000 ALTER TABLE `unit_types` DISABLE KEYS */;
INSERT INTO `unit_types` VALUES (1,'TABLESPOON','Столовая ложка',1,0),(2,'TEASPOON','Чайная ложка',1,0),(3,'HANDFUL','Горсть',1,0),(4,'GRAMS','Грамм',1,0),(5,'GLASS','Стакан',1,0),(6,'PIECE','Штука',1,0),(7,'LITER','Литр',1,0),(8,'BYTASTE','По вкусу',1,0),(9,'SERVING','Порция',1,1),(10,'BUNDLE','Пучок',1,0),(11,'GRAMS_DISH','Грамм',1,1);
/*!40000 ALTER TABLE `unit_types` ENABLE KEYS */;
UNLOCK TABLES;

--
-- Table structure for table `user_daily_rations`
--

DROP TABLE IF EXISTS `user_daily_rations`;
/*!40101 SET @saved_cs_client     = @@character_set_client */;
/*!40101 SET character_set_client = utf8 */;
CREATE TABLE `user_daily_rations` (
  `id` bigint(20) NOT NULL AUTO_INCREMENT,
  `user_ration_id` bigint(20) NOT NULL,
  `dish_type_id` bigint(20) NOT NULL,
  `dish_id` bigint(20) NOT NULL,
  `day_code` varchar(10) NOT NULL,
  `protein` float NOT NULL,
  `carbohydrate` float NOT NULL,
  `fat` bigint(20) NOT NULL,
  `unit_type_id` bigint(20) NOT NULL,
  `unit_amount` double NOT NULL,
  PRIMARY KEY (`id`),
  UNIQUE KEY `user_daily_rations_id_uindex` (`id`),
  UNIQUE KEY `ration_id_dish_type_id_dish_id_uindex` (`user_ration_id`,`dish_type_id`,`dish_id`),
  KEY `user_daily_rations_dish_types_id_fk` (`dish_type_id`),
  KEY `user_daily_rations_dishes_id_fk` (`dish_id`),
  KEY `user_daily_rations_unit_types_id_fk` (`unit_type_id`),
  CONSTRAINT `user_daily_rations_dish_types_id_fk` FOREIGN KEY (`dish_type_id`) REFERENCES `dish_types` (`id`),
  CONSTRAINT `user_daily_rations_dishes_id_fk` FOREIGN KEY (`dish_id`) REFERENCES `dishes` (`id`),
  CONSTRAINT `user_daily_rations_unit_types_id_fk` FOREIGN KEY (`unit_type_id`) REFERENCES `unit_types` (`id`),
  CONSTRAINT `user_daily_rations_user_rations_id_fk` FOREIGN KEY (`user_ration_id`) REFERENCES `user_rations` (`id`)
) ENGINE=InnoDB AUTO_INCREMENT=369 DEFAULT CHARSET=utf8;
/*!40101 SET character_set_client = @saved_cs_client */;

--
-- Dumping data for table `user_daily_rations`
--

LOCK TABLES `user_daily_rations` WRITE;
/*!40000 ALTER TABLE `user_daily_rations` DISABLE KEYS */;
INSERT INTO `user_daily_rations` VALUES (365,52,1,52,'WED',12.13,57.35,7,11,300.14),(366,52,5,42,'WED',6.61,77.79,1,11,301.21),(367,52,2,68,'WED',16.88,59.23,23,11,406.52),(368,52,3,60,'WED',33.76,32.03,28,11,518.82);
/*!40000 ALTER TABLE `user_daily_rations` ENABLE KEYS */;
UNLOCK TABLES;

--
-- Table structure for table `user_rations`
--

DROP TABLE IF EXISTS `user_rations`;
/*!40101 SET @saved_cs_client     = @@character_set_client */;
/*!40101 SET character_set_client = utf8 */;
CREATE TABLE `user_rations` (
  `id` bigint(20) NOT NULL AUTO_INCREMENT,
  `user_id` bigint(20) NOT NULL,
  `program_id` bigint(20) NOT NULL,
  `start_date` timestamp NOT NULL DEFAULT CURRENT_TIMESTAMP,
  `end_date` timestamp NOT NULL DEFAULT CURRENT_TIMESTAMP,
  `total_calories_needed` double NOT NULL,
  `active` tinyint(1) NOT NULL DEFAULT '1',
  PRIMARY KEY (`id`),
  UNIQUE KEY `user_rations_id_uindex` (`id`),
  KEY `user_rations_users_id_fk` (`user_id`),
  KEY `user_rations_programs_id_fk` (`program_id`),
  CONSTRAINT `user_rations_programs_id_fk` FOREIGN KEY (`program_id`) REFERENCES `programs` (`id`),
  CONSTRAINT `user_rations_users_id_fk` FOREIGN KEY (`user_id`) REFERENCES `users` (`id`)
) ENGINE=InnoDB AUTO_INCREMENT=53 DEFAULT CHARSET=utf8;
/*!40101 SET character_set_client = @saved_cs_client */;

--
-- Dumping data for table `user_rations`
--

LOCK TABLES `user_rations` WRITE;
/*!40000 ALTER TABLE `user_rations` DISABLE KEYS */;
INSERT INTO `user_rations` VALUES (52,1,1,'2018-08-22 07:43:15','2018-08-23 07:43:15',1719,1);
/*!40000 ALTER TABLE `user_rations` ENABLE KEYS */;
UNLOCK TABLES;

--
-- Table structure for table `users`
--

DROP TABLE IF EXISTS `users`;
/*!40101 SET @saved_cs_client     = @@character_set_client */;
/*!40101 SET character_set_client = utf8 */;
CREATE TABLE `users` (
  `id` bigint(20) NOT NULL AUTO_INCREMENT,
  `username` varchar(255) NOT NULL,
  `password` varchar(255) DEFAULT NULL,
  `gender_id` bigint(20) NOT NULL,
  `age` int(11) NOT NULL,
  `height` double NOT NULL,
  `weight` double NOT NULL,
  `purpose_id` bigint(20) DEFAULT NULL,
  `activity_level_id` bigint(20) DEFAULT NULL,
  `role_id` bigint(20) NOT NULL,
  `current_phase_id` bigint(20) NOT NULL,
  `active` tinyint(4) NOT NULL DEFAULT '1',
  `phase_update_date` timestamp NOT NULL DEFAULT CURRENT_TIMESTAMP,
  PRIMARY KEY (`id`),
  UNIQUE KEY `users_id_uindex` (`id`),
  UNIQUE KEY `username_uindex` (`username`),
  KEY `users_roles_id_fk` (`role_id`),
  KEY `users_genders_id_fk` (`gender_id`),
  KEY `users_purposes_id_fk` (`purpose_id`),
  KEY `users_activity_levels_id_fk` (`activity_level_id`),
  KEY `users_phases_id_fk` (`current_phase_id`),
  CONSTRAINT `users_activity_levels_id_fk` FOREIGN KEY (`activity_level_id`) REFERENCES `activity_levels` (`id`),
  CONSTRAINT `users_genders_id_fk` FOREIGN KEY (`gender_id`) REFERENCES `genders` (`id`),
  CONSTRAINT `users_phases_id_fk` FOREIGN KEY (`current_phase_id`) REFERENCES `phases` (`id`),
  CONSTRAINT `users_purposes_id_fk` FOREIGN KEY (`purpose_id`) REFERENCES `purposes` (`id`),
  CONSTRAINT `users_roles_id_fk` FOREIGN KEY (`role_id`) REFERENCES `roles` (`id`)
) ENGINE=InnoDB AUTO_INCREMENT=10 DEFAULT CHARSET=utf8;
/*!40101 SET character_set_client = @saved_cs_client */;

--
-- Dumping data for table `users`
--

LOCK TABLES `users` WRITE;
/*!40000 ALTER TABLE `users` DISABLE KEYS */;
INSERT INTO `users` VALUES (1,'tyrion','$2a$10$LTu15SRR31VNZ3P8OtAf1exnKzZ41TparWDh4gR79dPM/eqIbdNZm',1,42,120,41,2,3,1,1,1,'2018-07-16 16:15:51'),(2,'rhaegar','$2a$10$dCcpU10OFTP9CBb8fbFqYuy1Gu39QQlUM7sKWNzDpz1KP94W2USAa',1,39,187,82,1,3,2,1,0,'2018-07-16 16:15:51'),(3,'aegon','$2a$10$LTu15SRR31VNZ3P8OtAf1exnKzZ41TparWDh4gR79dPM/eqIbdNZm',1,49,190,81,1,1,2,1,1,'2018-07-16 16:15:51'),(4,'sansa','$2a$10$dCcpU10OFTP9CBb8fbFqYuy1Gu39QQlUM7sKWNzDpz1KP94W2USAa',2,17,164,47,2,2,2,1,1,'2018-07-16 16:15:51'),(5,'arya','$2a$10$VI56Jp0VR6hEBSNp1QkxN.VI6LqAMQNVubkpWONZpu2ONEwRBA0Ne',2,14,153,42,2,3,2,1,1,'2018-07-16 16:15:51'),(6,'sersey','$2a$10$UjKxdt0kmA85x8MuWAzrHu2S/2IAoKkWVLr8XexRdh4UEsiAmB9cm',2,34,170,51,2,1,2,1,1,'2018-07-16 16:15:51'),(7,'lianna',NULL,2,17,153,42,2,3,2,1,1,'2018-07-16 16:15:51'),(8,'test',NULL,1,17,153,42,2,3,2,1,1,'2018-07-16 16:15:51'),(9,'john',NULL,1,22,164,55,1,3,2,1,1,'2018-07-16 16:15:51');
/*!40000 ALTER TABLE `users` ENABLE KEYS */;
UNLOCK TABLES;

--
-- Table structure for table `users_dietary_restrictions`
--

DROP TABLE IF EXISTS `users_dietary_restrictions`;
/*!40101 SET @saved_cs_client     = @@character_set_client */;
/*!40101 SET character_set_client = utf8 */;
CREATE TABLE `users_dietary_restrictions` (
  `user_id` bigint(20) NOT NULL,
  `dietary_restriction_id` bigint(20) NOT NULL,
  KEY `user_dietary_restrictions_users_id_fk` (`user_id`),
  KEY `user_dietary_restrictions_dietary_restrictions_id_fk` (`dietary_restriction_id`),
  CONSTRAINT `user_dietary_restrictions_dietary_restrictions_id_fk` FOREIGN KEY (`dietary_restriction_id`) REFERENCES `dietary_restrictions` (`id`),
  CONSTRAINT `user_dietary_restrictions_users_id_fk` FOREIGN KEY (`user_id`) REFERENCES `users` (`id`)
) ENGINE=InnoDB DEFAULT CHARSET=utf8;
/*!40101 SET character_set_client = @saved_cs_client */;

--
-- Dumping data for table `users_dietary_restrictions`
--

LOCK TABLES `users_dietary_restrictions` WRITE;
/*!40000 ALTER TABLE `users_dietary_restrictions` DISABLE KEYS */;
INSERT INTO `users_dietary_restrictions` VALUES (4,2),(4,1),(5,3);
/*!40000 ALTER TABLE `users_dietary_restrictions` ENABLE KEYS */;
UNLOCK TABLES;

--
-- Table structure for table `week_days`
--

DROP TABLE IF EXISTS `week_days`;
/*!40101 SET @saved_cs_client     = @@character_set_client */;
/*!40101 SET character_set_client = utf8 */;
CREATE TABLE `week_days` (
  `id` bigint(20) NOT NULL AUTO_INCREMENT,
  `code` varchar(10) NOT NULL,
  `name` varchar(255) NOT NULL,
  PRIMARY KEY (`id`),
  UNIQUE KEY `week_days_id_uindex` (`id`),
  UNIQUE KEY `week_days_code_uindex` (`code`)
) ENGINE=InnoDB AUTO_INCREMENT=8 DEFAULT CHARSET=utf8;
/*!40101 SET character_set_client = @saved_cs_client */;

--
-- Dumping data for table `week_days`
--

LOCK TABLES `week_days` WRITE;
/*!40000 ALTER TABLE `week_days` DISABLE KEYS */;
INSERT INTO `week_days` VALUES (1,'MON','Monday'),(2,'TUE','Tuesday'),(3,'WED','Wednesday'),(4,'THU','Thursday'),(5,'FRI','Friday'),(6,'SAT','Saturday'),(7,'SUN','Sunday');
/*!40000 ALTER TABLE `week_days` ENABLE KEYS */;
UNLOCK TABLES;
/*!40103 SET TIME_ZONE=@OLD_TIME_ZONE */;

/*!40101 SET SQL_MODE=@OLD_SQL_MODE */;
/*!40014 SET FOREIGN_KEY_CHECKS=@OLD_FOREIGN_KEY_CHECKS */;
/*!40014 SET UNIQUE_CHECKS=@OLD_UNIQUE_CHECKS */;
/*!40101 SET CHARACTER_SET_CLIENT=@OLD_CHARACTER_SET_CLIENT */;
/*!40101 SET CHARACTER_SET_RESULTS=@OLD_CHARACTER_SET_RESULTS */;
/*!40101 SET COLLATION_CONNECTION=@OLD_COLLATION_CONNECTION */;
/*!40111 SET SQL_NOTES=@OLD_SQL_NOTES */;

-- Dump completed on 2018-08-24  8:47:29
