-- MySQL dump 10.13  Distrib 5.7.23, for Linux (x86_64)
--
-- Host: localhost    Database: novalong_db
-- ------------------------------------------------------
-- Server version	5.7.23

/*!40101 SET @OLD_CHARACTER_SET_CLIENT=@@CHARACTER_SET_CLIENT */;
/*!40101 SET @OLD_CHARACTER_SET_RESULTS=@@CHARACTER_SET_RESULTS */;
/*!40101 SET @OLD_COLLATION_CONNECTION=@@COLLATION_CONNECTION */;
/*!40101 SET NAMES utf8 */;
/*!40103 SET @OLD_TIME_ZONE=@@TIME_ZONE */;
/*!40103 SET TIME_ZONE='+00:00' */;
/*!40014 SET @OLD_UNIQUE_CHECKS=@@UNIQUE_CHECKS, UNIQUE_CHECKS=0 */;
/*!40014 SET @OLD_FOREIGN_KEY_CHECKS=@@FOREIGN_KEY_CHECKS, FOREIGN_KEY_CHECKS=0 */;
/*!40101 SET @OLD_SQL_MODE=@@SQL_MODE, SQL_MODE='NO_AUTO_VALUE_ON_ZERO' */;
/*!40111 SET @OLD_SQL_NOTES=@@SQL_NOTES, SQL_NOTES=0 */;

--
-- Table structure for table `activity_levels`
--

DROP TABLE IF EXISTS `activity_levels`;
/*!40101 SET @saved_cs_client     = @@character_set_client */;
/*!40101 SET character_set_client = utf8 */;
CREATE TABLE `activity_levels` (
  `id` bigint(20) NOT NULL AUTO_INCREMENT,
  `code` varchar(255) NOT NULL,
  `name` varchar(255) NOT NULL,
  `description` varchar(255) NOT NULL,
  `coefficient` double NOT NULL,
  `active` tinyint(1) DEFAULT '1',
  PRIMARY KEY (`id`),
  UNIQUE KEY `activity_levels_id_uindex` (`id`)
) ENGINE=InnoDB AUTO_INCREMENT=4 DEFAULT CHARSET=utf8;
/*!40101 SET character_set_client = @saved_cs_client */;

--
-- Dumping data for table `activity_levels`
--

LOCK TABLES `activity_levels` WRITE;
/*!40000 ALTER TABLE `activity_levels` DISABLE KEYS */;
INSERT INTO `activity_levels` VALUES (1,'SEDENTARY','Sedentary or light activity','Office worker getting little or no exercise',1.53,1),(2,'ACTIVE','Active or moderately active','Construction worker or person running one hour daily',1.76,1),(3,'EXTREME','Vigorously active','Agricultural worker (non mechanized) or person swimming two hours daily	',2.25,1);
/*!40000 ALTER TABLE `activity_levels` ENABLE KEYS */;
UNLOCK TABLES;

--
-- Table structure for table `alternatives_categories`
--

DROP TABLE IF EXISTS `alternatives_categories`;
/*!40101 SET @saved_cs_client     = @@character_set_client */;
/*!40101 SET character_set_client = utf8 */;
CREATE TABLE `alternatives_categories` (
  `id` bigint(20) NOT NULL AUTO_INCREMENT,
  `code` varchar(255) NOT NULL,
  `active` tinyint(1) DEFAULT '1',
  PRIMARY KEY (`id`),
  UNIQUE KEY `alternatives_categories_id_uindex` (`id`)
) ENGINE=InnoDB AUTO_INCREMENT=3 DEFAULT CHARSET=utf8;
/*!40101 SET character_set_client = @saved_cs_client */;

--
-- Dumping data for table `alternatives_categories`
--

LOCK TABLES `alternatives_categories` WRITE;
/*!40000 ALTER TABLE `alternatives_categories` DISABLE KEYS */;
INSERT INTO `alternatives_categories` VALUES (1,'PRICE',1),(2,'HEALTH',1);
/*!40000 ALTER TABLE `alternatives_categories` ENABLE KEYS */;
UNLOCK TABLES;

--
-- Table structure for table `alternatives_relations`
--

DROP TABLE IF EXISTS `alternatives_relations`;
/*!40101 SET @saved_cs_client     = @@character_set_client */;
/*!40101 SET character_set_client = utf8 */;
CREATE TABLE `alternatives_relations` (
  `id` bigint(20) NOT NULL AUTO_INCREMENT,
  `code` varchar(255) NOT NULL,
  `pair_id` bigint(20) DEFAULT NULL,
  `active` tinyint(1) DEFAULT '1',
  PRIMARY KEY (`id`),
  UNIQUE KEY `alternatives_relations_id_uindex` (`id`),
  KEY `alternatives_relations_alternatives_relations_id_fk` (`pair_id`),
  CONSTRAINT `alternatives_relations_alternatives_relations_id_fk` FOREIGN KEY (`pair_id`) REFERENCES `alternatives_relations` (`id`)
) ENGINE=InnoDB AUTO_INCREMENT=3 DEFAULT CHARSET=utf8;
/*!40101 SET character_set_client = @saved_cs_client */;

--
-- Dumping data for table `alternatives_relations`
--

LOCK TABLES `alternatives_relations` WRITE;
/*!40000 ALTER TABLE `alternatives_relations` DISABLE KEYS */;
INSERT INTO `alternatives_relations` VALUES (1,'LESS',2,1),(2,'MORE',1,1);
/*!40000 ALTER TABLE `alternatives_relations` ENABLE KEYS */;
UNLOCK TABLES;

--
-- Table structure for table `catalog`
--

DROP TABLE IF EXISTS `catalog`;
/*!40101 SET @saved_cs_client     = @@character_set_client */;
/*!40101 SET character_set_client = utf8 */;
CREATE TABLE `catalog` (
  `id` int(11) NOT NULL AUTO_INCREMENT,
  `name` varchar(255) NOT NULL,
  `description` varchar(255) NOT NULL,
  `json_template` text NOT NULL,
  `active` tinyint(1) DEFAULT '1',
  PRIMARY KEY (`id`)
) ENGINE=InnoDB AUTO_INCREMENT=14 DEFAULT CHARSET=utf8;
/*!40101 SET character_set_client = @saved_cs_client */;

--
-- Dumping data for table `catalog`
--

LOCK TABLES `catalog` WRITE;
/*!40000 ALTER TABLE `catalog` DISABLE KEYS */;
INSERT INTO `catalog` VALUES (1,'activity_levels','Виды активности человека','{ \"id\": -1, \"code\": \"code\", \"name\": \"name\", \"description\": \"description\", \"coefficient\": -1.01, \"active\": true }',1),(2,'alternatives_categories','Категории для выбора альтернатив к ингредиентам','{ \"id\": -1, \"code\": \"code\", \"active\": true }',1),(3,'alternatives_relations','Виды связи по альтернативам','{ \"id\": -1, \"code\": \"code\", \"active\": true }',1),(4,'dietary_restrictions','Ограничения по диете','{ \"id\": -1, \"code\": \"code\", \"name\": \"name\", \"active\": true }',1),(5,'dish_categories','Категории блюд','{ \"id\": -1, \"name\": \"name\", \"active\": true }',1),(6,'dish_types','Виды приемов пищи','{ \"id\": -1, \"code\": \"code\", \"name\": \"name\", \"active\": true }',1),(7,'ingredients_categories','Категории ингредиентов','{ \"id\": -1, \"name\": \"name\", \"parentCategoryId\": -1, \"active\": true }',1),(8,'ingredients_props','Свойства ингредиентов','{ \"id\": -1, \"name\": \"name\", \"active\": true }',1),(9,'phases','Фазы','{ \"id\": -1, \"name\": \"name\", \"priority\": -1, \"proteinsPercentage\": -1, \"carbsPercentage\": -1, \"fatsPercentage\": -1, \"active\": true }',1),(10,'programs','Программы','{ \"id\": -1, \"name\": \"name\", \"purposeId\": -1, \"caloriesDifferenceCoefficient\": -1, \"active\": true }',1),(11,'programs_dish_types','Приемы пищи по программам','{ \"id\": -1, \"programId\": -1, \"dishTypeId\": -1, \"caloriesPercentage\": -1, \"active\": true }',1),(12,'purposes','Цели','{ \"id\": -1, \"code\": \"code\", \"name\": \"name\", \"active\": true }',1),(13,'unit_types','Единицы измерения','{ \"id\": -1, \"code\": \"code\", \"name\": \"name\", \"dataTypeId\": -1, \"isDish\": true, \"active\": true }',1);
/*!40000 ALTER TABLE `catalog` ENABLE KEYS */;
UNLOCK TABLES;

--
-- Table structure for table `cooking_types`
--

DROP TABLE IF EXISTS `cooking_types`;
/*!40101 SET @saved_cs_client     = @@character_set_client */;
/*!40101 SET character_set_client = utf8 */;
CREATE TABLE `cooking_types` (
  `id` bigint(20) NOT NULL AUTO_INCREMENT,
  `name` varchar(255) NOT NULL,
  PRIMARY KEY (`id`),
  UNIQUE KEY `cooking_types_id_uindex` (`id`)
) ENGINE=InnoDB AUTO_INCREMENT=3 DEFAULT CHARSET=utf8;
/*!40101 SET character_set_client = @saved_cs_client */;

--
-- Dumping data for table `cooking_types`
--

LOCK TABLES `cooking_types` WRITE;
/*!40000 ALTER TABLE `cooking_types` DISABLE KEYS */;
INSERT INTO `cooking_types` VALUES (1,'Boiling'),(2,'Roasting');
/*!40000 ALTER TABLE `cooking_types` ENABLE KEYS */;
UNLOCK TABLES;

--
-- Table structure for table `dietary_restrictions`
--

DROP TABLE IF EXISTS `dietary_restrictions`;
/*!40101 SET @saved_cs_client     = @@character_set_client */;
/*!40101 SET character_set_client = utf8 */;
CREATE TABLE `dietary_restrictions` (
  `id` bigint(20) NOT NULL AUTO_INCREMENT,
  `code` varchar(255) NOT NULL,
  `name` varchar(255) NOT NULL,
  `active` tinyint(1) DEFAULT '1',
  PRIMARY KEY (`id`),
  UNIQUE KEY `dietary_restrictions_id_uindex` (`id`)
) ENGINE=InnoDB AUTO_INCREMENT=5 DEFAULT CHARSET=utf8;
/*!40101 SET character_set_client = @saved_cs_client */;

--
-- Dumping data for table `dietary_restrictions`
--

LOCK TABLES `dietary_restrictions` WRITE;
/*!40000 ALTER TABLE `dietary_restrictions` DISABLE KEYS */;
INSERT INTO `dietary_restrictions` VALUES (1,'DIABETES','Sugar diabetes',1),(2,'PREGNANCY','Pregnancy',1),(3,'HYPERTENSION','Hypertension',1),(4,'GASTRITIS','Gastritis',1);
/*!40000 ALTER TABLE `dietary_restrictions` ENABLE KEYS */;
UNLOCK TABLES;

--
-- Table structure for table `dish_categories`
--

DROP TABLE IF EXISTS `dish_categories`;
/*!40101 SET @saved_cs_client     = @@character_set_client */;
/*!40101 SET character_set_client = utf8 */;
CREATE TABLE `dish_categories` (
  `id` bigint(20) NOT NULL AUTO_INCREMENT,
  `name` varchar(255) NOT NULL,
  `active` tinyint(1) DEFAULT '1',
  PRIMARY KEY (`id`),
  UNIQUE KEY `dish_categories_id_uindex` (`id`)
) ENGINE=InnoDB AUTO_INCREMENT=14 DEFAULT CHARSET=utf8;
/*!40101 SET character_set_client = @saved_cs_client */;

--
-- Dumping data for table `dish_categories`
--

LOCK TABLES `dish_categories` WRITE;
/*!40000 ALTER TABLE `dish_categories` DISABLE KEYS */;
INSERT INTO `dish_categories` VALUES (1,'Другое',1),(2,'Гарниры',1),(3,'Овощные гарниры',1),(4,'Мясные блюда',1),(5,'Каши и запеканки',1),(6,'Изделия из теста',1),(7,'Напитки',1),(8,'Основные блюда',1),(9,'Супы',1),(10,'Салаты',1),(11,'Блюда из творога',1),(13,'Десерты',1);
/*!40000 ALTER TABLE `dish_categories` ENABLE KEYS */;
UNLOCK TABLES;

--
-- Table structure for table `dish_ingredients_alternatives`
--

DROP TABLE IF EXISTS `dish_ingredients_alternatives`;
/*!40101 SET @saved_cs_client     = @@character_set_client */;
/*!40101 SET character_set_client = utf8 */;
CREATE TABLE `dish_ingredients_alternatives` (
  `id` bigint(20) NOT NULL AUTO_INCREMENT,
  `dish_id` bigint(20) NOT NULL,
  `ingredient_id` bigint(20) NOT NULL,
  `alternative_ingredient_id` bigint(20) NOT NULL,
  `alternative_category_id` bigint(20) NOT NULL,
  `alternative_relation_id` bigint(20) NOT NULL,
  PRIMARY KEY (`id`),
  UNIQUE KEY `dish_ingredients_alternatives_id_uindex` (`id`),
  UNIQUE KEY `dish_id_ingredient_id_alternative_i_id_category_id_uindex` (`dish_id`,`ingredient_id`,`alternative_ingredient_id`,`alternative_category_id`),
  KEY `dish_ingredients_alternatives_ingredients_id_fk` (`ingredient_id`),
  KEY `dish_ingredients_alternatives_alternatives_relations_id_fk` (`alternative_relation_id`),
  KEY `dish_ingredients_alternatives_alternatives_categories_id_fk` (`alternative_category_id`),
  KEY `dish_ingredients_alternatives_ingredients_id_fk_2` (`alternative_ingredient_id`),
  CONSTRAINT `dish_ingredients_alternatives_alternatives_categories_id_fk` FOREIGN KEY (`alternative_category_id`) REFERENCES `alternatives_categories` (`id`),
  CONSTRAINT `dish_ingredients_alternatives_alternatives_relations_id_fk` FOREIGN KEY (`alternative_relation_id`) REFERENCES `alternatives_relations` (`id`),
  CONSTRAINT `dish_ingredients_alternatives_dishes_id_fk` FOREIGN KEY (`dish_id`) REFERENCES `dishes` (`id`),
  CONSTRAINT `dish_ingredients_alternatives_ingredients_id_fk` FOREIGN KEY (`ingredient_id`) REFERENCES `ingredients` (`id`),
  CONSTRAINT `dish_ingredients_alternatives_ingredients_id_fk_2` FOREIGN KEY (`alternative_ingredient_id`) REFERENCES `ingredients` (`id`)
) ENGINE=InnoDB DEFAULT CHARSET=utf8;
/*!40101 SET character_set_client = @saved_cs_client */;

--
-- Dumping data for table `dish_ingredients_alternatives`
--

LOCK TABLES `dish_ingredients_alternatives` WRITE;
/*!40000 ALTER TABLE `dish_ingredients_alternatives` DISABLE KEYS */;
/*!40000 ALTER TABLE `dish_ingredients_alternatives` ENABLE KEYS */;
UNLOCK TABLES;

--
-- Table structure for table `dish_types`
--

DROP TABLE IF EXISTS `dish_types`;
/*!40101 SET @saved_cs_client     = @@character_set_client */;
/*!40101 SET character_set_client = utf8 */;
CREATE TABLE `dish_types` (
  `id` bigint(20) NOT NULL AUTO_INCREMENT,
  `code` varchar(40) NOT NULL,
  `name` varchar(255) NOT NULL,
  `active` tinyint(1) DEFAULT '1',
  PRIMARY KEY (`id`),
  UNIQUE KEY `dish_type_id_uindex` (`id`),
  UNIQUE KEY `dish_code_uidx` (`code`)
) ENGINE=InnoDB AUTO_INCREMENT=7 DEFAULT CHARSET=utf8;
/*!40101 SET character_set_client = @saved_cs_client */;

--
-- Dumping data for table `dish_types`
--

LOCK TABLES `dish_types` WRITE;
/*!40000 ALTER TABLE `dish_types` DISABLE KEYS */;
INSERT INTO `dish_types` VALUES (1,'BREAKFAST','Breakfast',1),(2,'SECONDBREAKFAST','Second breakfast',1),(3,'LUNCH','Lunch',1),(4,'SNACKS','Snacks',1),(5,'DINNER','Dinner',1),(6,'SECONDDINNER','Second dinner',1);
/*!40000 ALTER TABLE `dish_types` ENABLE KEYS */;
UNLOCK TABLES;

--
-- Table structure for table `dish_unit_types`
--

DROP TABLE IF EXISTS `dish_unit_types`;
/*!40101 SET @saved_cs_client     = @@character_set_client */;
/*!40101 SET character_set_client = utf8 */;
CREATE TABLE `dish_unit_types` (
  `id` bigint(20) NOT NULL AUTO_INCREMENT,
  `dish_id` bigint(20) NOT NULL,
  `unit_type_id` bigint(20) NOT NULL,
  `weight` double NOT NULL,
  PRIMARY KEY (`id`),
  UNIQUE KEY `dish_unit_types_id_uindex` (`id`),
  UNIQUE KEY `dish_id_unit_id_uindex` (`dish_id`,`unit_type_id`),
  KEY `dish_unit_types_unit_types_id_fk` (`unit_type_id`),
  CONSTRAINT `dish_unit_types_dishes_id_fk` FOREIGN KEY (`dish_id`) REFERENCES `dishes` (`id`),
  CONSTRAINT `dish_unit_types_unit_types_id_fk` FOREIGN KEY (`unit_type_id`) REFERENCES `unit_types` (`id`)
) ENGINE=InnoDB AUTO_INCREMENT=5 DEFAULT CHARSET=utf8;
/*!40101 SET character_set_client = @saved_cs_client */;

--
-- Dumping data for table `dish_unit_types`
--

LOCK TABLES `dish_unit_types` WRITE;
/*!40000 ALTER TABLE `dish_unit_types` DISABLE KEYS */;
INSERT INTO `dish_unit_types` VALUES (4,60,9,75);
/*!40000 ALTER TABLE `dish_unit_types` ENABLE KEYS */;
UNLOCK TABLES;

--
-- Table structure for table `dishes`
--

DROP TABLE IF EXISTS `dishes`;
/*!40101 SET @saved_cs_client     = @@character_set_client */;
/*!40101 SET character_set_client = utf8 */;
CREATE TABLE `dishes` (
  `id` bigint(20) NOT NULL AUTO_INCREMENT,
  `name` varchar(255) NOT NULL,
  `description` text,
  `recipe_description` text,
  `date_added` timestamp NOT NULL DEFAULT CURRENT_TIMESTAMP,
  `weight` float NOT NULL,
  `protein` float NOT NULL,
  `fat` float NOT NULL,
  `carbohydrate` float NOT NULL,
  `active` tinyint(4) NOT NULL DEFAULT '1',
  `recipe_link` varchar(255) DEFAULT NULL,
  PRIMARY KEY (`id`),
  UNIQUE KEY `dishes_id_uindex` (`id`)
) ENGINE=InnoDB AUTO_INCREMENT=237 DEFAULT CHARSET=utf8;
/*!40101 SET character_set_client = @saved_cs_client */;

--
-- Dumping data for table `dishes`
--

LOCK TABLES `dishes` WRITE;
/*!40000 ALTER TABLE `dishes` DISABLE KEYS */;
INSERT INTO `dishes` VALUES (40,'Бауырсаки','Рецепт пышных бурсаков не так-то прост, приготовление занимает немало времени, но если вы все же решитесь приготовить их, то вы ни сколько не пожалеете. Не зря у казахов это традиционное мучное изделие, без которого не обходится ни одни праздник.','Сахар и соль растворить в горячей воде, охладить.\nДрожжи развести в теплом молоке, добавить взбитое яйцо и раствор сахара с солью, все аккуратно перемешать ложкой.\nВо всю эту смесь постепенно высыпать муку и замешивать тесто. Масса должна получиться липкой (смажьте руки маслом, чтобы не прилипало). Вымешиваем тесто до 10 минут, оставляем под крышкой, чтобы оно поднялось. По времени, примерно, 1,5 часа.\nПо истечению времени, нужно хорошо помесить тесто и разделить на 2 части и снова оставить, но уже минут на 40.\nОдну часть раскатываем, толщина должна быть 5-7 см. если есть фигурный нож, но режем тесто на квадратики по 5 см. Тоже самое делаем и со второй частью (можно взять круглый стакан и вырезать кружочки).\nЖарить бурсаки нужно на умеренном огне с каждой стороны, довести до золотистой корочки.\nЕсли бурсаки показались для вас жирными, выложите на бумажное полотенчико, чтобы оно впитало жир.\nПодавать готовые бурсаки нужно, когда они остыли.','2018-07-30 08:52:43',881,41.85,177,234.16,1,'https://www.nur.kz/988633-kak-prigotovit-baursaki-recept-kaza-2.html'),(41,'Бефстроганов из говядины','','1. Подготавливаем все ингредиенты. Мясо помойте и обсушите.\n2. Не разрезая говядину слегка отбиваем её. Я делаю это через пищевую плёнку, чтобы мясо не разбивалось, а молоток не забивался кусочками мяса, которые потом очень сложно вымыть.\n3. Нарезаем мясо поперёк волокон на тонкие ломтики (толщина около 5 мм).\n4. Ломтики нарезаем тонкой соломкой. Чем тоньше мы нарежем мясо, тем быстрее оно обжариться и тем больше сока останется внутри.\n5. Лук нарезаем тонкими четвертькольцами.\n6. Немного растительного масла наливаем в сковороду и очень хорошо разогреваем. \n7. Будем обжаривать мясо в очень горячей сковороде небольшими порциями, так, чтобы мясо лежало на поверхности сковороды в один слой. Нам нужно, чтобы мясные кусочки сразу схватились корочкой, и тогда весь сок останется внутри. Если же мы выложим в сковороду сразу много мяса, оно отдаст сок и может быть жёстким. Солить на этом этапе не нужно, т.к. соль также провоцирует выделение сока из мяса, сделаем это позже. Обжариваем мясо 2-3 минуты, переворачивая, до образования корочки. Т.к. кусочки у нас очень тонкие, этого времени достаточно, мясо успеет прожариться.\n8. Выкладываем обжаренную говядину в тарелку, и таким же образом жарим всё оставшееся мясо.\n9. В ту же сковороду наливаем немного растительного масла, снова хорошо его разогреваем и обжариваем лук до золотистого цвета.\n10. Обжаренный лук посыпаем мукой, хорошенько перемешиваем и обжариваем ещё около 1 минуты.\n11. Добавляем сметану и томатную пасту.\n12. Наливаем воду и хорошо всё перемешиваем.\n13. Выкладываем в сковороду мясо, солим, перчим, хорошо перемешиваем и тушим ещё около 5 минут.\n14. Через 5 минут открываем крышку и пробуем мясо, и теперь существует несколько вариантов развития дальнейших событий. Если оно мягкое, значит вам повезло с говядиной, вы правильно её порезали и обжарили, да и вообще, в таком случае, ваш бефстроганов готов. И это был идеальный вариант, однако в связи с качеством говядины в наших магазинах, всё чаще случается другой вариант: мясо получилось жёсткое. Если так произошло, то мы не расстраиваемся, а просто закрываем его снова крышкой и продолжаем тушить дальше на небольшом огне до мягкости. На это может потребоваться от 10 до 40 минут. Если придётся тушить долго и соус сильно загустеет, просто добавьте в него ещё немного воды. Когда говядина наконец станет мягкой, снимаем сковороду с огня.\nПодбирайте гарнир к бефстроганову на свой вкус, он отлично сочетается с картошкой (жареной и пюре), рисом, макаронными изделиями. \n','2018-08-02 07:31:08',915,102.6,77.33,32.54,1,NULL),(42,'Рис','Стандартная порция на одного — 65 мл сухого риса.','Подготовка.\n\nЕсли вы хотите сварить рассыпчатый рис, перед приготовлением его нужно промыть под холодной водой. Так вы избавитесь от крахмала, который отвечает за клейкость. Промойте рис около пяти раз или больше, пока вода не станет прозрачной. Удобнее всего выполнять эту процедуру с помощью мелкого сита.\nДля приготовления некоторых блюд, таких как ризотто, нужен клейкий рис. В этом случае промывать его не стоит. В крайнем случае можно ограничиться одним ополаскиванием, чтобы смыть всё лишнее.\n\nЧтобы рис сварился быстрее, его можно замочить на 30–60 минут. Тогда время приготовления сократится почти вдвое. Однако в этом случае лучше уменьшить количество воды, которое используется для варки.\n\nПропорции.\n\nОбычно считается, что для приготовления риса нужно в два раза больше воды. Но это приблизительная пропорция. Лучше отмерять объём воды исходя из вида риса:\nдля длиннозёрного — 1 : 1,5–2;\nдля среднезёрного — 1 : 2–2,5;\nдля круглозёрного — 1 : 2,5–3;\nдля пропаренного — 1 : 2;\nдля коричневого — 1 : 2,5–3;\nдля дикого — 1 : 3,5.\n\nПосуда\n\nРис лучше варить в кастрюле с толстым дном: в ней температура распределяется равномерно. Также можно приготовить рис на большой сковороде. Для плова традиционно используется казан.\n\nПравила варки\n\nЕсли вы варите рис в кастрюле, сначала доведите подсоленную воду до кипения, а после высыпьте в неё крупу. Перемешайте рис один раз, чтобы зёрнышки не прилипали к дну. Затем дождитесь, когда блюдо начнёт бурлить, убавьте огонь до минимума и накройте кастрюлю крышкой.\n\nВ процессе приготовления не поднимайте крышку — иначе рис будет готовиться дольше. Если вы хотите, чтобы рис был рассыпчатым, не перемешивайте его (за исключением первого раза). В противном случае зёрна будут ломаться и выделять крахмал.\n\nСреднее время варки в зависимости от вида составляет:\n\nдля белого риса — 20 минут;\nдля пропаренного риса — 30 минут;\nдля коричневого риса — 40 минут;\nдля дикого риса — 40–60 минут.\nКогда рис приготовится, снимите его с огня и дайте постоять 10–15 минут под крышкой. Если в готовом рисе осталась вода, слейте её или накройте кастрюлю сухим полотенцем: оно впитает излишки влаги.\n\nЕсли вы готовите рис на сковороде, используйте посуду с диаметром от 24 см, высокими бортиками и крышкой. Рис готовится в ней почти так же, как в кастрюле, за исключением одного нюанса: зёрна предварительно нужно быстро обжарить на растительном масле. Делайте это 1–2 минуты, постоянно помешивая, чтобы зёрнышки покрылись маслом: тогда рис будет рассыпчатым. Затем его нужно залить кипятком и готовить так, как описано выше.\n\nПриправы\n\nРис хорош тем, что его вкус всегда можно немного изменить. Например, с помощью следующих приправ:\n\nшафран;\nкарри;\nкардамон;\nзира;\nтмин;\nкорица;\nгвоздика.\nСпеции добавляются в воду при варке или в уже готовое блюдо.\n\nТакже рис можно дополнить вкусом пряных трав, цедрой цитрусовых или сварить не на воде, а на мясном или курином бульоне.','2018-08-02 07:44:36',611,13.4,1.4,157.8,1,'https://lifehacker.ru/kak-varit-ris/'),(43,'Яичница',NULL,'Recipe....','2018-08-03 05:26:48',120.5,13.98,21.99,0.78,1,NULL),(44,'Гречневая каша',NULL,'1. 1 стакан гречки залить 2 стаканами кипятка и оставить разбухать\n2. Утром довести до кипения и сразу снять с плиты\n3. Добавить молоко, масло, соль и сахар\n','2018-08-03 06:58:40',1110,33.02,44.61,224.63,1,NULL),(45,'Овсяная каша',NULL,'1. Отмерить 1 стакан хлопьев.\n2. Вскипятить молоко.\n3. В кипящее молоко всыпать овсяные хлопья.\n4. Помешивая, варить овсянку на небольшом огне до загустения (5-10 минут). \n5. Добавить масло, соль, сахар\nКаша готова!\n','2018-08-03 07:11:56',610.5,20.21,43.27,160.71,1,NULL),(46,'Мюсли с творогом',NULL,'1. Блендером смешать творог, орехи, подсластитель и воду/молоко (около 50/100 мл до консистенции, как у кефира) и сухофрукты по желанию.\n2. Залить полученной смесью мюсли.\n\n','2018-08-03 07:28:02',410,51.91,32.74,61.69,1,'www.fitbreak.ru/diet/9-7-vkusnih-i-poleznih-zavtrakov'),(47,'Творожный крем с фруктами ','','Взбить белки.\nИзмельчить орехи.\nИзмельчить фрукты.\nДобавить творог, отруби, орехи, отруби/клетчатку, подсластитель и фрукты/ягоды.\nВсе перемешать. При желании воспользоваться блендером - крем станет однородным.\nМожно употребить сразу, а можно оставить на ночь - отруби/клетчатка набухнут и крем будет не отличить от магазинного творожка.\n','2018-08-06 07:58:48',752,48.04,52.9,48.84,1,'https://fitbreak.ru/diet/9-7-vkusnih-i-poleznih-zavtrakov'),(48,'Овощной омлет','','Порезать лук, помидоры и перец\nОбжарить лук\nДобавить помидоры и перец. Обжарить до мягкости\nДобавить специи\nЗалить яйцами\n','2018-08-06 08:31:32',375,23.49,23.19,12.44,1,'https://fitbreak.ru/diet/9-7-vkusnih-i-poleznih-zavtrakov'),(49,'Творожная запеканка','','Порезать сухофрукты\nЯйца взбить с подсластителем\nПри желании добавить лимонную цедру\nСмешать с творогом в однородную массу\nДобавить манку или муку (подходит рисовая, пшеничная - экспериментируйте)\nСмесь тщательно перемешать\nДобавить сухофрукты (курага, кумкват, вишня)\nЗапекать в духовке (30-60 минут) при 150-180°С\nОстужать не вынимая формы\nУбрать в холодильник на 1-2 часа\n\n','2018-08-06 08:48:38',706,93.13,32.84,139.25,1,'https://fitbreak.ru/diet/9-7-vkusnih-i-poleznih-zavtrakov'),(50,'Творожно-овсяный пирог','','Порезать сухофрукты.\nЯйца взбить с подсластителем. \nДобавить при желании лимонную цедру.\nСмешать с творогом в однородную массу.\nДобавить геркулес.\nСмесь тщательно перемешать.\nДобавить порезанные сухофрукты.\nГотовить в духовке (45 минут при 150°С).\nОстужать, не вынимая из формы.\nУбрать в холодильник на 1-2 часа.\n','2018-08-06 09:08:21',726,96.79,37.12,146.41,1,'https://fitbreak.ru/diet/9-7-vkusnih-i-poleznih-zavtrakov'),(51,'Каша \"Яблочный пирог\" ','Это теплая, успокаивающая каша, приправленная классическими ароматами домашнего яблочного пирога.\n\nЕсть фото\n\nВремя подготовки: 10 минут\nВремя готовки: 5 минут\n','1.	Яблоко нарезать кубиками\n2.	Поместить все ингредиенты, кроме корицы, в кастрюлю и включить плиту.\n3.	Помешивая, довести до кипения.\n4.	Снизить огонь и, часто помешивая, дать постоять еще 5 минут.\n5.	Налить кашу в тарелку, добавив корицу.\n','2018-08-06 09:14:46',419,12.41,8.71,55.32,1,NULL),(52,'Бананово-овсяный смузи',NULL,'Взбейте все ингредиенты в блендере до однородности. ','2018-08-06 09:58:16',374,15.12,9.12,71.46,1,NULL),(53,'Манная каша','Налить в кастрюлю молоко и воду\nпоставить кастрюлю на огонь\nПостоянно помешивая, всыпать манку\nДождаться, пока загустеет\nДобавить сахар и сливочное масло\n',NULL,'2018-08-06 10:05:03',1100,29.94,26.3,240.1,1,NULL),(54,'Рисовая каша',NULL,'Поставить кастрюлю с молоком на плиту\nДобавить соль и сахар\nДовести до кипения\nзасыпать рис\nКипятить 2-5 минут\nСнять с огня\nНакрыть крышкой\nНакрыть кастрюлю полотенцем\nОставить на 20 минут\nКрупа сама разбухнет, и получится густая каша\n','2018-08-06 10:10:12',1280,41.4,26.4,284.56,1,NULL),(55,'Пшенная каша',NULL,'Промыть крупу.\nЗалить водой пшенную крупу и поставить на огонь.\nДовести массу до кипения.\nСнять пенку.\nОтваривать на среднем огне, пока вода не выпарится.\nВлить прогретое молоко.\nУбавить огонь.\nДобавить соль, сахар.\nОтваривать, помешивая, до загустения.\nВыключить огонь через 20 минут.\nДобавить масло, перемешать.\nНакрыть крышкой.\nОставить настояться 10 минут.\n','2018-08-06 10:34:49',825.5,37.2,33.6,262.08,1,NULL),(56,'Ячневая каша',NULL,'Ячневую крупу залить двумя стаканами холодной воды и поставить на средний огонь.\nКак только вода закипит, убавить огонь и варить кашу до загустения.\nДобавить стакан молока.\nОпять довести до кипения.\nНакрыть ячневую кашу крышкой и варить на маленько огне 2-3 минуты.\nОгонь выключить. \nДобавить сахара, масло и дать каше настояться при закрытой крышке еще минут 10.\n','2018-08-06 10:39:59',920,26.6,22.1,241.98,1,NULL),(57,'Сырники',NULL,'Изюм распарить в горячей воде и дать обсохнуть.\nТворог с сахаром протереть через сито.\nДобавить муку и яйца.\nВымесить тесто.\nДобавить изюм.\nПеремешать.\nМуку просеять на рабочую поверхность.\nВлажными руками формировать из теста лепешки, обваливая каждую в муке.\nОставить на 10 минут.\nОбвалять в муке еще раз.\nРазогреть в сковороде растительное масло, обжаривать сырники по 1,5 минуты с каждой стороны или запечь в духовке, разогретой до 180°С на 15 минут.\n\n','2018-08-06 10:45:13',745,92,33.38,196.72,1,'https://fakty.ictv.ua/ru/lifestyle/20170209-yak-zrobyty-syrnyky-pokrokovi-retsepty-z-foto/'),(58,'Овсяноблин','2 минута 44 секунда','Измельчить хлопья в муку с помощью блендера. \nДобавить соль и 2 яйца. \nВзбить. \nПрожарить блин на небольшом огне по 2-3 минуты с каждой стороны.\n','2018-08-06 10:51:22',147,17.92,18.95,19.82,1,'https://www.youtube.com/watch?v=Wq2hxzcM5ko&list=PL2f6d3L-0RdhVr4aroalhTKQKBv2iMG-9&index=13'),(59,'Говядина в духовке',NULL,'Чеснок почистить и мелко порезать.\nДля маринада смешать все ингредиенты, кроме говядины.\nНа говядине вдоль куска сделать надрезы толщиной в 1-2 см.\nКаждый надрез изнутри смазать маринадом.\nМясо поместить в рукав для запекания и отправить на ночь в холодильник.\nПосле чего выпекать при 200°С 2 часа.\n','2018-08-06 11:20:16',687,116.49,87.45,8.64,1,'https://www.youtube.com/watch?v=Ti861tvJUb8&t=7s'),(60,'Мясо по-тайски','Гарнир: белый или бурый рис, кукуруза или лапша.','Чтобы мясо по-тайски получилось вкусным и сытным, запомните основные принципы приготовления:\n\nИспользовать толстостенные сковороды wok.\nГотовить на сильном огне.\nНарезать мясо определенным способом.\nЭто особенность национальной кухни Таиланда. В широкой глубокой сковороде они готовят блюда по рецептам из мяса и даже обжаривают кузнечиков. Такая посуда не позволяет продуктам подгорать на сильном огне. При этом еда готовится быстрее, а ингредиенты не теряют полезных свойств.\n\nК сожалению, далеко не у всех есть сковорода wok, а покупать ее только для того, чтобы приготовить мясо по-тайски, слишком накладно. Выйти из положения поможет сотейник или небольшой казан. Главное, чтобы стенки посуды были достаточно толстыми и не имели глубоких царапин. Иначе ингредиенты моментально пригорят.\n\nЧтобы мясо по-тайски считалось таковым, его нужно нарезать тоненькими продолговатыми кусочками. Время, которое необходимо затратить на обжарку, зависит от трех факторов: толщины нарезки, типа мяса и маринада (если он предусмотрен).\n\nНа говядину в среднем тратят 10–20 минут; курица приготовится за 5–10 минут. Допустимо использовать баранину, которую готовят от 15 до 20 минут. Мясо по-тайски подают с гарниром. В этом качестве подойдет белый или бурый рис, кукуруза или лапша.\nПримечание: используйте только свежее мясо. Замороженные полуфабрикаты долго готовятся, да и на вкус напоминают резину.\n\nДля придания пикантности и остроты вкуса тайцы не привыкли ограничивать себя в специях. В ход идет черный, красный перец, измельченный имбирь, кари, чили, чеснок, соевый соус и другие.\n\nНа этапе подготовки разведите в стакане воды томатную пасту и отставьте ее в сторонку. Мелко нарежьте чеснок, зелень и также оставьте дожидаться своего часа.\n\nПорежьте говядину на тонкие длинные кусочки. Их размер определяйте с учетом ужарки мяса. Посолите мясо и обжаривайте в оливковом масле в течение 3–5 минут. Затем на время выложите на тарелку.\n\nПомойте овощи и нарежьте длинной соломкой. В глубокой тарелке перемешайте с измельченным имбирем и чесноком. Далее бросаем на сковороду и, непрерывно помешивая, обжариваем 5–6 минут. После этого шумовкой, откидывая лишнее масло, выложите овощи в отдельную посуду.\n\nПришло время соуса. Снизьте интенсивность огня и вылейте на сковороду предварительно разведенную томатную пасту. Помешивая, дождитесь, пока не испарится 50% жидкости. Добавьте соль, чили, соевый соус и перемешайте.\n\nКак только соус готов, добавьте к нему обжаренное мясо с овощами и засыпьте измельченную зелень. Размешайте ингредиенты и тушите около 3–5 минут. После этого подавайте блюдо уже проголодавшимся гостям.\n\nВот и все. Ничего сложного в приготовлении мяса по-тайски нет. Однако будьте аккуратнее с солью, ведь при использовании соевого соуса блюдо легко пересолить. Во время готовки постоянно перемешивайте ингредиенты, иначе вместо вкусного обеда получите обугленные продукты. Успехов вам на кухне и приятного аппетита!','2018-08-09 07:51:20',1718,111.8,92.91,106.07,1,'https://www.nur.kz/1614269-myaso-po-tayski-recept-s-ovoshchami.html'),(61,'Азу по-татарски','','1. Мясо промыть, нарезать соломкой и слегка обжарить в казане в разогретом растительном масле.\n2. Добавить порезанный тонкими полукольцами лук и обжаривать мясо с луком до мягкости лука.\n3. Добавить томатную пасту, мелко нарезанные или тертые на крупной терке огурцы. Залить водой, посолить и тушить под крышкой до полной готовности мяса.\n4. В отдельной сковороде обжарить нарезанный соломкой картофель.\n5. Когда картофель будет почти готов, переложить его в казан с тушеным мясом, добавить, соль, перец, лавровый лист и пропущенный через чеснокодавилку или мелко порезанный чеснок.\n6. Осторожно перемешать и тушить картофель с мясом до готовности примерно 5-7 минут.','2018-08-09 16:08:46',2348,125.09,66.19,190.47,1,'https://eda.ru/recepty/osnovnye-blyuda/azu-po-tatarski-21751'),(62,'Голубцы','','Выбор капусты для голубцов – задача не самая простая. Кочан должен быть плотным, но не жестким, иначе вы не сможете отделить листья друг от друга. Размер – средний, из маленькой головки получится минимальное количество голубцов, крупные кочаны тоже не подходят, из них вы сможете накрутить голубцы размером с подошву.\nНа базарах в овощных рядах иногда продают весовые капустные листья – как раз пригодные для ого, чтобы из них делать голубцы. Очень удобно. Увы, встречается такое чудо не так и часто, поэтому выход один: определяться с подходящими кочанами и работать с тем, что есть.\nКапустные листья для голубцов\nИтак, выбираем капусту, моем кочан, снимаем верхние жесткие листья.\nВ большой кастрюле кипятим воду. Кочан капусты накалываем большой вилкой и опускаем в кипящую воду на 3-5 минут. Время подбирайте самостоятельно – верхние листы должны стать мягкими, но ни в коем случае не расползаться на части.\nВынимаем кочан из воды и снимаем несколько верхних листьев. Как только почувствуете, что листья не «идут» свободно, останавливайтесь, иначе вы просто порвете их.\nПри необходимости обрезаем толстые места, которые располагаются у основания капустного листа.\nПовторяем процедуру для следующего слоя листьев и следующей головки капусты – делаем так до тех пор, пока будет удаваться снимать ровные листья среднего размера.\nФарш\nМясо для голубцов моем, обрезаем лишний жир, пленки.\nПерекручиваем на мясорубке. Для экономии времени можно купить готовый фарш, если вы практикуете приготовление домашних блюд из магазинных полуфабрикатов.\nРис отвариваем до полуготовности. Если взять полностью проваренный рис, после тушения он превратится в кашеподобную массу. Сырой рис «заберет» себе максимум сока из мяса, вследствие чего оно станет сухим и жестким.\nВ миску с фаршем выкладываем рис.\nСтоит понимать, что указанное в перечне ингредиентов для приготовления голубцов количество «1 стакан» — довольно условно. Риса можно взять чуть больше или чуть меньше в зависимости от того, какая начинка в голубцах вам нравится. При данных пропорциях крупы и моркови с луком будет больше, чем мяса, и блюдо получится скорее овощным, чем мясным. Если вы предпочитаете более основательный, «брутальный» вариант голубцов, можно уменьшить количество риса или увеличить количество фарша.\nЛук очищаем, нарезаем мелкими кубиками.\nПолукольца или даже кольца – тоже вполне уместны. Главное, чтобы внешний вид начинки не нарушал ваше эстетическое восприятие еды.\nНа разогретую сковородку наливаем небольшое количество растительного масла, до мягкости обжариваем морковь.\nВыкладываем ее в миску к фаршу и рису.\nНа той же сковороде на масле обжариваем лук – до легкой полупрозрачности и мягкости.\nВыкладываем в миску, не забываем про соль и перец.\nХорошо вымешиваем фарш для голубцов, состоящий из мясного фарша, риса, моркови и лука. В него же можно добавить немного свежей зелени, любимых сухих трав, уместных приправ и специй.\nЛепка голубцов\nПроваренный и подготовленный лист капусты располагаем основанием к себе, выкладываем вовнутрь небольшое количество фарша.\nСворачиваем трубочкой, края прячем вовнутрь.\n\nПриготовление голубцов в кастрюле\nГолубцы выкладываем в большую кастрюлю с толстым дном, стараясь располагать их максимально плотно. Еще одно правило – класть их необходимо швом вниз.\nТоматную пасту разводим в 2-3 стаканах воды, заливаем голубцы. Вода должна не доходить до верхнего слоя голубцов примерно на 2 пальца. Кроме того, можно в этот же соус добавить немного кетчупа, сливового повидла, сметаны или несладкого йогурта. Некоторые хозяйки тушат голубцы, перекладывая их в кастрюле морковно-луковой обжаркой.\nСтавим на плиту, доводим до кипения и, уменьшив огонь до минимума, тушим не менее 45-60 минут. Капуста в итоге должна стать полностью мягкой, начинка – готовой.\nПодаем со сметаной или любым соусом на ее основе. Приятного аппетита!\n','2018-08-09 16:30:19',5600.5,280.34,155.26,384.34,1,'http://volshebnaya-eda.ru/kollekcia-receptov/myaso/golubcy-klassika/#ixzz5HWPz8iK2'),(63,'Бешбармак','','Тщательно вымойте мясо, нарежьте его крупными кусочками, уложите в кастрюлю, залейте холодной водой и доведите до кипения. Снимите образовавшуюся пену, прикройте кастрюлю крышкой и варите мясо 3 часа. За 1-1,5 до окончания варки добавьте в бульон морковь, целую луковицу, горошины чёрного перца, лавровый лист и соль.\nДля приготовления теста смешайте в миске просеянную муку, яйца, соль, немного охлаждённого бульона и замесите крутое тесто. Заверните его в пищевую плёнку и дайте полежать 15 минут. Присыпьте поверхность стола мукой, разделите тесто на несколько частей, каждую часть раскатайте в тонкий пласт и нарежьте его небольшими ромбиками. Слегка присыпьте получившиеся ромбики мукой и оставьте на столе на 30 минут, чтобы они немного подсохли. Готовое мясо достаньте из кастрюли, дайте ему остыть и разделайте руками на небольшие кусочки. Бульон процедите, удалив из него всё, что в нём варилось. Процеженный бульон разделите на 2 части. В одну часть добавьте измельчённую зелень. Второй частью бульона залейте нарезанный полукольцами лук, добавьте душистый перец, доведите до кипения, варите 2 минуты, а затем выньте шумовкой лук из бульона. Добавьте во вторую часть бульона немного воды, снова доведите бульон до кипения, посолите по вкусу, опустите в кипящую жидкость ромбы из теста, предварительно стряхнув с них излишки муки, и варите их 7-8 минут, затем достаньте шумовкой. Выложите на тарелку слоями ромбы, сверху – мясо и лук, в отдельной ёмкости подайте бульон с зеленью.','2018-08-09 20:09:12',2045,245.95,227.02,234.52,1,'https://kedem.ru/schoolcook/advice/kak-prigotovit-beshbarmak/'),(64,'Гуляш с подливом',NULL,'1. Почистить и порезать лук и морковь. Нарезать мясо на небольшие кусочки, слегка обжарить на сковороде с растительным маслом. Затем лук и морковь, потушить в собственном соку на среднем огне.\n2. Влить 1 стакан воды. Мясо должно быть слегка прикрыто бульоном. Тушить до готовности мяса (т. е. до мягкости) около 1 часа.\n3. Минут за 10 до готовности мяса посолить и поперчить по вкусу, положить лавровый лист \n4. Развести в ½ стакана теплой воды 1 ч. л. томатной пасты,1 ст. л. муки и 1 ст. л. сметаны. Хорошо все перемешать, чтобы не было комочков. Непрерывно помешивая гуляш, влить туда смесь (за 5-10 минут до готовности). Смесь на глазах начнет густеть. Потушить гуляш с подливой минут 5-10. Мясо готово. Если подлива получилась слишком густой, разбавить кипятком до нужной густоты. \n','2018-08-10 03:35:27',1054,100.06,98.42,36.49,1,NULL),(65,'Рулет с сыром и зеленью',NULL,'Лаваш намазать с одной стороны сыром, посыпать сверху зеленью, сверхнуть в рулет\n','2018-08-10 03:46:16',380,47.82,24.2,133.28,1,NULL),(66,'Творог с черносливом и орехами','Йогурт можно заменить сметаной. Сухофрукты и орехи также могут меняться и дополняться. ','Чернослив и грецкий орех измельчить. Все ингредиенты смешать. ','2018-08-10 03:54:07',165,21.35,18.61,22.62,1,NULL),(67,'Банановые панкейки','','Очистить бананы\nСделать из них пюре\nВзбить яйца\nДобавить яйца к бананам\nТщательно перемешать или взбить блендером\nПожарить на сковороде панкейки. Можно без масла, если сковорода с хорошим антипригарным покрытием.\n','2018-08-10 03:59:26',275,10.29,6.44,48.35,1,'https://www.youtube.com/watch?v=zoXB6Zlh8QY'),(68,'Банановый мусс',NULL,'Очищенные бананы растереть в массу\nДобавить лимонный сок. \nСливки взбить, добавить сахарную пудру и массу бананов. \nЕсли мусс готовится с яичными белками, их надо взбить и частями присоединить банановую массу. \nУкрасьте шоколадной крошкой или печеньем. Можно использовать как начинку для тортов и кексов.\n','2018-08-10 04:04:04',562,23.34,32.45,81.88,1,NULL),(69,'Вишневая запеканка','Вишню можно заменить другими ягодами или фруктами. ','Вишню разморозить, если она замороженная, и промыть.\nОчистить ягоды от косточек и хвостиков.\nВключить духовку разогреваться на 180°С.\nВ блендере до однородной массы перемешать творог, яйца и ванилин.\nПротивень или дно формы для запекания посыпать манкой, чтобы запеканка не пригорела.\nВыложить на противень половину творожной массы и распределить по всей площади.\nВыложить равномерно большую часть вишни.\nПоверх покрывать оставшейся творожной массой.\nОставшимися ягодами украсить запеканку.\nЗапекать в духовке около 50 минут.\n','2018-08-10 04:13:11',1228.5,117.15,46.1,110.56,1,'https://www.youtube.com/watch?v=EGQtF9K3Ix0'),(70,'Мороженое с клубникой','','Клубнику помыть, убрать хвостики, нарезать дольками.\nВ форму залить йогурт.\nТуда же поместить клубнику.\nДесерт оставить в морозильнике минимум на 5 часов.\n','2018-08-10 04:16:14',500,12,10,65.5,1,'https://www.youtube.com/watch?v=hme6QWKZk4U'),(71,'Зефирный йогурт',NULL,'Смешать все компоненты в одной емкости, взбить блендером.\nПо истечению этого времени разлить готовый продукт по стаканчикам и поставить в холодильник.\n','2018-08-10 07:00:21',1284,32.56,27.88,196.03,1,NULL),(72,'Кексы с курагой',NULL,'Поставить разогреваться духовку на 200°С.\nВ блендере взбить яйцо, белок, соль и разрыхлитель.\nДобавить кефир и муку и еще раз взбиваем. Тесто должно получиться негустым.\nТестом заполнить формы для запекания (под кексы).\nВ центр формы положить курагу 1-2 штуки.\nВыпекать 40 минут.\n','2018-08-10 07:06:55',555.5,34.14,13.1,196.96,1,'https://www.youtube.com/watch?v=PDHv0dwjUxY'),(73,'Кефир',NULL,NULL,'2018-08-10 07:15:33',200,5.6,5,7.8,1,NULL),(74,'Куриная грудка с баклажанами',NULL,'Нарезать грудку на небольшие куски\nКабачок и сыр натереть на терке.\nПеремешать кабачок, грудку, яйцо, муку, сыр, соль и перец  при 170°С минут 30. \nВыложить в форму для запекания. Посыпать сверху сыром и выпекать в духовке\n','2018-08-10 10:33:00',2205,392.39,63.9,67.04,1,NULL),(75,'Котлеты из курицы с брокколи',NULL,'Разделить брокколи на соцветия.\nОтправить их в подсоленную кипящую воду на 10 минут.\nОтделить белок от желтка.\nИзмельчить филе в блендере или мясорубке.\nПосолить и поперчить фарш.\nДобавить белок к фаршу и перемешать.\nСлить воду с брокколи.\nМелко нарезать соцветия.\nДобавить их к фаршу и перемешать до однородной массы.\nВключить духовку на 180°С.\nЗастелить противень пергаментной бумагой.\nСформировать котлеты.\nСмазать желтком котлеты.\nЗапекать при 180° С 30 минут.\n','2018-08-10 10:58:58',975,174.69,35.16,10.79,1,'https://www.youtube.com/watch?v=D4i7zncpBY8&t=202s'),(76,'Гречка',NULL,'1. 1 стакан гречки залить 2 стаканами кипятка и оставить разбухать\n2. Утром довести до кипения и сразу снять с плиты\n','2018-08-16 06:46:54',570,21.42,5.61,105.57,1,NULL),(77,'Вермишель',NULL,'Вскипятить воду.\nДобавить соль.\nВ воду положить макароны в отношении 1 л воды:100 г. Продукта.\nВарить 12-14 минут.\n','2018-08-16 07:30:15',1100,10.4,1.1,69.7,1,NULL),(78,'Рожки',NULL,'Вскипятить воду.\nДобавить соль.\nВ воду положить макароны в отношении 1 л воды:100 г. Продукта.\nВарить 12-14 минут.\n','2018-08-16 07:31:27',1100,10.4,1.1,69.7,1,NULL),(79,'Спагетти',NULL,'Вскипятить воду.\nДобавить соль.\nВ воду положить макароны в отношении 1 л воды:100 г. Продукта.\nВарить 12-14 минут.\n','2018-08-16 07:32:41',1100,10.4,1.1,69.7,1,NULL),(80,'Макароны',NULL,'Вскипятить воду.\nДобавить соль.\nВ воду положить макароны в отношении 1 л воды:100 г. Продукта.\nВарить 12-14 минут.\n','2018-08-16 07:33:58',1100,10.4,1.1,69.7,1,NULL),(81,'Капуста тушеная','','Как приготовить капусту тушеную:\n1. Кочан капусты вымыть, мелко нашинковать.\n2. Лук репчатый очистить, помыть и мелко нарезать.\n3. Морковь очистить, помыть и натереть на крупной терке.\n4. Сковороду нагреть, налить растительное масло. В горячее масло выложить лук и морковь. Тушить лук с морковью, помешивая, на среднем огне 4-6 минут. Можно накрыть крышкой.\n5. Затем выложить капусту. Тушить на слабом огне до готовности, помешивая, 25-30 минут.\n6. Посолить и поперчить, добавить томат-пасту. Хорошо перемешать. Тушить 5 минут.','2018-08-16 07:44:48',1135,18.11,85.87,62.58,1,'https://www.russianfood.com/recipes/recipe.php?rid=124382'),(82,'Бурый рис','\n\n','В холодной воде крупу надо промыть до чистой воды.\nЗамочить на ночь в воде. \nНа стакан крупы берем 2,5-3 стакана воды, посолить. Крупу надо засыпать в кипящую воду. Это тоже влияет на вкус блюда. \nВарить надо на медленном огне, не меньше 40 минут. Во время варки массу не размешивайте ложкой! Когда крупа «раскинется», кастрюлю можно несколько раз встряхнуть. После выключения нужно закутать кастрюлю и дать выстояться еще минут 15-20. За это время остатки воды впитаются в рисинки.','2018-08-16 14:27:30',800,14.8,3.6,145.8,1,' https://pp-vkusno.ru/kak-varit-buryj-ris-pravilno.html'),(83,'Перловка','','1. Чтобы сварить перловую кашу с утра пораньше, крупу нужно предварительно замочить. Сначала несколько раз промыть ее, затем залить холодной водой и оставить на 10-12 часов, например, с вечера до утра. Пропорции: 1 стакан перловки на 1 литр воды. Перед варкой остатки воды, в которой настаивалась крупа, обязательно слить, крупу еще раз промыть, а затем залить водой, молоком или бульоном. Для варки разбухшую перловую крупу заливают из расчета 2 литра жидкости на 1 стакан сухой крупы. Необходимо также учитывать, что объем каши во время варки увеличивается примерно в 5-6 раз. Поэтому готовить перловку нужно в просторной кастрюле. Соль и сливочное масло добавляют в самом конце.\n\n2. Можно приготовить перловку и без предварительного замачивания. В этом случае крупу нужно несколько раз промыть, влить 3-4 стакана воды (на 1 стакан крупы), поставить на сильный огонь, довести до кипения. Затем огонь убавить до минимума и варить перловку под закрытой крышкой около 2-х часов. Периодически кашу нужно проверять, смотреть, чтобы вода полностью не выкипела. Готовой каше дать натомиться в течение 30 минут.\n\n3. Есть и третий способ. Довести крупу до кипения (как в пункте 2), а затем поставить кашу доваривать на водяную баню. Однако в этом случае процесс приготовления перловки займет 5-6 часов. При этом крышка кастрюли с кашей должна быть закрыта.\n\nГотовность перловки можно определить по внешнему виду и консистенции: сваренная крупа набухшая, мягкая, зернышко к зернышку, и совсем не кашеобразная.\n\nРассыпчатая перловая каша – отличный гарнир к мясу и рыбе. Кроме того, вареная перловка используется в салатах и закусках, а также в супах – рыбных, грибных, мясных. Самый популярный суп с перловкой – рассольник. Однако нужно помнить, что в супы не стоит добавлять перловку в сыром виде – суп может приобрести синеватый оттенок. Лучше предварительно сварить ее до полуготовности и добавить в суп в середине варки.','2018-08-16 14:33:39',785,17.21,2.04,136.35,1,'https://lady.mail.ru/advice/187-kak-prigotovit-perlovku/'),(84,'Нут','','Варить нут совсем просто. Для этого нужно выполнить следующие действия:\nварим в кастрюле\n\nПромыть зерна;\nВымочить их в течение 4 часов;\nСлить воду и переложить нут в кастрюлю;\nДобавить воды и поставить на огонь;\nПосле того, как вода закипит, снять пену, уменьшить огонь до небольшого уровня и накрыть крышкой;\nВарить еще 40 минут.\n\nПриготовление зерен имеет несколько особых нюансов, которые определяют свойства продукта:\n\nнут можно солить только перед окончанием варки, иначе он не разварится;\nчтобы продукт гарантированно хорошо разварился, можно при замачивании добавить маленькую щепотку соды;\nчтобы удалить компоненты, которые трудно перевариваются, нут нужно варить 5-7 минут, после чего промыть и снова залить чистой водой\nнут можно варить в мультиварке.','2018-08-16 14:42:11',1000,38,12,122,1,'https://skolkovarim.com/krupy/recepty-vkusnyx-supov-iz-nuta.html'),(85,'Булгур','','В кастрюлю всыпать булгур. Затем добавить воду, посолить и варить 15-20 минут на медленном огне под крышкой. В качестве гарнира булгур подойдет для любых мясных и рыбных блюд, его также можно использовать в салатах.','2018-08-16 14:48:30',540,17.22,1.82,80.64,1,'https://fasol.tv/facts/kak-varit-bulgur/'),(86,'Киноа','Киноа в вареном виде приобретает оригинальный вкус ореха и имеет аромат свежей травы. Человек, который в первый раз сталкивается с этой экзотической крупой, теряется и не знает, как ее варить. Сварить кашу из киноа достаточно просто.\n\n','Сначала хорошо промойте крупу.\nВысыпьте ее на сухую сковородку и немного обжарьте. Это усилит вкус киноа.\nДобавьте питьевой воды в кастрюлю и доведите до кипения.\nВ кипяток положите крупу, при этом учитывайте, что воды должно быть в 2 раза больше.\nПериодически помешивайте и варите на медленном огне до полной готовности.\nДобавьте по вкусу соль.\nКиноа варится достаточно быстро – всего 15 минут.','2018-08-17 08:49:52',600,28.2,12.2,114.4,1,'http://www.yourlifestyle.ru/kulinariya/1290-kak-varit-kinoa.html'),(87,'Фасоль','','Промыть фасоль и замочить 12-24 часа в воде, оставив в холодильнике. \nПосле замачивания слейте воду и промойте разбухшую фасоль в проточной воде. \nФасоль залейте водой в соотношении 1:4, соответственно.\nПосолите. \nВарите бобы на медленном огне. Возможно, в процессе варки вам понадобится время от времени подливать воду в кастрюлю. В зависимости от сорта фасоли, срока её хранения и жёсткости воды время приготовления может составить от 0,5 до 2,5 часа.\nВо время варки фасоль не надо мешать, а кастрюлю не нужно накрывать крышкой.\nЧтобы узнать, готова ли фасоль, разомните одну штучку вилкой или пальцами. В идеале бобы должны стать мягкими, но не развариться до состояния каши. Если же фасоль всё ещё похрустывает, то оставьте её вариться дальше и проверяйте на готовность каждые 10 минут.','2018-08-17 08:59:21',1000,41.8,3.6,128,1,'https://lifehacker.ru/kak-varit-fasol/'),(88,'Чечевица','','Сколько времени готовится?\nМногое зависит от сорта. Так, красная чечевица готовится всего 25-30 минут. Зеленую варить нужно чуть дольше – 40 минут, а вот коричневая варится быстрее всего – 20-25 минут.\n\nКак варить чечевицу?\nПеребрать перед приготовлением продукт, промыть холодной водой.\nНа 1 стакан чечевицы добавляется 2 стакана воды. В кастрюлю заливается вода.\nДобавить в холодную воду продукт, поставить кастрюлю на малый огонь.\nВода доводится до кипения.\nДля мягкости продукта можно добавить в кипящий вар ложку оливкового масла.\nВарить на среднем огне 20-40 минут, периодически помешивая.\nСоль добавляется за 5 минут до окончания варки.\nПодавать на стол лучше всего чечевичную кашу, притрушенную зеленью.','2018-08-17 09:03:12',610,43.2,12.18,96,1,'http://www.yourlifestyle.ru/kulinariya/989-kak-skolko-varit-chechevicu.html'),(89,'Гороховое пюре','','Залейте горох двумя стаканами воды и оставьте на три-четыре часа перед приготовлением пюре.\nСлейте воду, и вновь залейте горох оставшейся водой.\nПоставьте кастрюлю с горохом на огонь, дождитесь, пока вода закипит, сделайте огонь средним. Варить горох под закрытой крышкой до готовности. Это займет у вас примерно 40-60 минут.\nЕсли вы добавите воду по указанной пропорции, то пюре получится не жидким, ни густым.','2018-08-17 09:08:11',1185,37.93,3.7,98.61,1,'https://zhenskoe-mnenie.ru/themes/retsepty/mushy-peas-the-best-recipes-how-and-tasty-to-prepare-pea-puree/'),(90,'Маш','','Суммарное время приготовления маша - 45 минут. \nПеред варкой бобы маш всыпать в сито и промыть под струёй воды, положить в кастрюлю с кипятком в соотношении 1 стакан крупы : 2,5 стакана кипятка, \nдовести воду до кипения, \nварить 30 минут на слабом огне. \nСолить маш за 10 минут до окончания варки, чтобы бобы не стали жесткими. \nМожно добавить немного подсолнечного масла.','2018-08-17 09:14:52',700,47,4,92,1,'https://www.timeboil.ru/cereals/vigna_radiata/'),(91,'Кускус','Кускус - это крупа, изготавливаемая из твердых сортов пшеницы. Кускус является вариацией манной крупы: готовится тоже из пшеницы, но обрабатывается иначе. Поэтому кускус вообще не нужно варить, его консистенция мягче манки, а калорийность - ниже. \nКускус подаётся к мясным блюдам в качестве гарнира, поскольку особенно хорош кускус в сочетании с мясными подливками и бульонами. Иногда для приготовления блюд дополняется жареными овощами или сухофруктами, реже морепродуктами. Важно, что кускус практически не имеет собственного вкуса, зато при приготовлении с продуктами яркого вкуса, делает их мягче. ','1. Кускус, не промывая, всыпать в кастрюлю.\n2. Залить крупу подсоленным крутым кипятком - на каждый стакан кускуса 2 стакана кипятка. \n3. Закрыть кастрюлю крышкой и настоять кускус 5 минут.\nВаш кускус сварен!','2018-08-17 09:18:30',600,7.6,0.4,43.6,1,'https://www.timeboil.ru/cereals/couscous/'),(92,'Ячмень','- Ячмень - это древнейший продукт, который люди научились готовить ещё в 8 веке до Нашей эры. Из ячменя издавна готовят хлеб. Часто ячмень путают с перловкой, поскольку перловка - и есть ячмень, только обработанный, очищенный от шелухи и отшлифованный. \n\n- Ячмень очень полезен для здоровья, недаром в Древнем Риме гладиаторов называли \"питающихся ячменем\". Ячмень способствует быстрому увеличению мышечной массы, очистке организма, балансу кишечных процессов, нормальному росту костей. При простудах ячмень поможет при лечении кашля, спасёт в похмелье и избавит от тахикардии в стрессовых ситуациях.\n\n- Ячменная крупа при варке увеличивается в 3 раза. \n\n- Вместо воды, при варке ячменной каши можно использовать куриный или мясной бульон, или же молоко.\n\n- Приправы к несладкой ячменной каши - перец, куркума. ','Положить ячмень в сито и тщательно промыть под холодной водой. \nНалить в кастрюлю холодную воду, всыпать крупу и поставить кастрюльку на средний огонь. \nКогда вода закипит, сделать огонь меньше, добавить соль и перемешать. \nВарить 30-40 минут, затем выключить огонь, а кастрюлю с кашей завернуть в одеяло для упаривания. Настаивать кашу 15 минут. \nВ мультиварке ячмень варить 30 минут на режиме \"Гречка\".\n','2018-08-17 09:25:12',645,14.5,1.88,103.96,1,'https://www.timeboil.ru/cereals/barley/'),(93,'Каша из кукурузной крупы','Что добавить в кукурузную кашу\nКукурузную кашу можно разнообразить, если добавить тыкву, изюм, курагу, яблоки, сушеные персики, консервированные ананасы или персики. Если хочется несладкой кукурузной каши - можно сделать её с сыром, томатами, с брынзой.\n\nПольза кукурузной крупы обусловлена большим количество витаминов группы А, В, Е, К и РР, кремния и железа, а также наличием в составе двух важнейших аминокислот - триптофана и лизина. Благодаря высокому содержанию клетчатки, она выводит из организма токсины и освобождает кишечник от продуктов распада. \nГотовая кукурузная каша становится очень мягкой и густой. Если каша получилась слишком густой, ее можно залить молоком или сливками и проварить на маленьком огне еще 5 минут.\n\nНа стакан кукурузной крупы - 2,5 стакана молока или воды, столовая ложка сахара и пол чайной ложки соли. Сливочного масла - 1 небольшой кубик. Так варить в кастрюле при постоянном помешивании.','Кукурузную крупу насыпать в сито и помыть под холодной водой, затем дать стечь воде.\nВ кастрюлю налить молоко, поставить на тихий огонь, довести до кипения и выключить огонь.\nВ другую кастрюлю влить воду, поставить на огонь, добавить соль и довести до кипения. Как только вода закипит, всыпать кукурузную крупу, варить на тихом огне без крышки 5 минут до полного испарения воды.\nК кукурузной крупе добавить кипяченое молоко, перемешать и варить 15 минут, регулярно перемешивая деревянной ложкой или лопаткой. В сваренную кашу выложить кубик сливочного масла, добавить сахар и перемешать.\n\nВ мультиварке - на 1 стакан кукурузной крупы 3,5 чашки молока или воды. Режим \"молочная каша\" на 20 минут, затем - \"разогрев\" на 10 минут. Либо можно включить режим \"гречневая каша\" на 20 минут. \n\nВ пароварке - так же, как в кастрюле, варить полчаса.\nПосле варки кукурузную кашу рекомендуется завернуть в одеяло на 15 минут для упаривания.\nВ кукурузную кашу в качестве добавки можно добавить курагу, изюм, резанный чернослив, тёртую тыкву, йогурт, варенье, ванильный сахар. Если каша предлагается на ужин, можно добавить овощи и варёное мясо.\n\nЧтобы сварить кашу без молока, достаточно его часть заменить тем же количеством воды.','2018-08-17 09:30:21',750,20.85,9.3,126.6,1,'https://www.timeboil.ru/cereals/hominy/'),(94,'Картофель в мундире','','Если вы решили варить картошку целиком, то постарайтесь для этого отобрать картофелины более или менее одинакового размера. В противном случае, получится так, что часть картошки будет переварена, а часть не доварена. Вряд ли это тот самый результат, к которому стремятся хозяйки!\nКартошку закладывают в холодную, подсоленную воду. Количество воды в кастрюле должно быть таким, чтобы картошка была полностью покрыта водой. Во время варки кастрюля должна быть закрыта крышкой – во избежание выпаривания воды. После закипания огонь необходимо немного убавить.\nКстати, готовность можно очень просто определить при помощи вилки или ножа – если картофелина легко протыкается, значит она уже готова к употреблению.\nИнтересный факт: считается, что наиболее полезной является картошка, сваренная «в мундире», поскольку именно при таком способе приготовления все полезные вещества остаются.','2018-08-17 09:33:38',2000,20,4,161,1,'https://calcsoft.ru/skolko-varit-kartoshku'),(95,'Картофельное пюре','','1. Картофель почистить. Порезать на половинки или четвертинки, в зависимости от размера картофелин, чтобы быстрее сварилась. Сложить в кастрюльку и залить водой, посолить.\n2. После закипания варить на медленном огне до готовности картофеля. Как проверить готовность картофеля? Нужно проколоть его ножом или вилкой. Если он сварился, то нож войдет мягко.\nПока картофель варится, можно приготовить молоко для пюре. Нужно чтобы молоко было горячее. Если залить в пюре холодное молоко, во-первых, она остынет, во-вторых, немного потемнеет.\n3. Нагреть молоко почти до кипения. Я грею молочко в микроволновой печи, 100 мл молока ставлю на 1 минуту на полную мощность.\n4. Когда картофель сварился, слить воду, аккуратно придерживая крышку чтобы отварной картофель не выпал из кастрюли.\n5. Добавить сливочное масло.\n6. Размять картошку «толкушкой». Можно размять деревянной «толкушкой». Помню, такая была у моей бабушки. Ох, и вкусное пюре у нее получалось! У меня же обыкновенная из нержавейки, зигзаогобразная снизу. Разминать надо тщательно, чтобы не осталось комочков.\n7. Добавить горячее молоко. Перемешать, взбивая пюре. Молока должно быть достаточно, пюре должно получиться жидковатым, через некоторое время оно загустеет. Если молока не хватило, подогрейте еще.\nЕсли вы не планируете сразу кушать картофельное пюре, то закутайте его в одеяло. А вообще, лучше варить на один раз, так как картошечка, впрочем, как и другие блюда, особенно вкусна «с огня».','2018-08-17 09:53:07',1650,33.3,44.75,246.9,1,'http://alenushkadoma.ru/archives/2443'),(96,'Жареная картошка','','1. Картофель очищаем, моем и тщательно вытираем полотенцем каждый клубень для удаления воды. Лишняя вода не позволит образоваться хрустящей корочке, а картофель получится скорее тушеным, чем жаренным.\n\n2. Нарезаем соломкой одинаковой толщины примерно 0,5 – 1 см. Если соломка получится «разнокалиберной», то более тонкая подгорит, а толстая не прожарится.\n\n3. Так как при разрезании картофеля выделится сок, то нарезанную соломку нужно еще раз промакнуть бумажным полотенцем.\n\n4. Берем широкую сковородку с толстым дном и щедро наливаем в нее масло. Недостаток масла не позволит прожарить картошку, она начнет пригорать.\n\n5.В раскаленное масло выкладываем картофель в два слоя (не больше!). Первый слой должен соприкасаться с дном и жариться в масле. Солить на этом этапе нельзя, иначе соль вступит в реакцию с крахмалом и маслом, и картофель начнет расползаться.\n\n6.Жарим без крышки на среднем огне,не перемешивая до тех пор, пока самый нижний слой не начнет зарумяниваться. У меня на это уходит ровно пять минут. Не стоит переворачивать картофель раньше, иначе он не успеет зарумяниться и будет разваливаться.\n\n7. Через пять минут перевернуть картофель таким образом, чтобы верхний слой оказался внизу, и жарить опять на среднем огне до появления золотистой корочки. У меня на это уходит 4 минуты.\n\n8. Затем опять перевернуть картофель, стараясь следить за тем, чтобы неподжаренные грани ломтиков оказывались на дне сковородки. Я следую простому правилу – период жарки до переворачивания короче предыдущего на 1 минуту: 5, 4, 3, 2 и 1. Соответственно, вся картошка жарится только 15 минут. Без крышки и соли!\n\n9. В самом конце жарки картофель можно посолить и, при желании, добавить к нему другие ингредиенты (лук, укроп, чеснок и т.д.) и сразу снять с огня.\n\n10. Если на дне сковородки осталось масло, то картофель лучше вынимать шумовкой, чтобы лишнее масло стекло. Чтобы избавиться от лишнего масла, картофель сначала следует выложить на бумажную салфетку (или бумажное полотенце), а уже потом переложить в тарелку. Салфетка впитает в себя лишний жир.','2018-08-17 10:00:20',640,12,42.36,96.6,1,'https://menunedeli.ru/2011/08/kak-zharit-kartoshku-recept-s-foto-i-xitrostyami/'),(97,'Капуста тушеная с картофелем','Тушёная капуста это очень полезный гарнир, который быстро надоедает, но стоит добавить в него некоторые ингредиенты и блюдо заиграет по-новому. Тушёная капуста с томатом, с добавлением любых доступных овощей в холодное время года напомнит летние вкусные овощные рагу. Экспериментируя со специями и зеленью, вы найдете именно свой рецепт, которым вас непременно попросят поделиться. Этот рецепт тушёной капусты позволяет соблюдать баланс пользы и разнообразия в повседневном питании.','1. Вам понадобятся: капуста, морковь, лук, картофель, растительное масло, томатная паста, вода и соль, овощная приправа или сушёные травки, которые вы любите.\n2. Очистить и нарезать: капусту и морковь соломкой, лук полукольцами, а картофель кубиками. Капусту посолить и помять руками, до выделения сока.\n3. На разогретую сковороду налить растительное масло и добавить отжатую капусту. Накрыть крышкой и тушить на медленном огне 10 минут.\n4. Добавить лук и морковь, перемешать и накрыть крышкой, продолжать тушить в течение 5 минут.\n5. Затем добавить картофель и 5 столовых ложек воды, продолжать тушить под крышкой ещё в течение 5-10 минут.\n6. Добавьте томатную пасту, 2 щепотки смеси специй прованские травы и 5 столовых ложек воды, тушите ещё 5 минут и перед тем как снять с огня, если нужно посолите','2018-08-17 10:11:23',910,13.31,86.32,71.83,1,'https://webspoon.ru/receipt/tushenaya-kapusta-s-kartofelem-i-tomatom'),(98,'Яичная лапша',NULL,'Опустить лапшу в кипящую воду. Варить в течение 3-5 минут, периодически помешивая. Откинуть лапшу на дуршлаг и промыть водой. Добавить по вкусу масло и специи. Подавать в качестве гарнира к мясным, рыбным и овощным блюдам, а также использовать для приготовления супов. ','2018-08-17 10:17:12',80,8.32,1.6,47.36,1,NULL),(99,'Картофель фри ','Важно. Картофель жарится во фритюре в два этапа, разных по продолжительности и температуре, с полным остыванием картофеля между этими этапами. Это помогает добиться, чтобы он  был мягким внутри ( внутренняя текстура похожа на печеный картофель) и хрустящим снаружи.\nУдобно. После первого этапа его можно заморозить и воспользоваться им для готовки позднее.\nВкусно. Пальчики оближешь!\nПриступим?\n','Лучше взять крупный картофель. \nПомыть, очистить. \nПоложить в холодную воду.\nВынуть из воды, нарезать каждую картофелину вдоль на две одинаковые половинки, положить на доску срезом вниз, сделать еще срез параллельно нижнему, потом порезать брусочками вдоль толщиной 1 см. Важно, чтобы брусочки были примерно одинакового размера. \nПоложить в холодную воду минут на 40. Это делается для того, чтобы избавить картофель от излишнего крахмала. \nОткинуть на дуршлаг, дать стечь воде, затем обсушить полотенцем.\nВместо оливкового можно взять рапсовое, хлопковое или масло из виноградных косточек. Нагреть масло для фритюра (примерно до 140 градусов) в низкой толстостенной кастрюле или сковороде, обжарить в нём картофель на среднем огне 3 минуты. Будьте аккуратны и внимательны при работе с фритюром! Картофель не должен покрываться коркой, а лишь запекаться внутри. \nВынуть картофель, положить в дуршлаг, дать стечь маслу и полностью остыть, выложить на полотенце, промокнуть. \n После этого шага картофель можно заморозить и приготовить позднее. Я это делать не буду, а продолжу обработку картофеля.\nМасло снова нагреть, но уже до более высокой температуры (примерно 180°), снова обжарить картофель, уже до золотистого цвета, одновременно он будет допекаться и внутри. \nВынуть шумовкой ( помните, что снятый со сковороды картофель продолжает готовиться внутри еще некоторое время). \nВыложить на полотенце, промокнуть, посолить.','2018-08-17 10:21:29',1320,20,323.68,161,1,'https://www.edimdoma.ru/retsepty/69954-kartofel-fri. Есть фото'),(100,'Рисовая лапша','','Сначала лапшу нужно залить теплой водой примерно на 5—6 минут.\nПока лапша набухает, следует вскипятить воду. Воды должно быть столько, чтобы лапша в ней свободно плавала.\nВ закипевшую воду переложить подготовленную лапшу и, помешивая, варить после закипания не больше 3 минут.\nСваренную лапшу откинуть на сито и облить холодной водой.\nГотовую лапшу выложить на тарелку и полить соевым соусом. Подать как гарнир к рыбе или мясу.','2018-08-17 10:23:58',380,5.6,0,63.2,1,'http://cookinsider.ru/kak-varit-risovuyu-lapshu'),(101,'Салат \"Элегантное авокадо\"','Классический рецепт не отвлекает от главных участников и подается в кожуре экзотического фрукта. Эффектный вариант, в том числе для романтического ужина. Не зря за обоими продуктами закрепилась слава мощных афродизиаков.','Отвариваем креветки. \nРазрезаем авокадо вдоль на две половины и удаляем косточку. \nСтоловой ложкой аккуратно удаляем мякоть, двигаясь по кругу вплотную к шкурке. Работаем ложкой осторожно, чтобы не повредить кожицу. Наша задача — получить целые лодочки из шкурки фрукта. \nРежем авокадо толстенькими кусочками, по размеру близко к вареным креветкам.\n Соединяем нарезку фрукта, морепродукт и соус, перемешиваем. \nРаскладываем готовую смесь по импровизированным пиалам, присыпаем мелко рубленным зеленым лучком.','2018-08-20 06:05:24',870,86.96,99.54,30,1,'http://dietdo.ru/salat-avokado-krevetki.html'),(102,'Баклажаны с перцем',NULL,'Почистить баклажаны, болгарский перец, лук, перец чили и чеснок. \nБаклажаны и болгарский перец нарезать крупными кубиками. \nМелко порубить лук, чеснок, перец чили и зелень.\nСмешать все ингредиенты, посолить, добавить приправ по вкусу. \nСмазать противень или форму для выпекания маслом.\n','2018-08-20 06:16:54',854,11.63,10.71,46.5,1,NULL),(103,'Брокколи и цветная капуста, запеченные в сливочном соусе','','Брокколи и цветную капусту отварить в подсоленной кипящей воде. Варить 3 минуты, если свежие; 5 минут, если замороженные.\nВключить духовку на 180°С. \nНатереть сыр.\nВ отдельную емкость разбить 2 яйца и взбить.\nДобавить соль и перец по вкусу, шпинат или другой зелени и 30 г натертого сыра.\nЗалить 100 мл 10%-ных сливок.\nОвощи отправить в ёмкость для запекания.\nЗалить получившейся смесью.\nДобавить оставшиеся 20 г сыра.\nЗапекать в духовке 20 минут.','2018-08-20 06:24:02',610,38.58,36.85,21.78,1,'https://www.youtube.com/watch?v=0GIssVSBj0M&t=1s&list=PLERjyFAN-RmZziFAbENgrBNsfRrTP3wVO&index=1'),(104,'Брокколи с помидорами и базиликом',NULL,'Нагрейте оливкое масло в большой сковороде на среднем огне.\nДобавьте чеснок и притушите, непрерывно помешивая.\nДобавьте помидоры, базилик и уксус и тушите, пока жидкость не выпарится примерно наполовину.\nВыложите брокколи поверх помидоров и приправьте небольшим количеством соли и перца.\nТушите на слабом огне в течение 10 минут, или пока брокколи не станет мягкой. Не переварите брокколи, она должна остаться ярко зеленого цвета.\nВыложите в сервировочное блюдо и перемешайте с соусом перед подачей на стол.\n','2018-08-20 07:05:59',933,19.96,22.8,43.54,1,NULL),(105,'Гарнир из брокколи',NULL,'1. Подготовьте ингредиенты.	\n2. Поставьте кипятиться 2 кастрюли с водой: одна для брокколи, другая для моркови и фасоли. Помойте все овощи и зелень. Разберите брокколи на соцветия.	\n3. В кипящую воду закиньте фасоль и морковь. Варите около 10 минут до готовности.	\n4. Одновременно варите брокколи. Опустите в кипящую подсоленную воду и варите примерно 7-10 минут до готовности.	\n5. Готовую морковь выложите в тарелку, фасоль и брокколи отложите на дуршлаг и окатите ледяной водой. Так овощи сохранят свой красивый зелёный цвет. Отрежьте у фасоли хвостики и разрежьте на 3-4 части.	\n6. Разогрейте сковороду. Выдавите туда чеснок и убавьте огонь до самого маленького.	\n7. Сразу же выложите в сковороду овощи и аккуратно перемешайте. Жарьте 2-3 минуты.	\n8. Пока овощи в сковороде, нарежьте петрушку, желательно очень мелко.	\n9. Переложите овощи в глубокую тарелку. Посолите, добавьте петрушку и лимонный сок.	\n10. Аккуратно перемешайте.	\n	\nЯркий, ароматный и очень полезный гарнир готов!	\n','2018-08-20 07:24:24',1029,61.08,25.93,175.33,1,NULL),(106,'Гарнир из стручковой фасоли и перцев','','Фасоль помыть, залить водой и отваривать 4-5 минут, если свежая, и 5-7 минут, если замороженная\nПосле откиньте ее на дуршлаг, чтобы стекла лишняя жидкость. Затем с двух сторон отрежьте кончики и нарежьте на 2-3 части в зависимости от размера, чтобы каждый кусочек был около 2,5-3 см длиной.\nПока фасоль варится, помойте перец, отрежьте хвостик, удалите стержень с семенами и нарежьте мякоть тонкой соломкой. Помидоры помойте, высушите и также нарежьте соломкой. Чеснок очистите и нашинкуйте. В данном блюде все продукты должны быть нарезаны одинакового размера — соломкой, тогда оно будет красиво смотреться на сервировочном столе.\nСковороду нагрейте с оливковым маслом и отправьте жариться перец с фасолью.\nУстановите средний огонь и жарьте овощи, периодически помешивая около 7 минут.\nДобавьте в сковороду помидоры и чеснок.\nПриправьте солью, перцем, перемешайте и продолжайте жарить еще минут 7. Помидоры не должны превратиться в кашу, они должны сохранить упругость и остаться твердыми.\nГотовый гарнир подавайте к столу в горячем виде в компании с мясом, рыбой либо самостоятельно.\n','2018-08-20 07:27:56',798,12.4,11,35.62,1,'https://tutknow.ru/cookery/second_dishes/2943-ovoschnoy-garnir-iz-struchkovoy-fasoli-i-percev.html'),(107,'Авокадо и помидоры.',NULL,'Авокадо очистить от кожуры и косточки.\nПорезать ингредиенты на дольки.\nПосолить по вкусу, добавить оливковое масло или бальзамический уксус по желанию.\n','2018-08-20 07:31:26',335,5.85,48.19,17.92,1,NULL),(108,'Голубцы с грибами','Сытные ароматные голубцы с грибами подойдут как на обед, так и на ужин','Мелко нарезать грибы и лук.\nОбжарить на растительном масле.\nДобавить рис и 1 стакан воды, специи.\nПосле закипания добавить рубленую зелень и дождаться полного впитывания жидкости.\nТоматную пасту перемешать со специями и растительным маслом.\nКапусту подготовить, как на обычные голубцы.\nСформировать голубцы и выложить в кастрюлю, залить томатной пастой.\nТушить примерно час.\nПеред подачей посыпать зеленью.\n','2018-08-20 07:35:02',1345,34.88,22.94,214.23,1,'www.arbuz.kz'),(109,'Гуляш с подливом',NULL,'1. Нарезать мясо на небольшие кусочки, слегка обжарить на сковороде с растительным маслом. Затем добавить нарезанный лук и тертую морковь, потушить в собственном соку на среднем огне.\n2. Влить 1 стакан воды. Мясо должно быть слегка прикрыто бульоном. Тушить до готовности мяса (т. е. до мягкости) около 1 часа.\n3. Минут за 10 до готовности мяса посолить и поперчить по вкусу, положить лавровый лист \n4. Развести в ½ стакана теплой воды 1 ч. л. томатной пасты,1 ст. л. муки и 1 ст. л. сметаны. Хорошо все перемешать, чтобы не было комочков. Непрерывно помешивая гуляш, влить туда смесь (за 5-10 минут до готовности). Смесь на глазах начнет густеть. Потушить гуляш с подливой минут 5-10. Мясо готово. Если подлива получилась слишком густой, разбавить кипятком до нужной густоты. \n','2018-08-22 05:30:23',1039,99.68,98.38,33.98,1,NULL),(110,'Дымляма',NULL,'Подготовить все овощи, вымыть, очистить. \nБаклажаны нарезать кружочками, посыпать солью и отложить.\nГовядину нарезать небольшими кусочками. \nКазан нагреть, влить масло, положить говядину.\nЛук нарезать полукольцами, положить на мясо. \nДалее морковь, нарезанную кружочками.\nЗатем положить помидоры - дольками.\nБаклажаны промыть от соли, положить на помидоры. На баклажаны положить очищенные от сердцевины и нарезанные дольками яблоки.\nЗаложить все сверху капустными листьями. Последний слой - картофель. Каждый слой слегка присыпать солью и посыпать смесью специй. Накрыть все тарелкой, придавить. Сверху крышкой. Тушить дымляму на тихом огне 2 часа.\nНа большое блюдо (блюдо подогреть немного заранее) переложить овощи в обратной последовательности, начиная с картофеля. Залить все образовавшимся при тушении бульоном и тут же подать.\n','2018-08-22 05:42:39',3613,227.52,164.74,253.72,1,NULL),(111,'Жаппасай',NULL,'1. Нарежьте мясо средними кубиками и обжарьте на растительном масле с томатной пастой до полуготовности. Посолите и поперчите.\n2. Все овощи очистите, помойте и мелко нарежьте. \n3. Из муки, яйца, соли и воды замесите эластичное тесто, раскатайте его в тонкие пласты и нарежьте большими квадратами, как на манты. Промажьте сочни растительным маслом.\n4. Уложите в казан слоями: мясо, лук, морковь и капуста. Влейте воду и потушите на среднем огне минут 40. Затем добавьте мелко нарезанный картофель, а сверху выложите слоями сочни. Накройте казан крышкой и тушите на маленьком огне еще минут 15. Готовый жаппасай выложите на большое глубокое блюдо, аккуратно перевернув казан.\n','2018-08-22 06:01:35',2349,148.64,107.41,313.61,1,NULL),(112,'Куырдак','Куырдак — это традиционная еда у народов Центральной Азии. По сути, это жаркое из мяса и субпродуктов. В различных вариантах блюда как гарнир  используют картофель, рис, зеленый горох.\nМы же будем рассматривать национальный казахский рецепт куырдака. В качестве мяса здесь используют сердце, легкие и печень барашка.\nИз посуды понадобится: объемный казан, большая ложка или деревянная лопатка, разделочная доска и острый нож.','1. Порежьте сердце, легкие и печень на кубики размером 2–3 см.\n2. Разогрейте казан и налейте масло подсолнечное. \n3. Закидываем легкие и сердце. Печень нужно придержать, так как она готовится быстрее.\n4. Режем лук кольцами, помидоры — дольками и добавляем к мясу. Тщательно все перемешиваем.\n5. Далее шинкуем петрушку с чесноком и отправляем в казан. Солим, перчим и снова перемешиваем.\n6. Полчаса тушим на среднем огне.\n7. За эти 30 минут измельчаем картошку и вместе с печенью засыпаем в казан. После этого нужно долить 150 мл воды и добавить огня.\nБлюдо считается готовым, как только приготовится картофель.\nГлавное в приготовлении — не пережарить мясо. Для этого следите за количеством жидкости в казане. Если видите, что сок из продуктов быстро выкипает, снизьте интенсивность огня и долейте воды. Скорее подавайте куырдак на стол, пока не остыл. Его хорошо запивать чаем. ','2018-08-22 07:53:54',1703,144.52,70.98,104.8,1,'https://www.nur.kz/1604681-kuyrdak-po-kazakhski.html'),(113,'Картофель тушеный с мясом','Картофель с мясом, тушеный с луком и морковью - самое популярное и самое народное блюдо, которым можно вкусно и сытно накормить и семью, и гостей.\n','Ребрышки вымыть, разрезать на порционные кусочки, посолить, поперчить.\nРастопить в толстостенной сковороде или казане сливочное масло. Выложить ребрышки.\nРебрышки пожарить на масле на среднем огне до готовности, периодически переворачивая (около 20-25 минут).\nТем временем очистить картофель, вымыть при необходимости, разрезать на части.\nОчистить и вымыть лук и морковь. Лук нарезать кубиками. Морковь натереть на крупной терке или нарезать тонкой соломкой.\nОчищенный и разрезанный на части картофель залить водой и поставить вариться. Варить до готовности на среднем огне (около 20 минут).\nКогда мясо будет готово, выложить его из сковороды. В том же жире обжарить мелко нарезанные лук и морковь. Обжаривать на среднем огне, помешивая, 2-3 минуты.\nС отварного картофеля слить воду.\nОтварной картофель выложить в казанок (или сковороду) с овощами, добавить мясо, соль, перец лавровый лист. Тушить 1-2 минуты.\nКартофель тушеный с мясом готов.\n','2018-08-22 08:04:39',1765,78.48,208.08,182.37,1,NULL),(114,'Куриные маффины','','Отварить филе.\nПорезать на куски.\nНатереть сыр.\nВключить духовку нагреваться при 180°С.\nМолоко, хлопья и яйца перемешать до однородной консистенции.\nНарезать зелень.\nСмешать курицу, 3/4 зелени, половину смеси и сыра.\nЛожкой выложить получившуюся смесь в формы для выпекания кексом. \nСверху долить яично-молочной смесью и посыпать оставшейся зеленью.\nВыпекать в духовке 20 минут.\n','2018-08-22 08:10:03',711,137.77,48.41,33.16,1,'https://www.youtube.com/watch?v=lhtayS916x0'),(115,'Куриный пирог-запеканка','Таня Бутько','Филе отварить.\nПоставить духовку нагреваться при 200°С.\nКуриное филе нарезать мелкими кубиками.\nВ миску разбить яйца, добавить муку, молоко, соль и приправы и все тщательно перемешать.\nДолжно получиться негустое тесто\nВ смесь положить курицу и перемешать.\nНатереть сыр и большую часть добавить в тесто.\nХорошо перемешать и переложить в форму для выпекания.\nВыпекать при 200°С 35-40 минут.\nСверху посыпать сыром.\n','2018-08-22 08:14:41',710,115.88,47.25,45.48,1,'https://www.youtube.com/watch?v=unliPFysD3E'),(116,'Лапша для лагмана','','Возьмите глубокую миску. Смешайте в ней воду и соль, тщательно перемешайте.\nДобавьте к воде яйца и взбейте венчиком.\nТеперь добавьте муку, замесите однородное тесто.\nПосле того, как закончили приготовление теста, заверните его в полотенце, смоченное холодной водой. Оставьте в таком виде на час.\nЗа этот час тесто нужно будет обмять как минимум 3 раза, примерно каждые 20 минут.\nПо истечении времени тесто должно быть ровным и гладким.\nБерем вторую глубокую миску, в ней смешиваем полстакана воды и пол чайной ложки соли и соды. Помешиваем воду до полного растворения соли и соды.\nЗатем начинаем втирать в тесто соленую воду –смачиваем руки и обтираем тесто, крутим и переминаем. Именно за счет этого этапа тесто становится эластичным.\nПосле начинаем вытягивать тесто в жгут, отрезая небольшими кусочками – примерно по 3 см в диаметре.\nКаждый кусочек смазываем в масле. Накрываем заготовки влажным полотенцем, оставляем примерно на 10 минут.\nЗатем смазываем руки маслом и раскатываем из кусочков полоски толщиной с указательный палец.\nВыкладываем на смазанную маслом доску, вновь накрываем полотенцем. Держим около 15-20 минут в таком состоянии.\nДо классической толщины лапши колбаски правильнее растягивать руками, но можно и раскатать на доске.\nПолучившиеся ломтики сворачиваем в спираль и оставляем на 10 мин.\nЗатем опять растягиваем в колбаску, вновь сворачиваем оставляем на 10 минут. Эту процедуру нужно повторить около 2-3-х раз.\nЗатем вытягиваем лапшу до классической толщины, растягивая на пальцах рук. Оставляем под влажным полотенцем на 20 минут.\nНаконец, пришло время варки. В кипящей подсоленной воде проварить около 2-х минут. Лапша готова к употреблению.\nЕсли у вас нет времени на все эти этапы, можно просто раскатать тесто пластом и нарезать лентами толщиной в 3 см.','2018-08-22 08:20:21',1592,105.98,71.95,749.78,1,'https://pandaland.kz/articles/idei-dlya-doma/eda/lagman-recept-klassicheskij'),(117,'Лагман','Лагман – одно из самых любимых блюд многих казахстанских семей. Стоит отметить, что рецепт имеет множество вариаций, но классический способ приготовления особенно популярен. ','1. Почистите лук и мелко нашинкуйте его.\n2. Обжарьте его в глубокой сковороде с разогретым маслом.\n3. Нарежьте мясо мелкими кубиками, добавьте в сковороду к луку. Жарьте при сильном огне примерно 5-7 минут, активно помешивая.\n4. Подготовьте остальные овощи: нарежьте кубиками морковь, сладкий перец, сельдерей и помидоры.\n5. Добавьте к мясу нарезанную морковь, сельдерей и томатную пасту, убавьте огонь и жарьте около 10 минут.\n6. Затем добавьте на сковороду нарезанные перец и помидоры. Жарьте около 5 минут на слабом огне.\n7. Нарежьте кубиками очищенный картофель и добавьте к обжаренным мясу и овощам.\n8. Залейте содержимое сковороды 2 стаканами воды, начинайте тушить.\n9. Специи желательно добавлять после того, как залили смесь водой. Накройте крышкой и дотушите около 10-20 минут.','2018-08-22 08:31:19',3139,144.33,135.95,597.32,1,'https://pandaland.kz/articles/idei-dlya-doma/eda/lagman-recept-klassicheskij'),(118,'Лазанья','','Готовим соус бешамель. В глубокой сковороде растопить сливочное масло (60 г), добавить муку и, интенсивно помешивая, влить частями горячее молоко, приправить солью и мускатным орехом, довести до закипания, выключить.\nРепчатый лук мелко режем, морковь натираем на терке.\nГотовим соус болоньезе. В глубокой сковороде обжариваем лук на сливочном масле до полуготовности, добавляем к нему морковь, жарим около 5 минут.\nЗатем добавляем фарш, посыпаем солью и перцем, хорошо перемешиваем. Жарим на слабом огне еще около 10 минут.\nДалее добавляем томатный соус и томатную пасту. Перемешиваем и готовим еще 10 минут.\nНа дно формы выложить часть соуса бешамель. Укладываем на него лист лазаньи, затем выкладываем часть соуса болоньезе. Поверх заливаем частью соуса бешамель и посыпаем тертым пармезаном.\nПовторяем слои лазаньи до тех пор, пока все ингредиенты не будут использованы.\nВерхний слой листа лазаньи поливаем соусом бешамель и посыпаем пармезаном. Запекаем лазанью около 40 минут при 180-190 градусах до образования золотистой корочки.\nГотовую лазанью вынимаем из духовки, даем постоять минут 10, а затем нарезаем на порции. Украшаем и наслаждаемся!\n','2018-08-22 11:31:47',1949,179.92,147.52,281.67,1,'https://www.russianfood.com/recipes/recipe.php?rid=134858'),(119,'Пластины для лазаньи','','Подготовить продукты.\nЯйца слегка взбить.\nВ миску всыпать муку, добавить соль, перемешать. Сделать в середине углубление.\nВылить в углубление яичную массу.\nИз муки, яиц, соли и, при необходимости, небольшого количества воды (0,5 ст. ложки) замесить мягкое эластичное тесто.\nСобрать его в ком, накрыть влажным полотенцем или марлей и оставить на 1 ч.\nСтол или доску посыпать мукой.\nТесто тонко раскатать порциями на доске, посыпанной мукой. Толщина теста должна быть 1-2 мм.\nВырезать из него коржи размером 15x7 см (или другого, нужного Вам размера).\nПодсушить коржи 10-15 минут.\nИз данного количества теста получается 8-10 коржей размером 15 на 7 см.\nВ широкую кастрюлю налить воду. Добавить соль и растительное масло.\nПодсоленную воду с растительным маслом довести до кипения и варить в ней пластины по 3-4 шт. до полуготовности (3-4 минуты).\nРазложить пластины для лазаньи на салфетке или на полотенце для просушки.\nКоржи для лазаньи готовы к использованию.\nКоржи, приготовленные по этому рецепту, лучше использовать сразу же. Но, при необходимости, их можно заморозить впрок.\n','2018-08-23 04:39:32',500,48.57,38.58,225.87,1,'https://www.russianfood.com/recipes/recipe.php?rid=78270'),(120,'Макароны по-флотски','','Отварить макароны согласно инструкции на упаковке.\nОчистить лук и чеснок.\nЛук мелко нарезать, чеснок раздавить. \nВ сковороде разогреть масло и обжарить овощи, 5 мин.\nПоложить фарш и готовить 10–12 мин., разминая комочки лопаткой.\nДобавить томатную пасту, размешать и прогреть, 2 мин. \nВлить 0,5 стакана горячей воды, посолить и поперчить по вкусу, тушить 5 мин.\nМакароны откинуть на дуршлаг и переложить в сковороду к фаршу, готовить все вместе 5 мин. \n','2018-08-23 04:42:59',1067,139.62,84.62,233.11,1,'https://www.gastronom.ru/recipe/14679/makarony-po-flotski'),(121,'Манты с мясом и тыквой','','Приготовим тесто. Для этого возьмём воду, муку, яйцо и соль.\nИз всех составляющих замесить мягкое, эластичное тесто. Возможно, понадобится чуть больше муки на подсыпку, но тесто должно получиться мягким и однородным. Оставить тесто под полотенцем, пока готовится начинка.\nДля начинки нам понадобится говядины, мелко нарезанная на кубики (можно фарш); свежая сладкая тыква, репчатый лук, соль, специи. Ещё я добавила в фарш острый стручковый перец.\nТыкву нарезать мелким кубиком, помельче. Но тёрку применять не рекомендуется.\nВ удобной ёмкости смешать мясной фарш, тонко нарезанный полукольцами лук, острый перец и тыкву. Посолить по вкусу, добавить зиру и хорошенько перемешать руками.\nТесто разделить на части и каждую часть тонко раскатать. Разрезать тесто на равные квадраты.\nВ центр каждого квадрата выложить начинку и залепить в форме мантов.\nДонышко каждой мантышки макать в растительное масло и выкладывать на решётку мантоварки. Варить манты на пару 40-45 минут.\nМы сварили сразу только 2 яруса, остальные отправили в морозилку.\nК мантам подать кисломолочный чесночный соус с зеленью. Я смешиваю кислое молоко, сметану, рубленую зелень и 1 зубчик чеснока, слегка солю и соус готов.\nГорячие манты подать сразу же к столу. \n','2018-08-23 04:56:11',1913.5,125.1,56.06,408.39,1,'https://webspoon.ru/receipt/manty-s-tykvojj-i-govyadinojj'),(122,'Мясо по-французски','','Перчим и солим фарш.\nДля соуса смешиваем сметану с раздавленным чесноком и нарезанной зеленью, по желанию можно поперчить.\nКартофель и помидоры нарезаем тонкими кружочками, лук - кольцами или полукольцами.\nКартофель поливаем маслом, солим, перчим, добавляем свои специи по вкусу.\nФорму для запекания смазываем маслом. Выкладываем в форму один слой картофеля - у меня это была примерно половина картофеля, но если у вас широкая форма, то картофель выложите весь, и будет только один слой. Смазываем картофель соусом.\nСверху распределяем половину нарезанного лука.\nДалее выкладываем отбитое мясо и снова смазываем соусом.\nСверху выкладываем равномерным слоем оставшийся картофель, смазываем его соусом.\nВыкладываем оставшийся лук и помидоры. Посыпаем нарезанной зеленью.\nОтправляем мясо по-французски с картофелем в разогретую до 200-210 градусов духовку примерно на 30-40 минут.\nНатираем сыр, распределяем его сверху и запекаем мясо по-французски с картофелем еще 10-15 минут.\n','2018-08-23 05:00:14',1710,142.48,109.84,116.82,1,'https://www.russianfood.com/recipes/recipe.php?rid=124593'),(123,'Паста с морепродуктами','','Порубить чеснок.\nОтварить спагетти по инструкции.\nНатереть сыр.\nОбжарить полминуты чеснок.\nДобавить морепродукты.\nЗалить все сливками.\nПосыпать мускатным орехом и солью.\nДовести до кипения.\nУменьшить огонь и тушить минут 5-7.\nДобавить натертый сыр.\nК соусу и морепродуктам добавить спагетти.\nПеремешать и оставить на плите 1-2 минуты, после чего можно подавать на стол.\n','2018-08-23 05:19:23',331.5,39.28,17.5,6.64,1,'https://www.youtube.com/watch?v=iCyUFuSqPTY  02:40'),(124,'Пастуший пирог','','Овощи очистить. Картофель нарезать крупными кусками, лук – кубиками, морковь – тонкой соломкой. Чеснок измельчить.\nКартофель отварить в кипящей подсоленной воде до готовности. Воду слить, картофель размять в пюре. \nДобавить масло, кориандр и соль, перемешать. \nДать немного остыть, после чего добавить яйцо и еще раз перемешать. Накрыть и отставить.\nВ сковороде разогреть оставшееся масло, обжарить лук, морковь и чеснок, 2–3 мин. Добавить фарш, перемешать и готовить на среднем огне, разминая ложкой комки, 6–7 мин.\nСлить из сковороды излишки масла. Добавить обжаренную на сухой сковороде до золотистого цвета муку и готовить 1 мин. Влить бульон, размешать, довести до кипения и готовить 1 мин. Уменьшить огонь и тушить 10 мин. За 4 мин. до окончания добавить зеленый горошек.\nСыр натереть на крупной терке. Картофельное пюре переложить в кулинарный мешок.\nРазогреть духовку до 190 °С. Поместить фарш в форму для выпечки, сверху с помощью кулинарного мешка выложить слой картофельного пюре, посыпать сыром и запекать 50–60 мин.\n','2018-08-23 05:27:01',2033.5,156.4,94.8,194.44,1,'https://www.gastronom.ru/recipe/5538/pastushij-pirog-shepherds-pie-zapekanka-iz-kartofelya-i-baranego-farsha'),(125,'Дрожжевое тесто','Пошаговый рецепт дрожжевого теста обычно известен каждой хозяйке и не сильно отличается в пропорциях или методах приготовления. Как правило, дрожжевое тесто для пирогов отличается только количеством сахара и выбором в добавлении или масла или маргарина.','Нужно смешать стакан теплого молока с пачкой дрожжей и подождать минут 15. За это время дрожжи растворятся в молоке и начнут бродить. Так же важно знать, что добавлять нужно мягкое сливочное масло. Если вы забыли его заранее достать, то масло можно растопить либо на паровой бане, либо поставить в микроволновку.\n\nДалее добавляем яйца, масло, муку, сахар и остальные секретные ингредиенты имеющиеся в запасе у любой женщины. Не забудьте просеять муку, чтобы ваша выпечка получилась пышнее.  Тесто должно отдохнуть по времени от одного часа до двух. Для этого нужно накрыть емкость с тестом полотенцем и поставить его в темное, теплое помещение.  Многие советуют после первого часа немного «помять» тесто, чтобы насытить его кислородом и оно лучше поднималось. Так же не стоит забывать о том, что при процессе брожения нужно вести себя тихо, чтобы не «испугать» тесто.  После соблюдения всех ритуалов можно начинать работу с выпечкой.','2018-08-23 06:23:13',944.5,60.15,104.1,473.37,1,'https://www.nur.kz/1028099-recept-idealnogo-drozhzhevogo-testa-v.html'),(126,'Пирог из курицы и картофеля',NULL,'Тесто подержать в тепле 1,5 часа.\nВ этом время мелко порезать курицу, луквоицу и картофель.\nИх перемешать, посолить, поперчить, добавить приправу для курицы и растительное масло.\nТесто разделить на 2/3 и 1/3 части.\nПротивень духовки смазать растительным маслом.\n2/3 теста раскататать по размеру противня.\nВыложить на тесто начинку. Сверху накрыть 1/3 теста и защипать.\nсделать надрезы ножом.\nВыпекать 40 минут при 200 градусах.\n','2018-08-23 07:11:28',2209,255.85,154.77,557.1,1,NULL),(127,'Плов','Секреты вкусного плова\n\n* Морковь нужно резать длинной соломкой и ни в коем случае не тереть. Не бойтесь переборщить с длиной, чем длиннее соломка, тем вкуснее плов.\n* Лучшая посуда для плова — толстая чугунная кастрюля, глубокая и толстая сковорода, чугунный казан. В любом варианте – с плотно прилегающей крышкой.\n* Соль и специи лучше всего добавлять в середине приготовления зирвака (так восточные народы называют «заправку» из мяса, моркови и лука).\n* как бы вам не хотелось открыть крышку и заглянуть в кастрюлю, не делайте этого, пока не велит рецепт. И ни в коем случае не смешивайте мясо с рисом в кастрюле в процессе приготовления, только перед подачей!\n* Если вы не торопитесь, заверните кастрюлю с пловом в одеяло и оставьте на 30-60 минут – он станет еще вкуснее.\n','1. В раскаленное раст.масло положить лук, нарезанный полукольцами. Обжарить до золотистого цвета.\n2. Добавить крупно нарезанную говядину (кубиками)\n3. Положить крупно нарезанную морковь (брусками). Добавить соль и хорошенько обжарить.\n4. Залить кипяченной водой, так, чтобы покрыть морковь на 3-4 см. Уменьшить огонь и варить зирвак (так называется бульон плова) на медленном огне. По своему опыту могу сказать, что чем дольше варится зирвак, тем вкуснее и ароматней плов.\n5. Рис - самый важный компонент. Следует покупать сорта потверже, такие как девзира, кунжара. Но, не знаю есть ли такие сорта в России, так что берите длиннозерновой. Замачивать его не обязательно, по крайней мере я этого не делаю,т.к наша семья любит рассыпчатый плов. Хорошенько переберите его и промойте.\n6. Внимание! Прежде, чем засыпать рис в казан, попробуйте зирвак на предмет соли. Её должно быть больше, чем вы обычно кладете в суп. Т.е. пересолено, т.к рис впитывает в себя соль. В противном случае плов будет пресным.\n7. Засыпаем равномерно рис и аккуратно наливаем кипяченную воду так, чтоб покрыло на 2 см. Делаем огонь побольше и ждем пока рис впитает в себя воду. После делаем луночки в рисе до самого дна казана. Я делаю ручкой деревянной ложки в 5-6 местах. Это для того, чтобы вода быстрее всосалась и зирвак не подгорел. Смотрим на содержимое в лунках, не забывая периодически протыкать их. Если содержимая в них жидкость мутная, значит вода еще полностью не выкипела, а если жидкость поблескивает - это масло. Значит, можно смело уменьшить огонь до минимума, рис собрать в горку, сверху посыпать зирой и закрыть крышкой.\n8. Засекаем время - 20 мин.(это по правилам). Но я даю плову постоять на маленьком огне 15 мин. выключаю, хорошенько его перемешиваю и снова даю постоять теперь уже 10 мин.\n','2018-08-23 07:18:18',600,113.4,74.4,0,0,NULL),(128,'Плов','Секреты вкусного плова\n\n* Морковь нужно резать длинной соломкой и ни в коем случае не тереть. Не бойтесь переборщить с длиной, чем длиннее соломка, тем вкуснее плов.\n* Лучшая посуда для плова — толстая чугунная кастрюля, глубокая и толстая сковорода, чугунный казан. В любом варианте – с плотно прилегающей крышкой.\n* Соль и специи лучше всего добавлять в середине приготовления зирвака (так восточные народы называют «заправку» из мяса, моркови и лука).\n* как бы вам не хотелось открыть крышку и заглянуть в кастрюлю, не делайте этого, пока не велит рецепт. И ни в коем случае не смешивайте мясо с рисом в кастрюле в процессе приготовления, только перед подачей!\n* Если вы не торопитесь, заверните кастрюлю с пловом в одеяло и оставьте на 30-60 минут – он станет еще вкуснее.\n','1. В раскаленное раст.масло положить лук, нарезанный полукольцами. Обжарить до золотистого цвета.\n2. Добавить крупно нарезанную говядину (кубиками)\n3. Положить крупно нарезанную морковь (брусками). Добавить соль и хорошенько обжарить.\n4. Залить кипяченной водой, так, чтобы покрыть морковь на 3-4 см. Уменьшить огонь и варить зирвак (так называется бульон плова) на медленном огне. По своему опыту могу сказать, что чем дольше варится зирвак, тем вкуснее и ароматней плов.\n5. Рис - самый важный компонент. Следует покупать сорта потверже, такие как девзира, кунжара. Но, не знаю есть ли такие сорта в России, так что берите длиннозерновой. Замачивать его не обязательно, по крайней мере я этого не делаю,т.к наша семья любит рассыпчатый плов. Хорошенько переберите его и промойте.\n6. Внимание! Прежде, чем засыпать рис в казан, попробуйте зирвак на предмет соли. Её должно быть больше, чем вы обычно кладете в суп. Т.е. пересолено, т.к рис впитывает в себя соль. В противном случае плов будет пресным.\n7. Засыпаем равномерно рис и аккуратно наливаем кипяченную воду так, чтоб покрыло на 2 см. Делаем огонь побольше и ждем пока рис впитает в себя воду. После делаем луночки в рисе до самого дна казана. Я делаю ручкой деревянной ложки в 5-6 местах. Это для того, чтобы вода быстрее всосалась и зирвак не подгорел. Смотрим на содержимое в лунках, не забывая периодически протыкать их. Если содержимая в них жидкость мутная, значит вода еще полностью не выкипела, а если жидкость поблескивает - это масло. Значит, можно смело уменьшить огонь до минимума, рис собрать в горку, сверху посыпать зирой и закрыть крышкой.\n8. Засекаем время - 20 мин.(это по правилам). Но я даю плову постоять на маленьком огне 15 мин. выключаю, хорошенько его перемешиваю и снова даю постоять теперь уже 10 мин.\n','2018-08-23 07:18:19',2043,163.03,239.14,525.24,1,NULL),(129,'Диетическая пицца','','Отварить филе.\nСмешать йогурт, молоко, масло и муку.\nРасскатать получившееся тесто.\nФиле нарезать мелкими кусками и положить поверх теста.\nНарезать помидоры, укроп и шампиньоны и также выложить на пиццу.\nНатереть сыр.\nВыпекать при 180°С 20-25 минут.\nЗа 5 минут до готовности посыпать пиццу сыром.\n','2018-08-23 07:29:55',1195,155.31,48.05,60.12,1,'https://www.youtube.com/channel/UC3wsKn63g9rPNqCI1aVMupQ/videos'),(130,'Фаршированный перец',NULL,'Перец помыть и удалить семена. \nМорковь и лук почистить, затем помыть. \nЛук нарезать мелкими кубиками. \nМорковь натереть на терке.\nРис отварить в течение 7 минут до полуготовности и добавить к фаршу.\nЛук и морковь вместе обжарить на растительном масле и добавить к фаршу.\nПосолить, поперчить.\nТщательно перемешать: начинка готова!\nЗаполнить перец фаршем. Старайтесь плотно утрамбовать начинку.\nФаршированный перец сложить в кастрюлю.\nВ стакане смешать томат-пасту со сметаной.\nВлить воду, добавить соль (1 ч. ложка).\nДобавить специи (1 ч. ложка) и хорошо перемешать.\nЗалить перец подготовленной смесью.\nЗатем влить еще 1 стакан воды.\nПоставить кастрюлю на огонь, довести до кипения и готовить на небольшом огне примерно 30 минут. Затем снять с огня и оставить еще на 10 минут.\nБолгарский перец, фаршированный мясом и рисом, готов.\n','2018-08-23 07:38:50',4209,229.22,118.21,336.58,1,NULL),(131,'Дольки картофеля в духовке','Лучше любой картошки-фри или обычной жареной картошки, не надо над ней стоять, мешать, даже чистить совсем не обязательно! Луковую и чесночную приправу можно заменить вашей любимой приправой, например Прованские травы.','Духовку поставить разогреваться на 220°С.\nСыр натереть.\nКартофель промыть, если не будете чистить, можно слегка пройтись щеткой, если на шкурке остались частички земли. Разрезать вдоль на 8 длинных долек.\nВ миске или кастрюле смешать масло, приправы, соль, перец и пармезан. Перемешать, добавить картошку и помешать, чтобы картошка покрылась маслом или приправами. Если кастрюля с крышкой - можно накрыть и тщательно потрясти, чтобы все перемешалось быстренько.\nВыложите картофель на противень, смазывать не обязательно\nЗапекайте в предварительно разогретой духовке, пока картофель не будет легко протыкаться вилкой, около 25 минут, до золотистой корочки.\n','2018-08-23 08:24:32',950,142,163.9,80.5,1,'http://allrecipes.ru/recept/5522/--------------------------.aspx'),(132,'Картофельно-грибная запеканка',NULL,'1. Грибы вымойте и нарежьте. Луковицу почистите и нашинкуйте. Всё вместе обжарьте в растительном масле, посолив по вкусу.\n2. Сыр натрите на терке. Добавьте к нему сметану и майонез, измельченный чеснок. Хорошенько перемешайте.\n3. Очищенную картошку нарежьте как можно тоньше — для того, чтобы она не осталась сырой при запекании.\n4. Посуду для запекания смажьте маслом, влейте немного воды и выложите половину картофеля первым слоем. Посолите и поперчите.\n5. Смажьте сырной смесью. Покройте грибами. Выложите вторую часть картофеля.\n6. Распределите оставшуюся сырную массу. Готовьте в духовом шкафу при 250°C около 30 минут. В конце по желанию добавьте зелень.\n','2018-08-23 08:31:17',1247,33.13,34.24,116.75,1,NULL),(133,'Запеченные кабачки с помидорами',NULL,'Помидоры нарезать на четвертинки.\nЛуковицу нарезать кольцами.\nЧеснок измельчить.\nСыр натереть.\nБазилик порезать.\nКабачки нарезать пополам вдоль, затем нарезать ломтиками по 1 см. Более зрелые - почистить от семян, нарезать ломтиками.\nПоставить духовку разогреваться при 230°С. Слегка смажать форму для выпечки.\nСмешать кабачки, помидоры, лук, чеснок и красный перец в подготовленной форме для выпечки. \nПолить оливковым маслом, приправить солью и перцем и хорошо перемешать.\nПоставьте в предварительно разогретую духовку. Запекайте около 20 минут, пока овощи не станут мягкими и слегка не подрумянятся.\nДостать из двуховки, посыпать сыром и базиликом.\n','2018-08-23 08:38:53',2669.5,68.27,89.04,115.75,1,NULL),(134,'Грибные котлеты','Приятные грибные котлетки могут заменить мясные во время поста.\n','Промыть и отварить рис.\nНарезать кубиками лук и грибы.\nМелко порубить чеснок.\nНа сковороде без масла обжарить лук и чеснок, добавить грибы и дать постоять 7-10 минут.\nДобавить рис.\nСнять с огня и дать остыть.\nИз получившейся смеси сформировать котлетки, обвалить в муке и отварить.\n','2018-08-23 08:46:45',853,43.13,7.34,224.52,1,'arbuz.kz'),(135,'Картофельные зразы с грибами',NULL,'1. Картофель очистите, нарежьте кусочками, отварите до готовности в подсоленной воде. Слейте воду, добавьте яйцо и сливочное масло, приготовьте пюре.\n2. Лук мелко покрошите. Грибы обмойте и нарежьте небольшими кубиками или брусочками.\n3. Сначала обжарьте немного лук, затем добавьте грибы, посолите и жарьте до готовности. Переместите грибы в дуршлаг, дайте жидкости стечь.\n4. С 1 столовой ложки, приготовленного ранее картофельного пюре, сформируйте лепешку. \n5. В средину положите порцию грибов. Оберните начинку в картофель, образовав \"котлетку\".\n6. Обваляйте картофельные зразы с грибами в муке.\n7. Жарьте на среднем огне до золотистой корки.\n','2018-08-23 08:50:00',1013,32.47,78.61,153.63,1,NULL),(136,'Морковный гарнир',NULL,'Морковь помыть, почистить и нарезать кружочками.\nОпустить морковь в кипящую подсоленную воду и варить 6 минут.\nИзмельчить чеснок и петрушку.\nСлить воду через дуршлаг и промыть морковь холодной водой.\nСмешать сок половины лимона, оливковое масло, зиру, сладкую паприку, соль, перец и измельченный чеснок.\nЛистья петрушки добавить в соус.\nХорошо перемешать морковь с соусом. \nПоставить в холодильник минимум на 2 часа. А лучше на ночь!\n','2018-08-23 08:56:07',421,5.65,10.46,29.1,1,NULL),(137,'Мусака по-гречески','','Лук и чеснок очистить, мелко порезать, обжарить в растительном масле 5-7 мин.\nФарш выложить на сковороду, обжаривать еще 10 мин. \nПомидоры вымыть, протереть, чтобы получилась кашица, затем добавить к фаршу и луку. Вместе с тем положить гвоздику, кориандр, соль и перец. Тушить 15 мин.\nБаклажаны вымыть, очистить, нарезать кружками, присыпать солью и оставить на 10 мин, чтобы ушла горечь. Затем промыть их водой и обсушить салфетками.\nОбжарить баклажаны в растительном масле с двух сторон. Выложить на салфетку, чтобы убрать лишнее масло.\nВ форму уложить половину обжаренных баклажанов, так чтобы один кружок немного находил на другой. Сверху выложить половину фарша. Затем — второй слой баклажанов и фарша. Разровнять поверхность.\nВ небольшой кастрюле разогреть сливочное масло, высыпать муку, готовить, помешивая, 5 мин. Молоко подогреть, добавить яйцо ,перемешать, а затем вылить в кастрюлю к муке и маслу. Помешивать 5 минут. Пармезан натереть на терке, зелень мелко порубить, добавить в соус. Хорошо перемешать и снять с огня.\nСмазать готовым соусом поверхность мусаки. Запекать мусаку с баклажанами 20-25 минут при температуре 200 С. Перед подачей мусаку по-гречески рекомендуется немного остудить, чтобы проще разделить на порции.','2018-08-23 09:07:53',2661,260.41,160.09,128.61,1,'http://www.dompovarov.ru/vtorye-bljuda/musaka-po-grecheski-s-baklazhanami/'),(138,'Овощи по-провански',NULL,'Помидоры, кабачки и баклажаны тщательно промыть и нарезать кружочками. \nПосыпать и перемешать с солью и специями.\nПосуду для запекания смазать маслом. \nУложить кружки в посуду для запекания, чередуя друг с другом кружочки кабачков, помидоров и сыр.\nЧеснок мелко порубить. \nДля заливки смешать масло, соль, перец, базилик и чеснок. \nПриготовленной смесью полить овощи.\nЗапекать в духовке до готовности. \nСыр натереть.\nПосыпать готовое блюдо и оставить в духовке еще на минуты 3.\n Готовое блюдо посыпать зеленью!\n','2018-08-23 09:17:38',1779.5,33.95,76.08,76.21,1,NULL),(139,'Лодочки из баклажанов',NULL,'Баклажаны разрезать вдоль, при этом сохранив плодоножку. Отварить их в кипящей подсоленной воде около 15-20 минут. Откинуть на дуршлаг и дать остыть.\nНатереть сыр. \nПорубить зелень и чеснок. \nВ миске перемешать натертый на сыр, творог, яйцо, петрушку, базилик, чеснок и укроп, а так же специи. Из половинок баклажанов вынуть с помощью ложки немного мякоти и добавить ее в сырную массу, перемешать.\nНачинить половинки баклажанов сырной начинкой и отправить в разогретую до 180°С духовку на 30 минут. \n','2018-08-23 09:22:11',1363.5,108.98,74.22,46.38,1,NULL),(140,'Оладьи из кабачков',NULL,'Кабачки пропустить через мясорубку или натереть на мелкой терке. \nДобавить яйцо, затем муку, хорошо перемешать.\nВыкладывать столовой ложкой на хорошо разогретую сковороду с антипригарным покрытием (без масла). \nГотовить с обеих сторон. \nПри подаче полить натуральным йогуртом.\n','2018-08-23 09:27:53',530,18.49,10.2,84.87,1,NULL),(141,'Рататуй',NULL,'1. Перец запекаем в духовке при температуре 180-190 градусов примерно полчаса, чтобы кожица начала чернеть. Остывший перец очищаем и нарезаем кубиками.\n2. Лук нарезаем мелко.\n3. 350 г. помидоров очищаем от кожицы, для чего опускаем их в кипяток на полминуты. Затем также нарезаем кубиками.\n4. Лук обжариваем на сковороде с растительным маслом.\n5. Добавляем перец, готовим около 3-х минут.\n6. Примерно через 3 минуты добавляем помидоры, солим. Готовим около 7 минут, чтобы соус немного загустел.\n7. Затем с помощью блендера делаем соус однородным.\n8. Равномерно выкладываем соус в форму или сковороду.\n9. Баклажаны нарезаем тонкими кружочками. (Чтобы баклажаны не горчили, можно их посолить, оставить на полчаса, потом промыть и отжать.)\n10. Кабачки и 500 г. помидоров нарезаем кружочками.\n11. Теперь выкладываем овощи в форму поочередно, полностью заполняя форму.\n12. Для заправки мелко нарезаем зелень и измельчаем чеснок.\n13. Перемешиваем масло с зеленью и чесноком, солим, перчим по вкусу.\n14. Поливаем овощи приготовленной заправкой.\n15. Форму накрываем, ставим в духовку и запекаем рататуй примерно час или чуть дольше, до готовности овощей.\n','2018-08-23 09:30:43',2441.5,27.47,3.91,122.8,1,NULL),(142,'Рис с кукурузой и помидорами',NULL,'1. Варим в подсоленной воде рис.\n2. В это время готовим овощи: сливаем воду с кукурузы, нарезаем кубиками помидоры и мелко нарезаем лук.\n3. Натираем на крупной тёрке твёрдый сыр и нарезаем петрушку.\n4. Готовый рис обжариваем на сливочном масле.\n5. Добавляем к рису лук, помидоры и кукурузу, тушим 5-10 минут.\n6. Солим, перчим, посыпаем сыром, перемешиваем и украшаем зеленью.\n','2018-08-23 09:35:49',1340.5,60.46,30.39,264.96,1,NULL),(143,'Рис с мятой','Разнообразить привычную кухню поможет рис на кокосовом молоке приправленный мятой. Такой гарнир подойдет как к мясным, так и к рыбным блюдам.\n','На маленьком огне довести до кипения молоко с водой.\nДобавить рис.\nПосолить.\nУбавить огонь и накрыть крышкой.\nВарить примерно 15 минут.\nЗатем дать настояться еще 5 минут.\nПеред подачей смешать с рубленой мятой.\n','2018-08-23 09:38:49',640,18.48,31.36,166.4,1,'https://arbuz.kz/ru/almaty/recipes/show/144274-ris_s_myatoi#.W3-iv84zaUk'),(144,'Зеленая фасоль с шампиньонами',NULL,'Шампиньоны нарезать половинками, лук четвертькольцами.\nВыложить в сковороду все ингредиенты, сбрызнуть соевым соусом, потушить до готовности (недолго, чтобы курица осталась сочной, а фасоль хрустящей).\nПеред подачей можно сбрызнуть оливковым маслом, но необязательно.\nСолить не надо.\nПри необходимости можно добавить немного воды, но вообще, сока от продуктов и соевого соуса вполне достаточно.\nДля такого тушения идеально подходит сковорода вок.\n','2018-08-23 09:40:48',535,13.76,2.1,23.05,1,NULL),(145,'Цветная капуста под сырным соусом',NULL,'Капусту разобрать на соцветия и отварить до размягчения (но не переваривать) окоо 5 минут в слегка подсоленной воде. Сразу слить воду и выложить капусту в форму для запекания.\nСделать соус: в кастрюльку налить сливки.\nДобавить соль, муку и перемешать.\nПотихоньку добавлять молоко, постоянно помешивая, чтобы не получилось комков.\nПродолжать готовить на медленном огне, помешивая, до загустения.\nВ конце добавить половину сыра и размешать.\nКогда сыр расплавится, сразу снять с огня.\nвылить соус на капусту в форме и посыпать оставшимся сыром. Выпекать 30-40 минут при 180°С.\n','2018-08-23 09:47:54',1090,52.7,39,86.45,1,NULL),(146,'Чечевичные котлеты','Вкусные, сытные и, главное, полезные котлетки. Такой рецепт поможет разбавить серость меню в постные дни.\n','На ночь замочить чечевицу.\nУтром слить воду и измельчить чечевицу в блендере.\nМелко порезать капусту и морковь.\nСоединить овощи с чечевицей и мукой.\nСформировать котлеты.\nОбжарить с двух сторон на антипригарной сковороде .\n','2018-08-23 09:51:49',365,30.69,2.09,108.33,1,'https://arbuz.kz/ru/almaty/recipes/show/146799-chechevichnye_kotlety#.W3-ir84zaUk'),(147,'Котлеты по-киевски','Гарнир: \nломтики обжаренного картофеля \nзелёный горошек','Сливочное масло смешать с рублеными травами. Посолить и поперчить его. Выложить на пищевую плёнку и убрать в морозильник.\nПодрезать филе вдоль, но не до конца. Раскрыть филе.\nОтбить филе плоской частью молоточка или ручкой ножа до толщины 2-3 мм. Можно предварительно накрыть филе плёнкой. Отбивать аккуратно,чтобы не разорвать филе. Если всё-таки мясо повредилось, то можно закрыть образовавшиеся дырки отбитым малым филе.\nМасло разделить на два брусочка и выложить на край филе. Подвернуть края филе так, чтобы косточка торчала наружу. Свернуть отбитое филе в рулет.\nОбвалять котлету в муке.\nЗатем в яйце.\nИ наконец в сухарях. Повторить процедуру с яйцом и сухарями ещё раз. Положить котлеты на морозоустойчивую доску и убрать в морозильник на 10-15 минут.\nВ толстостенной посуде разогреть растительное масло. Подмороженные котлеты, периодически переворачивая, обжарить во фритюре на медленном огне. Если филе не удалось отбить очень тонко, есть вероятность, что котлеты не прожарятся во фритюре. В этом случае переложите котлеты в жаропрочную форму и поставьте в духовку, нагретую до 160*С на 10-15 минут.\nПодавать котлеты немедленно с обжаренным картофелем и зелёным горошком. Косточку в котлете можно прикрыть бумажной папильоткой. ','2018-08-23 11:19:36',1095,203.22,115.35,86.3,1,'https://www.edimdoma.ru/retsepty/48691-nazad-v-sssr-kotlety-po-kievski'),(148,'Куриные котлеты по-французски','','Нарезать лук.\nНарезать филе мелкими кубиками.\nПосолить, поперчить мясо.\nДобавить яйца, сметану, муку, лук.\nПеремешать.\nПолучившуюся смесь ложкой выкладывать на предварительно разогретую сковородку.\n','2018-08-23 11:25:21',1170.5,225.6,42.33,41.6,1,'https://www.youtube.com/watch?v=4M6sD3cc3uM'),(149,'Куриные котлеты \"Нежность\"',NULL,'Куриное филе нарезаем кубиками. Сильно мельчить не надо.\nСыр нарезаем такими же кубиками, либо меньшего размера.\nЕсли решили добавить лук, то его нужно мелко нарезать.\nДобавляем кефир, крахмал, соль и специи\nСоли кладите меньше, чем обычно - сам сыр уже \"дает соль\"\nТеперь все нужно перемешать и добавить мелко рубленную зелень\nЖарить нужно на среднем огне.\nМожно выкладывать ложкой как оладьи, а можно и так\nКотлетки жарятся очень быстро.\n','2018-08-23 11:28:53',1109,189.75,72.21,84.24,1,NULL),(150,'Куриные котлеты с отрубями',NULL,'Куриное филе нарезать средними кусочками, чтобы удобно было сделать фарш.\nМясо измельчить в блендере или мясорубке.\nРазбить в фарш яйцо.\nДобавить овсяные отруби, соль и перец по вкусу.\nХорошо перемешать.\nСформировать котлеты и обжарить на грили или на сковороде без масла.\n','2018-08-23 11:32:59',373,79.53,10.99,8.54,1,NULL),(151,'Куриные крылышки',NULL,NULL,'2018-08-23 12:00:55',1015,175.79,109.8,49.45,1,NULL),(152,'Куриные наггетсы','','·         1. Куриное филе нарезать ломтиками 3 см, посолить, поперчить.\n·         2. Яйца разбить в миску, взбить до однородной консистенции.\n·         3. Обвалять кусочки филе в муке.\n·         4. Обмакнуть кусочки филе, обваленные в муке, в яйцо.\n·         5. Запанировать в сухарях.\n·         6. В глубокой сковороде хорошо разогреть растительное масло. Выложить запанированные кусочки курицы на сковороду. Растительное масло должно полностью покрывать наггетсы.\n·         7. Обжарить ломтики филе. Делать это со всех сторон и до золотистой корочки!\n·         8. Выложить на бумажные полотенца, чтобы удалить излишки жира.\n','2018-08-24 05:05:02',855,141.71,100.9,90.62,1,'https://eda.ru/recepty/osnovnye-blyuda/domashnie-kurinie-naggetsi-35017'),(153,'Куриные шашлычки','','Для маринада:\nМелко нарезать зубчик чеснока.\nКак можно мельче нарезать петрушку.\nСмешать чеснок и петрушку.\nК ним добавить лимонный сок, горчицу, соевый соус, оливковое масло и всё это перемешать.\nПо желанию можно добавить специи для шашлыка.\nКуриное филе нарезать крупными кубиками.\nОтправить в маринад на несколько часов.\nМясо нанизать на деревянные шпажки.\nРазогреть духовку до 200°С.\nВыпекать шашлычки 20 минут.\n','2018-08-24 05:26:29',621,118.75,16.59,27.12,1,'https://www.youtube.com/watch?v=6VAaAHOGfsk   07:52'),(154,'Курица по-летучевски','','В 2 стакана воды добавить 2 чайной ложки соли и специи по вкусу, а также влить соевый соус.\nФиле обмыть, нарезать небольшими кусочками.\nКурицу положить в маринад.\nОставить в холодильнике на ночь.\nНа следующий день курицу обжарить на сковороде или гриле по 2-3 минуты с каждой стороны.\n','2018-08-24 05:31:58',1259.5,185.78,9.6,16.13,1,'https://www.youtube.com/watch?v=0uR4g4LnJY0'),(155,'Курица по-гавайски',NULL,'Мясо вымыть, осушить салфеткой. Противень смазать растительным маслом.\nКуриное филе разрезать тонко пополам. Слегка отбить. Уложить на противень. Посолить, поперчить\nАнанасы порезать на среднего размера куски.\nСверху выложить консервированные кусочками ананасы.\nСверху посыпать тертым на крупной терке сыром.\nЗапекать курицу с ананасами в духовке 15-20 минут.\n','2018-08-24 05:46:45',1582,234.1,82.88,87.41,1,NULL),(156,'Тефтели',NULL,'Рис хорошо промыть. Залить холодной водой. Посолить. Отварить до готовности, около 20 минут. Откинуть на дуршлаг, чтобы стекла лишняя жидкость. Охладить\nФарш посолить и поперчить. Добавить одно яйцо.\nПочистить лук и чеснок. Помыть лук. Мелко порубить ножом лук и чеснок.\nК фаршу добавить лук, чеснок и рис.\nТщательно вымешать фарш.\nИз полученной массы сформировать шарики величиной с грецкий орех. Разогреть сковороду, налить растительное масло. В горячее масло выложить тефтели, обжарить со всех сторон на среднем огне.\nВыложить тефтели в кастрюльку.\nВскипятить чайник. Сделать соус. В кипятке развести томат-пасту и сливки. Посолить, поперчить.\nЗалить тефтели соусом. Тушить под крышкой 10 минут.\nТефтели с рисом в соусе готовы. Подавать с любимым гарниром.\n','2018-08-24 07:15:30',1004,115.14,102.11,218.17,1,NULL),(157,'Салат из капусты, кукурузы и яблока',NULL,'Слить сок из консервированной кукурузы и оставить в дуршлаге, чтобы жидкость стекла.\nОчистить яблоко от кожуры, удалить сердцевину и мелко нарезать или натереть на терке.\nНашинковать капусту.\nСмешать в небольшой миске кукурузу, яблоко и капусту.\nДобавить сок лимона, приправить солью и перцем, перемешать.\nВыложить в салатницу и подавать.\n','2018-08-24 07:22:11',395,6.33,0.89,31.57,1,NULL),(158,'Салат из курицы с овощами',NULL,'Огурцы нашинковать тонкой соломкой, добавить в салатник.\nФиле курицы разобрать на волокна, добавить к огурцам.\nОстальные овощи нашинковать небольшими кусочками, добавить кукурузу.\nПосолить, поперчить, добавить йогурт, перемешать.\n','2018-08-24 07:26:09',719,75.68,4.54,22.93,1,NULL),(159,'Салат из шампиньонов и перца',NULL,'Перец вымойте, удалите семена и разделите каждый пополам. Половинки перца нарежьте соломкой.\nШампиньоны вымойте, слегка обсушите и нарежьте небольшими кусочками, обжарьте на разогретой сковороде.\nСмешайте готовые шампиньоны, перец.\nНатрите сыр на крупной терке.\nДобавьте сыр к грибам и перцу и хорошо перемешайте.\nВыдавите сок лимона и приправить им салат для придания свежести. В этом салате сок лимона заменяет все специи.\nСалат не солится и не перчится.\nПеремешайте и выложите в салатницу. Украсьте зеленью и подавайте к столу.\n','2018-08-24 07:32:51',362,20.3,25.14,8.15,1,NULL),(160,'Салат из брокколи, оливок и перца',NULL,'Брокколи вымыть, разделить на соцветия и положить в кипящую воду.\nВарить 3 минуты.\nСнять с огня, откинуть на дуршлаг, обдать холодной водой.\nК брокколи добавить мелко порезанный перец и оливки, разрезанные пополам.\nОливковым маслом заправить салат.\nПеред подачей дать промариноваться 5 минут.\n','2018-08-24 07:39:16',805,20.19,27.73,41.34,1,NULL),(161,'Салат \"Лондонский\"',NULL,'Авокадо очистить от кожуры.\nВсе ингредиенты нарезать кубиками.\nПосолить.\nЗаправить оливковым маслом.\nПеремешать.\n','2018-08-24 07:46:53',532.5,42.08,99.12,22.12,1,NULL),(162,'Салат \"Хрустящий\"',NULL,'Отварить яйца.\nИнгредиенты накрошить, посолить и смешать между собой.\n','2018-08-24 07:53:01',235,9.55,7.33,11.46,1,NULL),(163,'Салат греческий',NULL,'Перец очистить от семян и срезать белые утолщения, нарезать крупной соломкой.\nПомидоры нарезать крупными кусками.\nОгурцы разрезать пополам и нарезать ломтиками (можно огурцы очистить от кожицы).\nРепчатый лук нарезать соломкой.\nВ миску налить оливковое масло. Добавить сок лимона.\nСмесь посолить.\nПоперчить.\nСложить все овощи в миску, залить соусом.\nПеремешать овощи.\nФету нарезать кубиками.\nНа тарелку положить листья салата, выложить овощи.\nПоверх разложить кубики феты.\nВ последнюю очередь положить маслины.\n','2018-08-24 07:58:45',1025,43.98,43.65,34.53,1,'https://www.kulina.ru/articles/rec/retseptyotkulinaru/zakuski/doc_4/'),(164,'Салат из капусты и моркови',NULL,'Овощи помойте и почистите.\nНашинкуйте капусту и разминайте руками, пока не появится сок.\nНатрите морковь на терке.\nПосолите, добавьте сметану и перемешайте. Готово!\n','2018-08-24 08:02:28',550,10.37,10.47,27.41,1,NULL),(165,'Салат Оливье',NULL,'Отварить филе, морковь и картофель.\nВсе ингредиенты нарезать кубиками (кроме горошка).\nПосолить, поперчить, заправить сметаной и перемешать\n','2018-08-24 08:10:22',1770,141.13,17.77,151.47,1,NULL),(166,'Салат с крабовыми палочками и кукурузой',NULL,'Яйца отварить, очистить от скорлупы.\nИзмельчить компоненты.\nСоединить, посолить, заправить сметаной или йогутом.\n','2018-08-24 08:13:08',665,60.57,57.4,27.07,1,NULL),(167,'Салат с тунцом',NULL,'Яйца сварить в крутую, очистить от скорлупы и нарезать квадратиками.\nАвокадо очистить от кожуры, удалить косточку и нарезать на средние кусочки.\nНарезать также кубиками помидоры.\nНарезать листья салата.\nТунец также измельчить.\nвсе ингредиенты поместить в миску, посолить, при желании можно сбрызнуть лимонным соком.\nПеремешать.\n','2018-08-24 08:18:42',710,41.7,38.1,18.08,1,NULL),(168,'Салат Селедка под шубой',NULL,'Отварить яйца, свеклу, картофель и морковь. \nОчистить их от кожуры.\nПочистить лук.\nВсе ингредиенты нарезать кубиками.\nВыложить слоями в следующей последовательности: селёдка, лук, картофель, морковь, яйца, свекла.\nКаждый слой смазать сметаной/йогуртом.\nОставить салат в холодильнике пропитаться на пару часов.\n','2018-08-24 08:24:35',1965,159.18,102.77,112.65,1,NULL),(169,'Торт-салат',NULL,'Яйца отварить, очистить от кожуры.\nВсе продукты натереть на крупной тёрке, сыр – на мелкой. \nВыложить слоями: редька, морковь, яблоко, яйцо.\nКаждый слой смазать сметаной/йогуртом и посыпать сыром\n','2018-08-24 08:28:21',830,32.93,39.09,55.9,1,NULL),(170,'Салат из авокадо и помидора',NULL,'Отварить яйцо.\nПоловину авокадо очистить от кожуры и нарезать тонкими дольками.\nДольками также нарезать помидоры и яйцо.\nвсе ингредиенты смешать, заправить оливковым маслом.\nДобавить соль, перец по вкусу.\n','2018-08-24 08:31:28',395,12.85,59.18,18.31,1,NULL),(171,'Теплый овощной салат',NULL,'Слегка смазать сковородку маслом и обжарить на ней шампиньоны.\nОтварить стручковую фасоль. Ее можно немного измельчить.\nСоединить в миске грибы, фасоль и кукурузу.\nДобавить соль, перец по вкусу.\nПеремешать.\n','2018-08-24 08:34:37',464,14.54,12.43,12.69,1,NULL),(172,'Салат из помидоров',NULL,'Помидоры порезать на дольки, посолить, заправить растительным маслом или сметаной/йогуртом. ','2018-08-24 08:36:20',345,4.96,6.57,12.31,1,NULL),(173,'Салат из помидоров и огурцов',NULL,'Почистить лук. Порезать овощи. Посолить, заправить растительным маслом или сметаной, перемешать. ','2018-08-24 08:38:11',507.5,6.63,8.58,18.87,1,NULL),(174,'Винегрет',NULL,'1. Свеклу, картофель и морковь очень хорошо помыть, потереть щеточкой под струей воды, чтобы на них не осталось земли. В двух кастрюльках вскипятить воду. В одну положить картофель, в другую морковь и свеклу и отварить до готовности. Свекла и морковь будет готовиться около часа, а картофель минут 20-30 в зависимости от сорта. Посолить овощи за 10 минут до готовности.\n2. Готовым овощам дать подостыть, снять кожицу. Нарезать на кубики одинакового размера.\n3. Нарежем огурцы и смешаем все ингредиенты в миске. Посолим при необходимости и заправим растительным маслом. Я убеждена, что этому салату больше ничего не требуется, никаких травок и \"допингов\", и главное никакого уксуса! Он испортит весь вкус натуральных продуктов. Если вам хочется больше кислинки, уж лучше добавить лимонного сока немного. \n','2018-08-24 08:43:38',1475,48.73,52.63,150.3,1,'https://www.edimdoma.ru/retsepty/48802-nazad-v-sssr-vinegret'),(175,'Сырная лепешка',NULL,'Натереть сыр на терке.\nСмешать все ингредиенты.\nПолученную массу раскатать в лепешку и пожарить на сковороде без масла.\n','2018-08-24 09:28:20',425,52.14,59.8,44.77,1,NULL),(176,'Гренки с яблоком и корицей',NULL,'Яблоко натереть на терке.\nДобавить к нему яйцо и корицу.\nНанести смесь на хлеб и пожарить на сковороде.\n','2018-08-24 09:34:46',455,34.95,29.94,100.56,1,NULL),(177,'Ананасовые гренки',NULL,'Взбить блендером ананас, молоко, яйцо и сахар.\nКуски хлеба обжарить хлеб в полученной смеси.\n','2018-08-24 09:44:33',430,36.01,23.69,120.15,1,NULL),(178,'Апельсиново-яблочная запеканка',NULL,'Очистить яблоки от кожуры.\nНарезать ломтиками.\nДуховку поставить разогреваться на 180°С.\nВыложить в форму для выпекания или противень.\nТворог с яйцом и мёдом смешать в блендере.\nПолучившуюся смесь равномерно распределить по яблокам.\nАпельсин очистить от кожуры, нарезать на круглые дольки и украсить ими сверху запеканку.\nВыпекать 15-20 минут.\n','2018-08-24 09:47:55',790,44.48,17.58,107.99,1,NULL),(179,'Борщ',NULL,'Шаг 1. Варим бульон\nПромойте мясо.\nВозьмите 3-литровую кастрюлю. \nНалейте в нее 2 литра воды.\nПоложите в воду мясо.\nПоставьте кастрюлю на средний огонь.\nСледите за бульоном, перед закипанием снимите пену.\nКогда закипит, накройте кастрюлю крышкой и варите на медленном огне полтора-два часа.\nШаг 2. Делаем зажарку.\nПока варится бульон, пожарим овощи.\nВымойте и почистите свёклу, морковь и лук.\nСвёклу натрите на крупной тёрке, а морковь на средней.\nЛук нарежьте кубиками.\nНалейте подсолнечное масло на сковороду, включите средний огонь.\nСначала жарьте лук и морковь (5 минут), затем добавьте свёклу.\nСвёклу посыпьте лимонной кислотой или сбрызните соком свежего лимона. Благодаря этому борщ будет по-настоящему красным.\nЖарьте овощи ещё 5 минут. После этого добавьте томатную пасту, перемешайте и оставьте на газу ещё на 5–7 минут.\nШаг 3. Собираем борщ\nУберите из бульона мясо. \nОпустите в бульон нарезанный соломкой картофель.\nЧерез какое-то время добавьте нашинкованную капусту. \nПока варится картофель, отделите мясо от кости и нарежьте кубиками.\nВерните мясо в суп.\nПосолите по вкусу.\nДобавьте зажарку. Перемешайте. \nДобавьте лавровый лист и мелко порубленную зелень.\nНакройте кастрюлю крышкой и варите еще 5-7 минут.\nБорщ готов. \nПодача на стол.\nБорщ можно есть сразу после приготовления. Но, как правило, на следующий день он ещё вкуснее.\nРазлейте борщ по глубоким тарелкам. Добавьте сметану, свежую зелень, черный молотый перец (если любите поострее) и дольку лимона (если предпочитаете покислее).\n','2018-08-25 04:04:08',3964,98.82,181.31,154.88,1,'https://lifehacker.ru/classic-borshcht/'),(180,'Грибной суп','Вместо сухих грибов очень удобно взять пакет замороженных или банку шампиньонов в собственном соку. В первом случае, высыпав грибы в воду, варите их 15 минут, во втором, используя консервированные, доводите их просто до кипения и сразу бросаете овощи. Кстати, рассол, в котором плавали грибы, можно вылить вместе с ними в суп, будет вкусней.\nЛетом можно взять свежие грибы, тогда их замачивать не надо.\n','Сухие грибы тщательно помыть, замочить и оставить на час.\nОвощи помыть и порезать.\nГрибы в этой же воде варить минут 20. Не забудьте посолить и поперчить.\nДобавить овощи и вермишель.\nВарить еще 15 минут.\n','2018-08-25 04:15:02',2830,96.75,15.66,207.07,1,NULL),(181,'Наурыз коже','Наурыз коже: рецепт и интересная история 7 ингредиентов.\n\nПо традиции в главный весенний праздник Наурыз принято накрывать роскошный стол и приглашать в дом друзей, родственников и даже соседей. В каждом доме можно встретить уникальные семейные рецепты, но обязательным условием для праздника является приготовление традиционного праздничного блюда – Наурыз коже. Этот удивительный питательный суп – символ изобилия. Казахи едят его вдоволь, чтобы весь следующий год был таким же плодоносным, как и главное блюдо на столе.\nОтведав первый раз в году Наурыз коже, важно не забыть загадать желание, и оно обязательно сбудется. Интересно, что основой блюда является цифра 7. Отведав сытный суп в 7 домах, можно обеспечить счастливый и удачный год. Именно 7 отборных ингредиентов включает традиционный рецепт. Наурыз коже готовят из воды, соли, крупы, молока (или айрана), курта (как жирная составляющая), воды, муки (лапши) и мяса (конины).\nЧто означает каждый ингредиент?\nВоду добавляют как символ человеческой жизни – текущей реки. Для молодых это своего рода пожелание интересной и бурной жизни.\nСоль символизирует сладость в пище, что подтверждает казахская народная мудрость: «Соль – придает пище сладость, мудрые слова – мысли яркость».\nМука или лапша символизируют сытость и богатство.\nМолоко добавляют как знак чистой жизни в мире и единстве.\nСытный курт дарит силу и здоровье.\nШестым ингредиентом добавляется крупа: пшеница или ячмень. Принято считать, что ячмень обладает особыми лечебными свойствами и очищает кровь.\nИ, наконец, мясо – любимейший ингредиент казахов, который дарит счастье и удачу.\n','Положите мясо в кастрюлю, залейте водой, добавьте лук и поставьте на включенную плиту. Доведите воду до кипения, снимите грязную пенку. Варите мясо на медленном огне до готовности: конине нужно 3 часа, чтобы стать нежной и разваренной. \nКрупы отварите по отдельности, слегка не доводя до готовности. В некоторых вариантах рецепта добавляется не 2, а 7 видов круп: добавляют рис, перловку, овес, гречку, кукурузу, пшено, пшеницу.\nЗатем крупы соедините с бульоном, добавьте лапшу и варите около 5 минут. \nПосле, выньте сваренное мясо из кастрюли и оставьте его остывать. Нарежьте тонкими ломтиками и положите обратно в бульон. \nЗаранее разведите курт в 2-х стаканах мясного бульона. Добавьте нашинкованную луковицу, измельченный чеснок, душистый перец и сливочное масло. Оставьте настаиваться примерно на 3 часа. \nВлейте в суп смесь из курта, перемешайте и поставьте на медленный огонь. Добавьте айран. Разогревайте и постоянно помешивайте деревянной ложкой, чтобы молочная составляющая не свернулась. Соль добавляется по вкусу. \nПеред подачей наурыз-коже должен немного остыть. Вместе с питательным супом можно подавать баурсаки, шелпеки и другие традиционные блюда богатого казахского дастархана. \n','2018-08-25 04:25:53',5840,331.49,352.07,121.36,1,'https://pandaland.kz/recipes/recepty-5/bulony-i-supy-6/nauryz-kozhe-recept-i-interesnaya-istoriya-7-ingredientov'),(182,'Овощной сливочный суп',NULL,'Замороженные овощи отправить в кастрюлю, поставить на небольшой огонь и накрыть крышкой. Варить, пока овощи не растают.\nЧеснок измельчить.\nДобавить масло к овощам.\nДобавить чеснок.\nОставить тушиться овощи 5 минут.\nДобавить сливки.\nЗалить овощи кипятком, чтобы они были покрыты водой, добавить соль по вкусу.\nВарить еще минут 5-10 до готовности овощей.\n','2018-08-25 04:34:19',2628,20.32,38.14,76.28,1,'https://www.youtube.com/watch?v=Ti861tvJUb8&list=PL2f6d3L-0RdizmRIK6fdrcKH-wNzsFVW2'),(183,'Окрошка',NULL,'Рецепт окрошки классической требует кваса не сладкого магазинного, а домашнего белого хлебного кваса. Хлебный квас для окрошки можно приготовить из сухого концентрата. Сухой хлебный квас растереть, положить в эмалированную каст­рюлю, залить кипяченой водой и поставить на 2-3 часа в теплое ме­сто, накрыв тканью. Настой процедить, добавить разведенные хлеб­ные дрожжи и опять поместить в теплое место для брожения. Как только настой забродит, процедить его через марлю. Готовый квас поставить в холодильник.\nКвас, картофель, яйца, огурцы, сметана, мясо и зелень – основные составляющие классической окрошки.\nОтварить мясо. \nЯйца и картофель сложить в кастрюлю, залить холодной водой и поставить на средний огонь, довести до кипения, уменьшить огонь и варить до готовности яиц, \n8-10 минут, затем яйца достать из кастрюли и переложить в холодную воду, а картофель продолжить варить до мягкого состояния, еще минут 10.\nПока варятся яйца и картофель, нарежьте мясо кубиками поперек волокон…\nМелко порубить укроп и петрушку\nПорезать мелкими кубиками огурцы\nЗелный лук мелко наезать\nЕго растереть с небольшим количеством соли (пока не появится сок)\nЯйца почистить и порезать кубиками.\nГотовый картофель переложить в холодную воду на пару минут, а затем достать из воды, почистить и порезать кубиками.\nВсе резаные ингредиенты (кроме петрушки и укропа) соединить в большой кастрюле или миске, заправить сметаной и хорошо перемешать.\nЗалить содержимое кастрюли квасом (кефиром/таном), добавить укроп, петрушку, сахар, горчицу, посолить и перемешать. По желанию, можно добавить в окрошку нарезанный редис.\nДля любителей кисленького подавать окрошку с лимонной долькой.\n','2018-08-27 03:49:43',3121,107.15,83.46,168.29,1,NULL),(184,'Суп из чечевицы','','Замочить чечевицу на ночь.\nОтварить курицу.\nПочистить, помыть и нарезать морковь и лук.\nОбжарить их на сковороде 2-3 минуты.\nПереместить овощи в кастрюлю.\nДобавить 30 г. томатной пасты или 1 помидор в собтвенном соку.\nПеремешать.\nЗалить двумя литрами кипятка.\nПодсолить.\nДобавить чечевицу.\nПеремешать и варить 15 минут.\nПорезать филе на кусочки.\nПосле добавить горошек, фасоль, куриное филе и зелень.\nПеремешать, довести до кипения, варить еще 5 минут.\n','2018-08-27 05:12:17',2627,63.41,20.34,77.41,1,'https://www.youtube.com/channel/UC5pFR27s1fTBocMKSwM_Svw'),(185,'Суп картофельный с клецками',NULL,'Картофель очистить, вымыть, нарезать кубиками.\nВскипятить в кастрюле воду, добавить нарезанный картофель. Варить до полуготовности на среднем огне (примерно 10 минут).\nЛук очистить, вымыть, нарезать мелко.\nМорковь очистить, вымыть, натереть на крупной терке.\nРазогреть сковороду, растопить в ней сливочное масло, добавить лук. Пассеровать (обжарить) лук на сливочном (или на растительном) масле на среднем огне (3-4 минуты).\nК луку добавить морковь и слегка обжарить, помешивая (2-3 минуты).\nЛук с морковью добавить в кастрюлю с картофелем, посолить, добавить лавровый лист и варить 5-7 минут.\nМолоко вылить в миску, посолить, понемногу добавить муку (тесто должно быть как сметана), хорошо перемешать до однородности.\nТесто набирать чайной ложкой и опускать в кипящий суп. Малыми порциями опускать в суп клецки до тех пор, пока не закончится тесто. Проварить 5 минут на среднем огне.\nЗелень вымыть, мелко нарезать.\nВыключить суп, добавить зелень и дать супу немного настояться (10-15 минут).\n','2018-08-27 05:26:31',2209,18.33,38.04,129.72,1,NULL),(186,'Огуречный суп с грецкими орехами','Суп, который просто спасет в летнюю жару.  Легкий, диетический, но вместе с тем сытный огуречный суп прекрасная альтернатива классической окрошке.','Огурцы и орехи натереть на крупной терке.\nЧерез чеснокодавку выдавить зубчик чеснока.\nЗалить все ингредиенты йогуртом и перемешать.\nДобавить зелень, соль и специи по вкусу.\nЕсли суп густой, разведите его половиной стакана воды.\nГотовый суп поставить в холодильник на полчаса.\nПеред подачей добавить оливковое масло, посыпать измельченными орехами и зеленью.\n','2018-08-27 05:30:12',662,16.36,46.5,44.76,1,'https://arbuz.kz/ru/almaty/recipes/show/96404-osvezhayushii_ogurechnyi_sup_s_greckimi_orehami'),(187,'Рассольник',NULL,'Отварить мясо, после чего его удалить из бульона. \nПредварительно, за 8-10 часов до варки (можно на ночь) замочить 1,5 столовых ложки перловки. Это улучшит вкус перловой крупы, и сварится она гораздо быстрее. Набухшую перловку залить небольшим количеством мясного бульона (0,5 л) и поставить варить.\nПока крупа варится, почистить, помыть и нарезать лук и морковь. Лука можно взять больше, чем обычно для супа, рассольник будет только вкуснее.\nНагреть сковороду. Налить растительное масло. Обжарить овощи в растительном масле на среднем огне, помешивая 2-4 минуты.\nОбжаренные с мукой овощи добавить к перловке. Если получилось слишком густо, немного развести кипятком (не больше, чем 0,5 л).\nПочистить и помыть картофель. Нарезать кубиками.\nДобавить лавровый лист, перец горошком и варить 20-25 минут до мягкости крупы, затем положить картофель.\nОгурцы нарезать кубиками.\nКогда картофель сварится (примерно 10-20 минут), добавить в рассольник огурцы, нарезанные мелкими кубиками и если нужно, развести кипятком (около 1-2 стакана) до желаемой консистенции. Посолить, добавить специи и варить рассольник с перловкой 2-3 минуты. Если не хватает остроты или кислоты, можно подлить немного (пару столовых ложек) рассола из-под огурцов и по вкусу томатной пасты (1-2 ст. ложки).\nПодавать рассольник с перловкой горячим со сметаной.\n','2018-08-27 05:39:00',3065.5,85.44,109.34,97.33,1,NULL),(188,'Суп молочный заварной с клубникой',NULL,'1,5 ст.клубники протереть.\nЖелток затереть с сахарным песком и залить кипящим молоком.\nНагреть, но не доводить до кипения.\nСнять с огня и добавить 1,5 с.протертой клубники и 1 ст.целой.\n','2018-08-27 05:51:38',1345,33.64,26.4,100.67,1,'http://loveread.ec/read_book.php?id=8174&p=8#gl_30'),(189,'Овощной суп',NULL,'Все овощи помыть.\nЛук и картофель почистить от кожуры.\nПерец очистить от семечек.\nВсе овощи порезать.\nДовести до кипения 2 литра воды, посолить.\nДобавить все овощи, кроме белокочанной капусты и горошка.\nЕе добавить спустя 5 минут. Если добавить сразу, то картофель \"задубеет\".\nГорошек добавить когда уже все почти сварилось и подлить жидкости из банки, в которой он лежал.\n','2018-08-27 05:55:02',2844,14.54,1.48,71.31,1,NULL),(190,'Суп с кабачками и фрикадельками',NULL,'Овощи вымыть, очистить.\nКабачок нарезать небольшими кубиками.\nМорковь нарезать кружочками (если крупная - полукольцами, или четвертинками).\nПерец нарезать небольшими кубиками.\nКартофель нарезать кубиками.\nОвощи слегка обжарить на растительном масле.\nПереложить овощи в кастрюлю, залить 2-3 стаканами воды, накрыть крышкой и варить на а то не вкусно будет!)слабом огне 25-30 минут (смотрите не переварите,\nОбжарить лук и чеснок.\nДобавить нарезанные кусочками помидоры и 1 ст. ложку томатной пасты. Перемешать. Поджарить.\nДобавить томатную массу в кастрюлю к другим овощам. Приправить.\nХлеб замочить, отжать, смешать с фаршем, яйцом, солью и перцем.\nСделать маленькие фрикадельки и варить минут 4 в супе.\nПодавать со сметаной и зеленью.\n','2018-08-27 06:05:39',4545,144.28,74.93,268.07,1,NULL),(191,'Суп-лапша с курицей',NULL,'Куриную грудку хорошо промойте, выложите в кастрюлю. Долейте 3 литра холодной воды и поставьте на огонь.\nПосолите 1,5 чайными ложками соли.\nКогда бульон закипит – сбавьте огонь до среднего и варите курицу 20-30 минут.\nОтдельно в миску высыпьте 1 стакан муки.\nВ этот же стакан выбейте 1 яйцо. Добавьте половину чайной ложки соли. И долейте водой, так чтобы получился общий объем в 1/3 стакана.\nРазмешайте яйцо с водой вилкой и вылейте в миску с мукой.\nЗамесите крутое тесто. Оно должно вобрать в себя всю муку.\nОтложите тесто на полчаса в сторону, накрыв пищевой пленкой.\nОчистите морковь; измельчите на очень мелкой терке.\nВыложите в сковороду, добавьте растительное масло. Пассеруйте на среднем огне 5-8 минут.\nМорковь не должна жариться. Но должна поменять цвет и окрасить масло в оранжевый цвет.\nГотовый бульон снимите с плиты. Лучший и более насыщенный бульон получится, если вы сварите его заранее и остудите не вынимая мясо.\nНо если время не позволяет – то просто накройте крышкой, оставьте на 20 минут.\nЗатем достаньте куриное мясо – удалите кости и кожу, а само филе разделите на маленькие кусочки и опустите обратно в бульон.\nТесто разделите на 4 равных части.\nКаждую часть обваляйте в муке и раскатайте скалкой в тонкую лепешку.\nНагрейте сковороду без масла (сухую).\nВыкладывайте лепешки теста на сковороду и обсушивайте по полминуты с каждой стороны.\nГотовые заготовки для лапши уложите стопкой.\nРазрежьте на 3-4 части – равными по ширине полосками.\nКаждую стопку полосок порежьте поперек острым ножом и максимально тонкой соломкой.\nЛапша готова!\nПоставьте бульон снова на огонь. Доведите до кипения.\n\nОпустите в суп пассерованую морковь.\nДоведите до кипения.\nСледом опустите всю лапшу.\nРазмешайте. Дождитесь повторного закипания и сразу же снимите кастрюлю с плиты.\nДобавьте мелко порезанный укроп, лавровый лист. Накройте крышкой и оставьте на 15 минут.\nПосле чего разливайте суп-лапшу по глубоким тарелкам и наслаждайтесь!','2018-08-27 06:17:15',716,114.33,49.21,104.57,1,'http://ru-kitchen.ru/sup-lapsha-s-kuritsey/'),(192,'Кеспе по-домашнему','Баранину можно заменить другим мясом, однако варить его придется дольше. Например, если решили использовать говядину, то вываривать ее нужно не менее 2 часов, для верблюжатины это значение увеличивается до 3–3,5 часов.','Для начала хорошенько промойте мясо и овощи. Очистите от кожуры морковь и лук.\nБаранину нарежьте так, чтобы поместилась в кастрюлю. Лук мелко нашинкуйте, а морковь либо натрите на средней терке, либо порежьте мелкими кусочками.\nСтавим кастрюлю с водой на огонь и закладываем в нее мясо. Доводим до кипения, периодически снимая накипь шумовкой. Баранину нужно варить около 1–1,5 часов. За 30 минут до готовности добавьте в воду немного соли.\nПока готовится бульон, займемся домашней лапшой:\nВ глубокой миске взбейте одно куриное яйцо.\nПосолите его и, постепенно добавляя предварительно просеянную муку, замесите крутое тесто.\nСлепите из него один большой кусок, накройте крышкой и оставьте на 20 минут настояться.\nВыждав, разрежьте тесто на две половины. Затем каждую часть раскатайте в тонкий круг (2–3 мм).\nПорежьте тесто на узкие полоски и разделите их поперек, чтобы не были слишком длинными.\nПосле этого лапшу нужно подсушить. На воздухе на это уйдет не менее 3 часов, поэтому лучше поставить на полчаса в разогретую духовку. Чтобы она не прилипла к противню, не забудьте посыпать его мукой.\nВозвращаемся к нашим баранам:\n\nГотовое мясо выложите в тарелку, а бульон тщательно процедите, чтобы убрать остатки пены и кусочки костей.\nПоставьте бульон на медленный огонь и доведите до кипения.\nЗасыпьте нарезанные овощи и добавьте щепотку черного перца. Варим все это в течение 3–5 минут.\nВысушенную лапшу бросаем к овощам и доводим до готовности, периодически помешивая, чтобы не слиплась.\nКак только лапша всплывет, снимаем ее с плиты.\nТеперь дело за малым. Отделяем мясо от костей, нарезаем небольшими кусочками и кидаем в кастрюлю.\nДля запаха добавьте мелконарезанную зелень.','2018-08-27 06:22:00',2655,61.78,50.62,115.58,1,'https://www.nur.kz/1652520-kespe-po-domashnemu.html'),(193,'Сырный суп с грибами',NULL,'Сварить куриный бульон.\nНарезать лук мелкими кубиками, морковь соломкой.\nОбжарить на сковороде.\nНарезать картофель небольшими кубиками.\nВынуть курицу, нарезать ее на кусочки.\nЗаложить в бульон картофель .\nчерез 5 минут добавить в суп лук и морковь.\nДобавить в суп шампиньоны вместе с жидкостью, горошек (без жидкости) и плавенный сыр.\nПеремешивать, пока сыр полностью не растворится.\nВарить суп еще минут 5-7.\nГотовый суп подавать с зеленью и сметаной.\n','2018-08-27 06:58:52',5167,248.43,94.47,181.41,1,NULL),(194,'Тыквенный суп',NULL,'Тыкву и морковь натереть на крупной терке, болгарский перец и помидоры нарезать кубиками. Варить до готовности 12-15 мин. При подаче посыпать мелко нарезанной зеленью. \n','2018-08-27 07:09:44',75,0.98,0.23,5.78,0,NULL),(195,'Уха','Судака можно заменить другой рыбой. ','Морковь почистить и нарезать соломкой.\nЛуковицу почистить и оставить целой.\nКартофель почистить и нарезать кубиками.\nВ горячую воду положить все овощи и приправы. Не забудьте посолить.\nВарить минут 10.\nРыбу очистить и порезать кусками.\nПотом опустить туда куски очищенной рыбы.\nСделать маленький огонь и варить при постоянном кипении еще 10 минут.\nПеред подачей на стол удалите перец, лавровый лист, коренья, в тарелки положите мелко нарезанную зелень укропа, петрушки.\n','2018-08-27 07:13:37',1065,105.38,4.9,67.35,1,NULL),(196,'Щи зеленые',NULL,'Говядину вымыть и залить холодной водой. Довести до кипения, снять пену. Варить на маленьком огне под крышкой 2 часа.\nПочистить луковицу.\nМясо вынуть. Отделить мясо от кости, нарезать кусочками и выложить обратно в кастрюлю. Добавить перец горошком, лавровый лист и очищенный целый репчатый лук. Варить 20 минут.\nТем временем перебрать и промыть щавель.\nЩавель мелко нарезать.\nОчистить и помыть лук и морковь.\nЛук нарезать кубиками. Морковь нарезать тонко соломкой или натереть на крупной терке.\nВ суп опустить подготовленные лук, морковь и картофель. Варить 20 минут.\nДобавить резаный щавель. Проварить щи зеленые со щавелем 5 минут. Посолить.\nВ тарелку налить 50-70 г бульона. Остудить. Добавить 1 ст. ложку муки. Хорошо взбить вилкой.\nЗатем разбить в тарелку 2 яйца.\nВзбить вилкой заправку до однородности.\nИнтенсивно и непрерывно помешивая в кастрюле щи, тонкой струйкой влить туда яичную заправку. Затем размешивать ещё 1-2 минуты, пока заправка не свернется. Довести щи зеленые со щавелем до кипения и выключить огонь!\nПомыть и мелко нарезать зелень.\nЗелень положить в кастрюлю через 5 минут после выключения огня.\n','2018-08-27 07:17:21',3660,112.11,126.98,91.66,1,NULL),(197,'Щи из кислой капусты','Щи можно сварить и из свежей капусты. Набор продуктов тот же, что и в предыдущем рецепте, только вместо квашеного вилка возьмите обычный, лучше белого, а не зеленого цвета и положите нарезанные листья в конце готовки, тогда сохранится вкус капусты.\n','Отварить мясо.\nОвощи помыть и почистить.\nИз луковицы и моркови сделать зажарку.\nКартофель порезать кубиками.\nВ готовый мясной бульон опустить овощи.\nПорезать капусту.\nЧерез 5 минут положить ее в бульон.\nТуда же положить томатную пасту.\nПосле закипания варить 15 минут на небольшом огне.\nВ конце добавить приправы.\n','2018-08-27 08:33:37',3100,82.48,92.13,79.75,1,NULL),(198,'Луковый суп',NULL,'Сыр натереть.\nЛук нарезать кольцами и слегка обжарить в 1,5 ст.л. сливочного масла.\nПосыпать перцем, добавить бульон и прокипятить в течение 10 минут, затем посолить.\nЛомтики хлеба пожарить в оставшемся масле. \nЗатем взять огнеупорные мисочки, разлить в них суп, положить внутрь куски хлеба, посыпать толстым слоем сыра и поставить запечь в духовку. \nКогда сыр расплывется, суп готов. Этот рецепт рассчитан на две порции.\n','2018-08-27 08:38:11',1395,28.73,52.2,67.12,1,NULL),(199,'Холодный суп с авокадо',' Предлагаем новый рецепт с авокадо. Это холодный суп, очень вкусный и яркий, такой супчик должен понравиться Вашим родным.',' Смешать в блендере овощи и добавляя воду, довести до консистенции супа.\nЗатем добавить специи и перелить по мискам.\nПри подаче украсьте кукурузой, зеленью.\n','2018-08-27 08:43:08',1970,17.87,96.79,50.43,1,'https://arbuz.kz/ru/almaty/recipes/show/135046-holodnyi_sup_s_avokado_#.W4O5SM4zaUk'),(200,'Солянка','Солянка – мясное блюдо, на приготовлении которого не стоит экономить. Чем больше в составе супа будет разнообразных мясных продуктов, тем более сытным, питательным и вкусным он получится.\n\nМясо получится более сочным и нежным, если его сварить целым куском и разрезать на ломтики после готовности. Чтобы усилить аромат копченостей, часть мяса или колбасы необходимо обжарить и добавить в блюдо в конце приготовления.\n\nСолянка станет вкуснее, если ее готовить на втором бульоне, сделать его вкус более насыщенным  поможет всего один бульонный кубик «Gallina Blanca».\n\nРецепт солянки не предполагает использования круп, иначе богатое и красивое блюдо превратится в кашу. Но чтобы солянка была бархатистой и густой,  в нее  можно добавить немного картофеля.\n\nСолянка – достаточно жирное блюдо. Поэтому в процессе приготовления овощной заправки желательно использовать как можно меньше растительного масла. Можно пассеровать овощи на жиру, вытопленном после обжаривания копченостей.  \n\nДобавлять маринованные огурцы и каперсы, маслины или оливки необходимо не раньше, чем за 5 минут до окончания приготовления. Тогда они останутся хрустящими, не потеряют цвет и не разварятся.\n\nПикантную кислинку солянке придает сок лимона или томатная паста. Не следует злоупотреблять специями, поскольку  солянка и так обладает выразительным ароматом и вкусом. ','Ребрышки (говядину) залить 2 л. воды и варить 30 мин.\nНарезать соломкой колбасу, ветчину и огурцы. Ребрышки вынуть из кастрюли, отделить от костей мясо и тоже нарезать.\nОгурцы выложить на сковородку, добавить 5 ст.л. бульона от ребрышек и потушить 7 мин. Переложить в кастрюлю.\nЛук мелко нарезать и обжарить 5 мин. на растительном масле. Добавить томатную пасту, перемешать и прогреть все вместе еще 1-2 мин. Потом переложить в кастрюлю.\nДобавить в кастрюлю колбасу, мясо и оливки. Можно добавить еще 2-3 ст.л. рассола от оливок. Довести до кипения, уменьшить огонь и варить под крышкой 10 мин. Снять с огня, добавить мелконарубленную зелень и дать настояться 15 мин.\nПодавать со сметаной и ломтиком лимона.','2018-08-27 09:08:47',3279,126.29,137.5,30.12,1,'http://www.gallinablanca.ru/recipe/solyanka/'),(201,'Пирожки-бомбочки',NULL,'1. Для начала приготовьте начинку для пирожков «бомбочки». Для этого брынзу разомните вилкой. Можно вместо брынзы взять творог, но тогда не забудьте его посолить.\n2. Чеснок пропустите через чесночницу. Зелень порубите.\n3. Добавьте чеснок и нарезанную зелень к брынзе и хорошо перемешайте.\n4. Свежие спелые помидоры среднего размера нарежьте кружочками.\n5. Приготовьте тесто для пирожков «бомбочки» на воде. Для начала в кипятке размешайте соль и сахар. Добавьте растительное масло.\n6. Затем добавьте просеянную муку и вымесите мягкое тесто.\n7. Дайте тесту «отдохнуть» около 30-40 минут.\n8. Раскатайте половину теста в большой тонкий пласт круглой формы.\n9. На пласт теста разложите кружочки помидор (не ближе чем 3 см друг от друга).\n10. На помидоры выложите ложкой сырную начинку.\n11. Раскатайте второй пласт теста и аккуратно накройте им первый с начинкой.\n12. Чтобы сделать пирожки, вам понадобится стакан по диаметру немного больше, чем кружочки помидор. Стаканом вырежьте пирожки по контуру каждого кружочка помидора.\n13. Жарьте пирожки в большом количестве раскаленного растительного масла с обеих сторон до золотистого цвета.\n14. Как только пирожки «бомбочки» будут готовы, выкладывайте их на бумажное полотенце для устранения излишнего жира.\n','2018-08-27 09:17:13',1439,76.85,137.37,370.79,1,NULL),(202,'Мегрельские хачапури','И да, из указанного количества получается довольно много хачапури, три больших лепешки для маленькой семьи — многовато. Я предлагаю испечь всю порцию, а что останется заверните в пищевую пленку и положите в морозилку. Однажды это станет очень приятной находкой;) Просто разогрейте замороженные хачапури в духовке и наслаждайтесь снова и снова.\n','1. Приготовим опару для теста. Воду слегка подогрейте, добавьте 2 чайные ложки сахара и хорошо размешайте. Добавьте сухие дрожжи, накройте пищевой пленкой или полотенцем, и оставьте на столе на 30 минут\n2. Молоко также слегка разогрейте, масло растопите в микроволновой печи и дайте остыть. В большую миску просейте муку с солью, добавьте яйцо, молоко и растопленное масло\n3. Влейте дрожжи и замесите тесто. Вымешивайте тесто 5-10 минут до эластичности. Готовое тесто смажьте растительным маслом, положите в глубокую миску и накройте. Оставьте тесто подниматься на 2 часа\n4. Когда тесто поднимется, сыр натрите на крупной терке\n5. Разделите тесто на 3 части. Порцию теста раскатайте в круг, в середину выложите натертый сыр (≈150 г) Края теста поднимите и соберите в центре\n6. Переверните мешочек швом вниз и снова раскатайте в круг. Внутри лепешки будет воздух, его можно выпустить проколов хачапури в нескольких местах. Смажьте лепешку взбитым желтком\n7. Духовку разогрейте до 200°. Переложите хачапури на противень и щедро посыпьте сыром. Выпекайте в разогретой духовке 8-10 минут, затем увеличьте температуру духовку до максимума и выпекайте до румяной корочки ( примерно 5 минут)\n','2018-08-27 09:23:25',1480,177.96,176.88,400.04,1,NULL),(203,'Шелпеки','Шелпек — круглые лепешки, обжаренные в масле. Это одно из главных блюд казахской национальной кухни. Готовили их сотни лет назад, еще до прихода ислама. Предки были солнцепоклонниками, потому и лепешки круглые, как символ солнца. Национальная традиция не прервалась и с укоренением новой религии. В разных регионах рецептура отличается: лепешки готовят на воде, кефире. Самый простой и распространенный рецепт — шелпек на молоке.\nШелпек готовят в период религиозных праздников, к пятничному намазу, когда поминают предков. Эти лепешки были и остаются ритуальным блюдом. Делают их традиционно по 7 или по 9, или трижды по 7, если ждут гостей.\n\nДля приготовления шелпека использовались самые простые продукты, которые всегда были у казахов под рукой. Это мука, молоко или вода, масло, соль, сахар. Набор продуктов сохранился в рецепте до наших дней.','Муку высыпьте в миску, сделайте в центре углубление.\nМолоко немного подогрейте, растворите в нем соль и сахар.\nЖидкость выливайте в муку, но не всю сразу — в два приема. Замесите тесто. Процесс долгий, до однородности массы. Отложите, прикрыв миской, минут на 5. После этого еще месите. Если тесто недостаточно мягкое — дайте ему отдохнуть еще 5 минут. Потом замесите окончательно. Тесто при такой технологии получается однородным и упругим.\nРазделите его на 7 или 9 частей.\nИз каждого кусочка теста сделайте лепешку сначала руками, тщательно выравнивайте ее по форме круга. Потом раскатывайте скалкой тонко, до 2–3 мм, стараясь сохранить форму.\nВ кастрюле или сковороде разогрейте растительное масло. Его должно быть столько, чтобы покрывало тесто. Нагрейте до появления легкого дымка. Сделайте пробу маленьким шариком теста — он должен в масле всплыть. Если начнете жарить в недостаточно разогретом масле, тесто впитает много жира, если перекалите — подгорит.\nОсторожно опускайте в масло лепешки. Жарятся они 15–20 секунд. При этом двумя вилками вращаете лепешку по кругу. Переверните и обжарьте с другой стороны. Поднимите вилкой, дайте стечь маслу.\nУкладывайте каждый готовый шелпек между двумя салфетками, чтобы они впитали лишнее масло. Не забудьте убрать их перед подачей на стол.\nПоскольку шелпек — блюдо ритуальное, к нему не надо добавлять масло, варенье или еще что-то, как, допустим, к лавашу.','2018-08-27 09:30:15',550,26.72,85.54,209.41,1,'https://www.nur.kz/1638756-shelpek-na-moloke.html'),(204,'Блины',NULL,'1. Подготавливаем дрожжи\nВысыпаем сухие дрожжи в миску и разводим их четвертью стакана хорошо прогретого молока, добавляем туда щепотку соли и чайную ложку сахара. Ставим дрожжи в теплое место, чтобы они «подошли» — начали пузыриться.\n2. Замешиваем тесто\nПросеиваем через сито муку, добавляем в нее соль, сахар, яйца, осторожно вливаем подогретое на плите молоко, не переставая помешивать и добавляем «подошедшие» дрожжи. Теперь перемешиваем тесто до образования однородной массы. Следите, чтобы тесто было без комочков. Затем добавляем в него растительное масло (подойдет также растопленное сливочное) и еще раз как следует перемешиваем.\n3. Теперь тесто нужно накрыть крышкой и поставить в теплое место, чтобы оно «подошло» — то есть увеличилось в размерах. Тесто должно подходить 3-4 раза. Каждый раз после увеличения, тесто необходимо перемешать. Следите за тем, чтобы тесто не «убежало», если миски будет не хватать, перелейте его в большую емкость. В целом тесто должно «подходить» 2-2,5 часа.\n4. Выпекаем блинчики\nПосле того, как тесто будет готово, начинаем выпекать блинчики. Наливаем на сковороду немного растительного масла и выливаем часть теста. Если тесто сделано правильно, оно должно наливаться на сковороду как пенка. Когда блинчик пропечется, поддеваем его лопаткой и аккуратно переворачиваем на другую сторону.\n5. Подаем ажурные блинчики\nПодавать блинчики можно подавать с вареньем, сметаной и ягодами.\n','2018-08-27 09:35:51',1704,89.25,77.24,472.13,1,NULL),(205,'Бутерброды с авокадо',NULL,'Авокадо очистить от кожуры и удалить косточку.\nРазмять мякоть вилкой.\nНа хлеб намазать авокадо.\nПосолить, поперчить.\nМожно сверху положить кусок рыбы или курицы.\n','2018-08-27 09:38:59',310,13.9,50.1,42.4,1,'https://www.youtube.com/watch?v=vpmEc6DK6kM'),(206,'Гренки',NULL,'Разбить яйцо. К нему добавить молоко и соль.\nХлеб порезать на куски, окунать каждый в яично-молочную смесь и жарить на сковороде.\n','2018-08-27 09:42:51',323,22.79,79.43,45.09,1,NULL),(207,'Фриттата ','Фриттата – традиционный итальянский омлет с разнообразными добавками. Предлагаю наиболее удачный и легкий вариант с добавлением томатов, сладкого перца и, конечно же, петрушки. Готовится быстро, получается ароматно, вкусно, с интересной текстурой за счет сыра! Подавать можно просто так, мне очень понравилось именно с помидорками, посыпанными травами. В принципе, можно помидоры немного замариновать с приправами в бальзамическом уксусе, но это уже другая история... Угощайтесь!\n','Петрушку вымыть, обсушить, измельчить.\nСыр натереть на терке.\nЯйца слега взбить венчиком. Посолить, поперчить. Соединить их с сыром и петрушкой. \nЛук нарезать полукольцами.\nЧеснок измельчить.\nПеред и помидор вымыть, очистить от семян, порезать небольшими кубиками.\nНа скороде или в сотейники разогреть оливковое масло, обжарить чеснок\nКак только чеснок начнет зарумяниваться, добавить лук.\nОбжарить пару минут.\nПоложить перец и помидор.\nТомить 5 минут.\nВлить яичную массу и жарить на небольшом огне, пока у стенок омлет не начнет схватываться.\nКак только края прихватились, а серединка еще жидка, отправить омлет в разогретую до 180°С духовку на 15 минут.\nГотовый омлет нарезать на порции и есть с дольками помидора, присыпанными майораном и базиликом.\n','2018-08-27 09:53:02',730,48.38,59.77,40.62,1,'https://www.edimdoma.ru/retsepty/43010-frittata-italyanskiy-omlet-frittata'),(208,'Лаваш с ветчиной и сыром',NULL,'Натереть твердый сыр на терке.\nРазогреть сковороду.\nВыложить слоями лаваш-сыр-ветчина-сыр-лаваш.\nПрожарить.\nСложить в рулет, порезать порционными кусочками.\n','2018-08-27 11:20:59',280,33.47,20.6,86.73,1,NULL),(209,'Ленивая овсянка с добавками',NULL,'Овсянку залить на ночь йогуртом.\nУтром добавить все остальные ингредиенты.\n','2018-08-28 10:16:02',355,20.24,20.58,123.33,1,NULL),(210,'Ленивые вареники',NULL,'Смешать все ингредиенты.\nОтправить смесь в морозильник на 25 минут.\nИз творожной массы сделать колбаску.\nПорезать колбасу на куски шириной 1.5-2 см.\nОтварить в кипящей воде минут 5.\n','2018-08-28 10:22:02',325,48.6,16.7,51.17,1,NULL),(211,'Ленивые вареники с ягодой',NULL,'Смешать все ингредиенты, кроме ягоды. Если консистенция жидкая, то добавить муку.\nСлепить вареники с начинкой из ягод.\nОтварить в кипящей воде 2 минуты.\n','2018-08-28 10:24:51',705,91.45,29.58,125.08,1,NULL),(212,'Морковные панкейки',NULL,'Морковь натереть на средней терке.\nСмешать все ингредиенты между собой.\nСмесь выкладывать столовой ложкой на сковородку и обжарить с двух сторон.\n','2018-08-28 10:27:32',375,20.37,12.94,56.35,1,'https://www.youtube.com/watch?v=_5Xxp-8qEkk&t=12s'),(213,'Воздушная творожная запеканка',NULL,'Поставить духовку разогреваться при 180°С\nК творогу добавить молоко, яйца и мёд. \nВзбить блендером до однородности.\nДобавить крахмал и перемешать.\nЗалить в форму творожную массу и засыпать ягодами. \nЗапекать около часа на 180°С.\n','2018-08-28 10:30:49',990,110,49.64,136.58,1,'https://www.youtube.com/watch?v=0uMwcMxhKkM'),(214,'Овсяная запеканка с ягодами',NULL,'Включить духовку на 180°С. \nИз банана сделать пюре.\nСмешать все ингредиенты.\nВыложить в форму для выпекания.\nВыпекать 20 минут.\n','2018-08-28 10:39:55',457,37.41,19.57,77.17,1,NULL),(215,'Оладьи',NULL,'В миску налить молоко.\nРазбить яйца.\nВсе хорошо взбить венчиком или блендером.\nПогасить соду уксусом и добавить в миску.\nПосолить, добавить сахар и 3 ст.л. растительного масла.\nХорошо перемешать.\nПросеять муку.\nНе переставая мешать, постепенно всыпать муку частьями. Взбивать, чтобы не было комочков.\nТесто готово. Оно должно получиться по консистенции как полужидкая сметана\nРазогреть сковороду.\nНалить 2-3 ст.ложки растительного масла.\nВ горячее масло столовой ложкой выложить оладушки.\nПечь оладушки на среднем огне до румяной корочки с двух сторон.\nПодливать масло по мере необходимости.\n','2018-08-28 10:43:31',839,31.54,98.48,207.6,1,NULL),(216,'Персиковое парфе',NULL,'Нарезать персик дольками.\nВ блендере измельчить 1 банан и молоко.\nСтакан заполнить на 1/3 банановым коктейлем.\nСледующими слоями выложить персики и мюсли (или орехи, цукаты).\nПовторить слои.\nОставить в холодильнике на пару часов.\n','2018-08-28 10:51:50',341,12.97,26.56,72.48,1,'https://www.youtube.com/watch?v=Vm-p_ZzE3j0&list=PL2f6d3L-0RdhVr4aroalhTKQKBv2iMG-9&index=16'),(217,'Полезные бутерброды',NULL,'Измельчить орехи.\nОчистить киви и банан и нарезать дольками.\nКружки ананасы разрезать пополам.\nХлеб пожарить в тостере или на сковороде без масла. Можно оставить хлеб нежареным.\nНамазать на каждый из тостов творог.\nНа каждый из тостов выложить свою начинку (ананас, киви или банан), а можно смешивать фрукты на одном тосте.\nСверху посыпать семенами льна.\n','2018-08-28 10:58:32',360,30.1,33.43,74.42,1,''),(218,'Шоколадные ленивые вареники',NULL,'К творогу добавить яйцо, сахар, кокосовую стружку, какао и муку.\nПеремешать.\nСлепить вареники.\nОтварить в кипящей воде пару минут.\n','2018-08-28 11:06:02',225,22.54,24.28,117.19,1,NULL),(219,'Шпинатный овсяноблин с помидором и сыром',NULL,'Сыр натереть на терке.\nСмешать в блендере молоко, яйца, шпинат, овсяные хлопья и отруби.\nСковороду полить маслом, подождать, пока оно нагреется, после чего вылить тесто.\nЖарить под закрытой крышкой пару минут, пока не прожарится. Затем перевернуть и дожарить с другой стороны.\nПомыть и порезать ломтиками помидор.\nВыложить на готовый овсяноблин сыр и пару ломтиков помидоров.\n','2018-08-28 11:10:47',362,28.42,25.8,39.38,1,'https://www.youtube.com/channel/UC5pFR27s1fTBocMKSwM_Svw'),(220,'Яблоки, запечённые с творогом',NULL,'Яблоки помыть.\nОсторожно удалить сердцевину.\nПриготовить творог: размять его с мёдом, яйцом и ванилью.\nХорошо перемешать.\nВключить духовку нагреваться при 180°С\nДобавить изюм.\nТеперь приготовленным творогом заполнить сердцевины у яблок.\nЗастелить противень пергаментом.\nУложить яблоки.\nПосыпать сверху корицей по желанию.\nПоставить на среднюю полку и запекать яблоки с творогом 20-25 минут - время запекания зависит от сорта яблок и мощности духовки.\nСчитать блюдо готовым, когда яблоки стали мягкими.\nДать остыть.\n','2018-08-28 11:17:05',1712,67.35,31.98,228.34,1,'https://www.russianfood.com/recipes/recipe.php?rid=120153'),(221,'Яблочное суфле',NULL,'Яблоки помыть, очистить от кожуры и натереть на терке.\nЯблоко тщательно перемешать с творогом и яйцом.\nВ формы для выпекания (для кексов) выложить смесь.\nПосыпать сверху корицей.\nВыпекать в духовке при 180°С или микроволновке на 5-7 минут.\n','2018-08-28 11:21:10',805,50.36,23.98,52.89,1,'https://www.youtube.com/watch?v=SMXcka9eWQE'),(222,'Яблочный омлет',NULL,'Яйца смешать с манной крупой и слегка взбить.\nОставить настояться на 10 минут.\nЯблоки помыть, очистить от кожуры и нарезать на куски.\nЯблоки смешать с мёдом.\nОтдельно от яблок пожарить на сковороде яично-манную смесь.\nНа готовый яичный блин выложить яблоки.\n','2018-08-28 11:23:48',313,17.8,12.96,43.69,1,'https://www.youtube.com/watch?v=wm9q3E4CLCU'),(223,'Мандариновый пирог',NULL,'У яиц отделить белок от желтка.\nЖелтки взбить.\nДобавить к ним муку и молоко и тщательно перемешать.\nФорму для выпекания застелить пергаментной бумагой, если она не силиконовая. По дну форму распределить тесто и сделать бортики, чтобы начинка не вытекла.\nБелки взбить до пиков.\nДобавить творог, подсластитель и тщательно перемешать.\nВключить духовку на 180°С.\nТворожную массу распределить по тесту.\nМандарины очистить, разделить на дольки и выложить их поверх творога.\nВыпекать 30-40 минут.\n','2018-08-28 11:27:27',1010,71.78,27.45,304.16,1,'https://www.youtube.com/watch?v=RN9DmNlOJ2o'),(224,'Медовая тыква',NULL,'Тыкву помыть, очистить от кожуры .\nТыкву порезать тонкими дольками.\nПротивень или форму для запекания смазать маслом.\nПоставить духовку разогреваться на 180°С.\nВыложить тыкву.\nСмазать сверху мёдом.\nВыпекать 30-40 минут, пока тыква не станет мягкой.\n','2018-08-28 11:30:05',442,5.4,18.18,51.18,1,NULL),(225,'Чиа пуддинг',NULL,'Чиа или лён залить молоком.\nДобавить мёд.\nПеремешать.\nОставить на ночь в холодильнике.\n','2018-08-28 11:38:40',152,10.12,16.01,29.74,1,NULL),(226,'Паста арахисовая',NULL,NULL,'2018-09-10 08:41:11',35,24,44.1,13.9,1,NULL),(227,'Рыба в духовке','Рыба, запеченная в духовке, выглядит очень аппетитно. Благодаря маринаду из сметаны рыбка получается сочная, мягкая и вкусная.','Подготовим рыбу. Необходимо почистить ее от чешуи, убрать плавники, отрезать голову и убрать внутренности.\nПорежем рыбу на небольшие кусочки. Далее нам понадобится одна луковица, сметана, специи и соль\nЛуковицу порежем на полукольца. И добавим к рыбе.\nДобавляем 0,5 чайной ложки специй и соли. Морскую рыбу не стоит сильно солить.\nДобавляем несколько ложек сметаны.\nАккуратно перемешиваем.\nСтавим рыбу мариноваться на час в холодильник.\nСпустя час на смазанный противень выкладываем кусочки рыбы.\nСтавим рыбу в духовку, в предварительно разогретую до 180 градусов, на 40 минут.','2018-09-18 06:05:52',1137.5,194.25,27.98,8.96,1,'https://www.russianfood.com/recipes/recipe.php?rid=135166'),(228,'Рыба с шампиньонами, апельсинами и томатами','Очень вкусная, сочная рыба с шампиньонами и приятным апельсиново-томатным вкусом.','Как приготовить рыбу с шампиньонами:\n\nАпельсин помыть, высушить и снять цедру. Апельсин разрезать пополам.\nРыбу помыть, высушить и порезать на стейки, толщиной 1,5см, посолить, поперчить и сбрызнуть соком половинки апельсина.\nЧетвертькольцами порезать лук. Обтереть влажной салфеткой шампиньоны и порезать их тонкими ломтиками. Помидоры нарезать кубиками.\nНа рыбу выложить лук, потом – шампиньоны и сверху – помидоры. Смешать воду с бальзамическим уксусом и соком со второй половинки апельсина. \nСтавим рыбу в духовку, в предварительно разогретую до 180 градусов, на 40 минут.\nГотовую рыбу с шампиньонами и помидорами посыпать цедрой апельсина.','2018-09-18 06:11:49',1414.5,150.93,19.62,26.52,1,'https://www.russianfood.com/recipes/recipe.php?rid=121874'),(229,'Салат с тунцом и моцареллой','Вкусный, малокалорийный салат из классических продуктов итальянской кухни - тунца, моцареллы и помидоров.','Подготовьте все необходимые продукты для салата с тунцом и моцареллой. Помидоры и базилик помойте, обсушите. Тунец помойте, нарежьте мелкими кубиками.\nПомидоры разрежьте, удалите мякоть.\nНарежьте помидоры мелким кубиком, поперчите. Моцареллу нарежьте тонкими кружочками.\nНарежьте листья базилика, стебли можно выбросить.\nЧуть посолите базилик, добавьте измельченный чеснок.\nВыдавите лимонный сок, заправьте оливковым маслом, перемешайте.\nС помощью сервировочного кольца начните собирать салат. Первым слоем выложите нарезанные кубиком помидоры.\nНа помидоры выложите измельченного тунца.\nСледующим слоем - заправленный, ароматный базилик.\nНа слой базилика выкладываем ломтики моцареллы.\nСверху на моцареллу выкладываем еще один слой базилика.\nПоследним слоем выкладываем оставшиеся помидоры, снимаем сервировочное кольцо.\nУкрашаем верх салата с тунцом и моцареллой по своему желанию.','2018-09-18 06:18:31',659,83.8,50.68,11,1,'https://www.russianfood.com/recipes/recipe.php?rid=141941'),(230,'Рыба в сметане с луком и морковью',NULL,'Подготовьте рыбу. Снимите чешую и удалите жабры, выпотрошите и хорошо промойте. Отрежьте плавники и голову. Снимите филе.\nОчистите лук от чешуи и нарежьте кубиками. Отправьте на сковороду обжариваться на подсолнечном масле.\nМорковь почистите и натрите на терке. Отправьте ее к луку. Обжаривайте до тех пор, пока морковь не станет мягкой.\nМясо рыбы нарежьте небольшими кусками.\nПротивень для запекания смажьте маслом. Отправьте туда рыбу, присыпьте солью и перцем.\nПодготовьте соус. Смешайте сметану со взбитыми яйцами. Всыпьте соль и перец.\nРавномерно покройте рыбу зажаркой из лука и моркови.\nСверху залейте продукты соусом.\nОтправьте в духовку на 35 минут при 180 градусов.\nВыложите блюдо в отдельную посуду и посыпьте рубленой зеленью.','2018-09-18 06:35:16',2569,407.06,80.05,27.39,1,'https://www.nur.kz/1748448-sudak-recepty-v-duhovke-i-na-skovorode.html'),(231,'Запеченная в фольге рыба с лимоном',NULL,'1. Рыбу промыть и подготовить к запеканию.\n2. Фольгу сложить в два раза, выложить на нее рыбу, сверху натереть перцем и солью. Тонкими кружками нарезать лимон, выложить поверх рыбы, сбрызнуть оливковым маслом и лимонным соком. Сделать на одном боку рыбы надрезы и вложить в них по дольке лимона. Завернуть края фольги так, чтобы хорошо со всех сторон закрыть рыбу.\n3. Запекать 40 минут при температуре 180 градусов.','2018-09-18 06:38:58',495,77.57,18.47,2.55,1,'https://www.elle.ru/stil-zhizni/food/retseptyi-prigotovleniya-foreli/'),(232,'Рыба, запеченная с рисом и овощами','Вкуснейшее блюдо \"Три в одном\" - нежная рыба с сочными овощами и рассыпчатым рисом! Готовим?','Подготовим все продукты для приготовления рыбы с рисом и овощами. Рис можно взять бурый. Рецепт написан для форели, но также подойдет и лосось, и семга, и многие другие виды рыбы.\nВ чайнике вскипятим воду.\nРис промоем под проточной водой. Выложим рис в форму для запекания.\nЗальем рис кипятком. Вода должна полностью покрыть рис. Добавим щепотку соли.\nЛук репчатый нарежем полукольцами.\nВыложим нарезанный лук поверх риса.\nМорковь нарежем кружочками.\nВыложим морковь в форму.\nКабачки нарежем сначала кружочками, а затем кружочки разрежем на половинки.\nВыложим кабачки поверх моркови.\nФорель очистим от кожи и нарежем порционными кусочками.\nВыложим рыбу поверх овощей в форму.\nЗелень укропа и петрушки нарубим ножом.\nВ миске смешаем сливки с зеленью, солью и черным молотым перцем.\nЗаливаем полученной смесью рыбу с рисом и овощами. Отправляем форму в разогретую до 180 градусов духовку на 40-45 минут.\nАроматная рыба, сочные овощи и рассыпчатый рис - отличный обед для всей семьи! ','2018-09-18 06:43:36',1225,104.86,33.61,214.19,1,'https://www.russianfood.com/recipes/recipe.php?rid=142248'),(233,'Сливочный суп с семгой или форелью','Форель и семга отлично сочетаются с нежными сливками, в чем можно убедиться, приготовив сытный сливочный суп. А пикантности этому блюду добавит укроп, который отлично дополнит вкус красной рыбы.','Для приготовления сливочного супа лучше взять филе форели или семги, что упростит процесс приготовления блюда. Но для этого также можно взять 2-3 порционных кусочка рыбы, почистить их от косточек, а потом некрупно порезать. Кроме того потребуется кастрюля объемом 2,5-3 литра.\nРепчатый лук или лук-порей мелко покрошить.\nМорковь почистить и натереть на терке.\nПредварительно с помидоров снять кожицу (для этого можно опустить плоды в кипяток) и нарезать их кубиками.\nКартофель порезать брусочками или кубиками.\nКастрюлю следует поставить на огонь, влить в нее растительное масло и, когда оно нагреется, немного обжарить лук.\nКогда он начнет менять цвет, добавить натертую морковь, немного обжарить и присоединить к овощам уже порезанные помидоры.\nПосле 2-3 минут влить в кастрюлю 1 литр воды и довести ее до кипения. Картофель следует класть только в кипящую воду, после чего суп следует посолить и проварить еще в течение 5-6 минут. На этом этапе блюдо следует немного посолить, чтобы картофель не был пресным.\nВ кипящий суп добавить порезанную кусочками красную рыбу, вслед за чем сразу же влить 500 мл сливок. Суп варить до полной готовности овощей, на это может уйти до 3-5 минут (в зависимости от используемого в приготовлении сорта картофеля).\nГотовое блюдо можно досолить по вкусу. Зелень можно добавить как в конце приготовления (тогда суп придется еще немного проварить) или порционно в тарелку при его подаче.','2018-09-18 06:47:58',1577,92.01,87.15,102.77,1,'https://www.russianfood.com/recipes/recipe.php?rid=133215'),(234,'Рыба, запеченная в духовке под сырным соусом','Очень вкусный рецепт приготовления филе белой рыбы, запеченного в духовке под сырным соусом. ','В соуснике растопить сливочное масло. Добавить муку, размешать.\nПостепенно добавить молоко, постоянно помешивая.\nНатереть сыр.\nДобавить половину натертого сыра и, помешивая, довести молочно-сырный соус до однородности.\nРазогреть духовку до 250-275 градусов.\nКаждое филе разрезать на 2-3 куска.\nВыложить на противень и отправить в духовку на 5-6 минут.\nЗатем достатть рыбу и снизить температуру до 235 градусов. \nФорму для запекания смазать соусом.\nВыложить филе рыбы. \nПосолить, поперчить. \nПолить сверху сырным соусом. Добавить прованские травы.\nПосыпать натертым сыром.\nЗапекать филе рыбы под сырным соусом в духовке 25 минут при 230 градусов.','2018-09-18 07:00:47',150,35.7,40.95,0.3,1,'https://www.russianfood.com/recipes/recipe.php?rid=144420'),(235,'Запеканка из картофеля с рыбой','Несложное в приготовлении блюдо - к вашему столу. Такая рыбная запеканка подойдет и для обычного ужина, и для праздничного.','Филе рыбы предварительно разморозить.\nКак приготовить запеканку из рыбы с картофелем:\nКартофель почистить, вымыть и нарезать кружочками, толщиной около 4 мм. Вскипятить чайник.\nПодготовленный картофель залить кипятком. Варить на среднем огне около 15 минут. Затем откинуть на дуршлаг и остудить.\nРазмороженное филе рыбы вымыть и нарезать кусочками, шириной около 1,5-2 см.\nРыбу сложить в миску, посолить, поперчить, добавить сметану.\nХорошо перемешать и оставить на 10 минут.\nПочистить, вымыть и нарезать полукольцами лук. \nРазогреть сковороду, налить растительное масло. Выложить лук и обжарить, помешивая, на среднем огне (3-5 минут). Остудить.\nВключить духовку (разогреть до 180 градусов).\nФорму смазать растительным маслом, выложить в форму половину картофеля, присолить.\nВыложить слой жареного лука.\nЗатем выложить рыбу (несколько кусочков оставить для оформления верхнего слоя).\nЗатем снова слой картофеля. Присолить и смазать майонезом. Сверху выложить кусочки рыбы (для красоты). \nПоставить форму с рыбой и картошкой в духовку на среднюю полку.\nЗапекать при температуре 180 градусов 30-40 минут. \nГотовую картофельную запеканку с рыбой украсить нарезанной зеленью.','2018-09-18 07:05:26',1864,119.9,51.37,178.92,1,'https://www.russianfood.com/recipes/recipe.php?rid=125205'),(236,'Рыба в горшочке',NULL,'Цветную капусту разделить на соцветия.\nНарезать морковь соломкой, а кабачок - на средние кусочки. \nДля начала нам необходимо разделать рыбу. Для этого мы отрезаем голову, хвост и плавники, потрошим ее и тщательно промываем.\nРазрезаем тушки на небольшие куски и укладываем на дно горшочка.\nСледующим слоем выкладываем цветную капусту. \nЗатем морковь и кабачки. \nСолим, добавляем специи и заливаем кефиром так, чтобы он не доставал до края 1-1,5 см.\nРазогреваем духовку до 180 градусов и ставим в нее горшочек на 1,5 часа. Получается очень вкусно и низкокалорийно.\n','2018-09-18 07:09:38',2275,121.98,19.68,81.51,1,'https://povar.ru/recipes/sudak_v_gorshochke-13318.html');
/*!40000 ALTER TABLE `dishes` ENABLE KEYS */;
UNLOCK TABLES;

--
-- Table structure for table `dishes_dish_categories`
--

DROP TABLE IF EXISTS `dishes_dish_categories`;
/*!40101 SET @saved_cs_client     = @@character_set_client */;
/*!40101 SET character_set_client = utf8 */;
CREATE TABLE `dishes_dish_categories` (
  `dish_id` bigint(20) NOT NULL,
  `dish_category_id` bigint(20) NOT NULL,
  PRIMARY KEY (`dish_id`,`dish_category_id`),
  UNIQUE KEY `dishes_dish_categories_dish_id_dish_category_id_uindex` (`dish_id`,`dish_category_id`),
  KEY `dishes_dish_categories_dish_categories_id_fk` (`dish_category_id`),
  CONSTRAINT `dishes_dish_categories_dish_categories_id_fk` FOREIGN KEY (`dish_category_id`) REFERENCES `dish_categories` (`id`),
  CONSTRAINT `dishes_dish_categories_dishes_id_fk` FOREIGN KEY (`dish_id`) REFERENCES `dishes` (`id`)
) ENGINE=InnoDB DEFAULT CHARSET=utf8;
/*!40101 SET character_set_client = @saved_cs_client */;

--
-- Dumping data for table `dishes_dish_categories`
--

LOCK TABLES `dishes_dish_categories` WRITE;
/*!40000 ALTER TABLE `dishes_dish_categories` DISABLE KEYS */;
INSERT INTO `dishes_dish_categories` VALUES (43,1),(48,1),(58,1),(65,1),(205,1),(206,1),(207,1),(208,1),(212,1),(217,1),(219,1),(222,1),(42,2),(76,2),(77,2),(78,2),(79,2),(80,2),(82,2),(83,2),(84,2),(85,2),(86,2),(87,2),(88,2),(89,2),(90,2),(91,2),(92,2),(94,2),(95,2),(96,2),(97,2),(98,2),(99,2),(100,2),(131,2),(142,2),(143,2),(81,3),(102,3),(103,3),(104,3),(105,3),(106,3),(107,3),(133,3),(136,3),(138,3),(139,3),(140,3),(141,3),(144,3),(145,3),(41,4),(59,4),(60,4),(64,4),(74,4),(75,4),(114,4),(147,4),(148,4),(149,4),(150,4),(151,4),(152,4),(153,4),(154,4),(155,4),(156,4),(227,4),(228,4),(230,4),(231,4),(234,4),(44,5),(45,5),(49,5),(51,5),(53,5),(54,5),(55,5),(56,5),(69,5),(93,5),(178,5),(209,5),(213,5),(214,5),(221,5),(40,6),(116,6),(119,6),(125,6),(175,6),(176,6),(177,6),(201,6),(202,6),(203,6),(204,6),(215,6),(223,6),(52,7),(73,7),(61,8),(62,8),(63,8),(108,8),(109,8),(110,8),(111,8),(112,8),(113,8),(115,8),(117,8),(118,8),(120,8),(121,8),(122,8),(123,8),(124,8),(126,8),(127,8),(128,8),(129,8),(130,8),(132,8),(134,8),(135,8),(137,8),(146,8),(228,8),(230,8),(232,8),(234,8),(235,8),(236,8),(179,9),(180,9),(181,9),(182,9),(183,9),(184,9),(185,9),(186,9),(187,9),(188,9),(189,9),(190,9),(191,9),(192,9),(193,9),(194,9),(195,9),(196,9),(197,9),(198,9),(199,9),(200,9),(233,9),(101,10),(157,10),(158,10),(159,10),(160,10),(161,10),(162,10),(163,10),(164,10),(165,10),(166,10),(167,10),(168,10),(169,10),(170,10),(171,10),(172,10),(173,10),(174,10),(229,10),(46,11),(47,11),(50,11),(57,11),(210,11),(211,11),(213,11),(218,11),(220,11),(221,11),(223,11),(66,13),(67,13),(68,13),(70,13),(71,13),(72,13),(213,13),(216,13),(220,13),(224,13),(225,13);
/*!40000 ALTER TABLE `dishes_dish_categories` ENABLE KEYS */;
UNLOCK TABLES;

--
-- Table structure for table `dishes_dish_types`
--

DROP TABLE IF EXISTS `dishes_dish_types`;
/*!40101 SET @saved_cs_client     = @@character_set_client */;
/*!40101 SET character_set_client = utf8 */;
CREATE TABLE `dishes_dish_types` (
  `dish_id` bigint(20) NOT NULL,
  `dish_type_id` bigint(20) NOT NULL,
  PRIMARY KEY (`dish_id`,`dish_type_id`),
  UNIQUE KEY `dishes_id_dish_types_id_uindex` (`dish_id`,`dish_type_id`),
  KEY `dishes_dish_types_dish_types_id_fk` (`dish_type_id`),
  CONSTRAINT `dishes_dish_types_dish_types_id_fk` FOREIGN KEY (`dish_type_id`) REFERENCES `dish_types` (`id`),
  CONSTRAINT `dishes_dish_types_dishes_id_fk` FOREIGN KEY (`dish_id`) REFERENCES `dishes` (`id`)
) ENGINE=InnoDB DEFAULT CHARSET=utf8;
/*!40101 SET character_set_client = @saved_cs_client */;

--
-- Dumping data for table `dishes_dish_types`
--

LOCK TABLES `dishes_dish_types` WRITE;
/*!40000 ALTER TABLE `dishes_dish_types` DISABLE KEYS */;
INSERT INTO `dishes_dish_types` VALUES (40,1),(43,1),(44,1),(45,1),(46,1),(47,1),(48,1),(49,1),(50,1),(51,1),(52,1),(53,1),(54,1),(55,1),(56,1),(57,1),(58,1),(66,1),(67,1),(68,1),(69,1),(71,1),(72,1),(93,1),(101,1),(125,1),(140,1),(157,1),(158,1),(159,1),(160,1),(161,1),(162,1),(163,1),(164,1),(165,1),(166,1),(167,1),(168,1),(169,1),(170,1),(171,1),(172,1),(173,1),(174,1),(175,1),(176,1),(177,1),(178,1),(201,1),(202,1),(203,1),(204,1),(205,1),(206,1),(207,1),(208,1),(209,1),(210,1),(211,1),(212,1),(213,1),(214,1),(215,1),(216,1),(217,1),(218,1),(219,1),(220,1),(222,1),(225,1),(40,2),(47,2),(49,2),(50,2),(52,2),(57,2),(65,2),(66,2),(67,2),(68,2),(69,2),(70,2),(71,2),(72,2),(101,2),(140,2),(157,2),(158,2),(159,2),(160,2),(161,2),(162,2),(163,2),(164,2),(165,2),(166,2),(167,2),(168,2),(169,2),(170,2),(171,2),(172,2),(173,2),(174,2),(175,2),(176,2),(177,2),(178,2),(201,2),(202,2),(203,2),(204,2),(205,2),(206,2),(208,2),(210,2),(211,2),(212,2),(213,2),(214,2),(215,2),(216,2),(217,2),(219,2),(220,2),(221,2),(223,2),(224,2),(225,2),(229,2),(41,3),(42,3),(59,3),(60,3),(61,3),(62,3),(63,3),(64,3),(74,3),(75,3),(76,3),(77,3),(78,3),(79,3),(80,3),(81,3),(82,3),(83,3),(84,3),(85,3),(86,3),(87,3),(88,3),(89,3),(90,3),(91,3),(92,3),(94,3),(95,3),(96,3),(97,3),(98,3),(99,3),(100,3),(101,3),(102,3),(103,3),(104,3),(105,3),(106,3),(107,3),(108,3),(109,3),(110,3),(111,3),(112,3),(113,3),(114,3),(115,3),(116,3),(117,3),(118,3),(119,3),(120,3),(121,3),(122,3),(123,3),(124,3),(125,3),(126,3),(127,3),(128,3),(129,3),(130,3),(131,3),(132,3),(133,3),(134,3),(135,3),(136,3),(137,3),(138,3),(139,3),(140,3),(141,3),(142,3),(143,3),(144,3),(145,3),(146,3),(147,3),(148,3),(149,3),(150,3),(151,3),(152,3),(153,3),(154,3),(155,3),(156,3),(157,3),(158,3),(159,3),(160,3),(161,3),(162,3),(163,3),(164,3),(165,3),(166,3),(167,3),(168,3),(169,3),(170,3),(171,3),(172,3),(173,3),(174,3),(179,3),(180,3),(181,3),(182,3),(183,3),(184,3),(185,3),(186,3),(187,3),(188,3),(189,3),(190,3),(191,3),(192,3),(193,3),(194,3),(195,3),(196,3),(197,3),(198,3),(199,3),(200,3),(201,3),(202,3),(203,3),(227,3),(228,3),(229,3),(230,3),(231,3),(232,3),(233,3),(234,3),(235,3),(236,3),(40,4),(47,4),(51,4),(52,4),(57,4),(65,4),(66,4),(67,4),(68,4),(69,4),(70,4),(71,4),(72,4),(101,4),(140,4),(157,4),(158,4),(159,4),(160,4),(161,4),(162,4),(163,4),(164,4),(165,4),(166,4),(167,4),(168,4),(169,4),(170,4),(171,4),(172,4),(173,4),(174,4),(175,4),(176,4),(177,4),(178,4),(201,4),(203,4),(204,4),(205,4),(208,4),(212,4),(213,4),(214,4),(217,4),(219,4),(220,4),(221,4),(224,4),(225,4),(229,4),(41,5),(42,5),(59,5),(60,5),(61,5),(62,5),(63,5),(64,5),(74,5),(75,5),(76,5),(77,5),(78,5),(79,5),(80,5),(81,5),(82,5),(83,5),(84,5),(85,5),(86,5),(87,5),(88,5),(89,5),(90,5),(91,5),(92,5),(94,5),(95,5),(96,5),(97,5),(98,5),(99,5),(100,5),(101,5),(102,5),(103,5),(104,5),(105,5),(106,5),(107,5),(108,5),(109,5),(110,5),(111,5),(112,5),(113,5),(114,5),(115,5),(116,5),(117,5),(118,5),(119,5),(120,5),(121,5),(122,5),(123,5),(124,5),(125,5),(126,5),(127,5),(128,5),(129,5),(130,5),(131,5),(132,5),(133,5),(134,5),(135,5),(136,5),(137,5),(138,5),(139,5),(140,5),(141,5),(142,5),(143,5),(144,5),(145,5),(146,5),(147,5),(148,5),(149,5),(150,5),(151,5),(152,5),(153,5),(154,5),(155,5),(156,5),(157,5),(158,5),(159,5),(160,5),(161,5),(162,5),(163,5),(164,5),(165,5),(166,5),(167,5),(168,5),(169,5),(170,5),(171,5),(172,5),(173,5),(174,5),(179,5),(180,5),(181,5),(182,5),(183,5),(184,5),(185,5),(186,5),(187,5),(188,5),(189,5),(190,5),(191,5),(192,5),(193,5),(194,5),(195,5),(196,5),(197,5),(199,5),(200,5),(201,5),(202,5),(203,5),(227,5),(228,5),(229,5),(230,5),(231,5),(232,5),(233,5),(234,5),(235,5),(236,5),(66,6),(73,6);
/*!40000 ALTER TABLE `dishes_dish_types` ENABLE KEYS */;
UNLOCK TABLES;

--
-- Table structure for table `dishes_ingredients`
--

DROP TABLE IF EXISTS `dishes_ingredients`;
/*!40101 SET @saved_cs_client     = @@character_set_client */;
/*!40101 SET character_set_client = utf8 */;
CREATE TABLE `dishes_ingredients` (
  `id` bigint(20) NOT NULL AUTO_INCREMENT,
  `dish_id` bigint(20) NOT NULL,
  `ingredient_id` bigint(20) NOT NULL,
  `weight` float NOT NULL,
  `unit_type_id` bigint(20) NOT NULL,
  `unit_type_amount` double NOT NULL,
  PRIMARY KEY (`id`),
  UNIQUE KEY `dishes_ingredients_id_uindex` (`id`),
  UNIQUE KEY `dish_id_ingr_id_uindex` (`dish_id`,`ingredient_id`),
  KEY `dishes_ingredients_ingredients_id_fk` (`ingredient_id`),
  KEY `dishes_ingredients_unit_types_id_fk` (`unit_type_id`),
  CONSTRAINT `dishes_ingredients_dishes_id_fk` FOREIGN KEY (`dish_id`) REFERENCES `dishes` (`id`),
  CONSTRAINT `dishes_ingredients_ingredients_id_fk` FOREIGN KEY (`ingredient_id`) REFERENCES `ingredients` (`id`),
  CONSTRAINT `dishes_ingredients_unit_types_id_fk` FOREIGN KEY (`unit_type_id`) REFERENCES `unit_types` (`id`)
) ENGINE=InnoDB AUTO_INCREMENT=2624 DEFAULT CHARSET=utf8;
/*!40101 SET character_set_client = @saved_cs_client */;

--
-- Dumping data for table `dishes_ingredients`
--

LOCK TABLES `dishes_ingredients` WRITE;
/*!40000 ALTER TABLE `dishes_ingredients` DISABLE KEYS */;
INSERT INTO `dishes_ingredients` VALUES (167,44,23,170,5,1),(168,44,49,100,1,4),(169,44,94,400,5,2),(170,44,135,40,1,2),(171,44,356,400,5,2),(408,64,10,25,1,1),(409,64,79,500,4,500),(410,64,369,0,6,2),(411,64,367,0,8,0),(412,64,201,25,1,1),(413,64,355,0,8,0),(414,64,175,34,1,2),(415,64,301,75,6,1),(416,64,356,300,5,1.5),(417,64,292,75,6,1),(418,64,114,20,1,1),(474,74,10,50,1,2),(475,74,376,100,4,100),(476,74,367,0,8,0),(477,74,375,1500,4,1500),(478,74,141,55,6,1),(479,74,355,0,8,0),(480,74,311,500,6,0.5),(494,76,355,0,8,0),(495,76,23,170,5,1),(496,76,356,400,5,2),(497,77,356,1000,4,1000),(498,77,355,0,8,0),(499,77,57,100,4,100),(500,78,356,1000,4,1000),(501,78,58,100,5,0.5),(502,78,355,0,8,0),(503,79,355,0,8,0),(504,79,59,100,4,100),(505,79,356,1000,4,1000),(506,80,355,0,8,0),(507,80,60,100,4,100),(508,80,356,1000,4,1000),(589,98,355,0,8,0),(590,98,379,80,4,80),(613,102,355,0,8,0),(614,102,301,75,6,1),(615,102,304,8,6,2),(616,102,176,10,1,1),(617,102,310,400,6,2),(618,102,232,50,10,1),(619,102,230,1,10,1),(620,102,305,290,6,2),(621,102,306,20,6,1),(629,104,307,400,4,400),(630,104,287,500,4,500),(631,104,233,0,8,0),(632,104,304,8,6,2),(633,104,176,20,1,2),(634,104,380,5,2,1),(635,105,176,20,1,2),(636,105,230,1,10,1),(637,105,355,0,8,0),(638,105,45,200,5,1),(639,105,292,250,4,250),(640,105,304,8,6,2),(641,105,287,500,4,500),(642,105,370,50,4,50),(649,107,256,240,6,1),(650,107,307,95,6,1),(659,109,301,75,6,1),(660,109,10,25,1,1),(661,109,175,34,1,2),(662,109,292,75,6,1),(663,109,114,20,1,1),(664,109,369,0,6,1),(665,109,79,500,4,500),(666,109,355,0,8,0),(667,109,201,10,2,1),(668,109,356,300,5,1.5),(670,110,367,3.5,2,0.5),(671,110,286,400,4,400),(672,110,355,0,8,0),(673,110,292,75,6,1),(674,110,307,285,6,3),(675,110,263,330,6,2),(676,110,291,1000,4,1000),(677,110,382,3.5,2,0.5),(678,110,310,400,6,2),(679,110,301,75,6,1),(680,110,79,1000,4,1000),(681,110,383,3.5,2,0.5),(682,110,381,3.5,2,0.5),(683,110,175,34,1,2),(685,111,79,500,4,500),(686,111,292,500,4,500),(687,111,355,0,8,0),(688,111,201,25,1,1),(689,111,175,34,1,2),(690,111,301,75,6,1),(691,111,141,55,6,1),(692,111,10,260,5,2),(693,111,286,500,4,500),(694,111,291,300,6,3),(695,111,356,100,5,0.5),(709,113,301,150,6,2),(710,113,292,75,6,1),(711,113,135,40,1,2),(712,113,291,1000,4,1000),(713,113,355,0,8,0),(714,113,369,0,6,2),(715,113,387,500,4,500),(716,113,367,0,8,0),(864,126,291,300,6,3),(865,126,175,34,1,2),(866,126,71,800,4,800),(867,126,402,1000,4,1000),(868,126,301,75,6,1),(869,126,355,0,8,0),(870,127,79,600,4,600),(908,128,381,0,8,0),(909,128,28,600,4,600),(910,128,355,0,8,0),(911,128,382,0,8,0),(912,128,301,75,6,1),(913,128,292,600,4,600),(914,128,304,8,6,2),(915,128,79,600,4,600),(916,128,175,160,5,1),(918,128,403,0,8,0),(956,130,367,0,8,0),(957,130,305,2610,6,18),(958,130,28,200,5,1),(959,130,301,150,6,2),(960,130,355,0,8,0),(961,130,396,1000,4,1000),(962,130,114,40,1,2),(963,130,292,150,6,2),(964,130,175,34,1,2),(965,130,201,25,1,1),(966,41,114,150,4,150),(967,41,301,75,6,1),(968,41,79,500,4,500),(969,41,10,25,1,1),(970,41,355,5,4,5),(971,41,356,150,4,150),(972,41,201,10,4,10),(980,43,355,0.5,4,0.5),(981,43,175,10,2,2),(982,43,141,110,6,2),(983,45,135,40,1,2),(984,45,49,100,1,4),(985,45,35,70,5,1),(986,45,94,400,5,2),(987,45,355,0.5,4,0.5),(1015,53,49,100,1,4),(1016,53,356,400,5,2),(1017,53,25,180,1,6),(1018,53,94,400,5,2),(1019,53,135,20,1,1),(1021,55,362,200,5,1),(1022,55,94,500,5,2.5),(1023,55,49,100,1,4),(1024,55,135,20,1,1),(1025,55,355,5.5,2,0.5),(1026,56,356,400,5,2),(1027,56,94,200,5,1),(1028,56,32,200,5,1),(1029,56,49,100,1,4),(1030,56,135,20,1,1),(1053,132,114,150,4,150),(1054,132,301,75,6,1),(1055,132,291,600,4,600),(1056,132,405,400,4,400),(1057,132,304,12,6,3),(1058,132,176,10,1,1),(1059,132,367,0,8,0),(1060,132,355,0,8,0),(1061,133,394,150,4,150),(1062,133,233,50,10,1),(1063,133,304,12,6,3),(1064,133,176,40,1,4),(1065,133,311,2000,6,2),(1066,133,307,380,6,4),(1067,133,301,37.5,6,0.5),(1076,135,301,75,6,1),(1077,135,10,65,5,0.5),(1078,135,228,150,4,150),(1079,135,355,0,8,0),(1080,135,291,600,4,600),(1081,135,175,68,1,4),(1082,135,367,0,8,0),(1083,135,141,55,6,1),(1085,136,364,3.5,2,0.5),(1086,136,370,20,4,20),(1087,136,355,0,8,0),(1088,136,367,0,8,0),(1089,136,292,375,6,5),(1090,136,176,10,1,1),(1091,136,230,1,10,1),(1092,136,304,8,6,2),(1093,136,381,3.5,2,0.5),(1118,138,355,0,8,0),(1119,138,311,1000,6,1),(1120,138,233,50,10,1),(1121,138,310,200,6,1),(1122,138,304,16,6,4),(1123,138,376,80,4,80),(1124,138,307,380,6,4),(1125,138,367,0,8,0),(1126,138,176,50,4,50),(1127,138,364,3.5,2,0.5),(1139,139,376,200,4,200),(1140,139,233,25,10,0.5),(1141,139,109,250,4,250),(1142,139,355,0,8,0),(1143,139,230,0.5,10,0.5),(1144,139,141,55,6,1),(1145,139,310,800,6,4),(1146,139,304,8,6,2),(1147,139,229,25,10,0.5),(1148,139,367,0,8,0),(1155,141,230,0.5,10,0.5),(1156,141,304,16,6,4),(1157,141,311,500,4,500),(1158,141,310,500,4,500),(1159,141,301,200,4,200),(1160,141,305,350,4,350),(1161,141,355,0,8,0),(1162,141,307,850,4,850),(1163,141,367,0,8,0),(1164,141,229,25,10,0.5),(1165,142,307,500,4,500),(1166,142,301,150,6,2),(1167,142,352,340,4,340),(1168,142,28,250,4,250),(1169,142,367,0,8,0),(1170,142,376,100,4,100),(1171,142,230,0.5,10,0.5),(1172,142,355,0,8,0),(1184,144,301,75,6,1),(1185,144,355,0,8,0),(1186,144,203,10,2,2),(1187,144,315,300,4,300),(1188,144,228,150,4,150),(1190,145,376,100,4,100),(1191,145,117,40,1,2),(1192,145,355,0,8,0),(1193,145,10,50,1,2),(1194,145,290,700,4,700),(1195,145,94,200,5,1),(1234,149,355,0,8,0),(1235,149,175,34,1,2),(1236,149,376,100,4,100),(1237,149,230,5,4,5),(1238,149,301,75,6,1),(1239,149,71,700,4,700),(1240,149,20,90,1,3),(1241,149,104,100,5,0.5),(1242,149,229,5,4,5),(1243,150,141,55,6,1),(1244,150,355,0,8,0),(1245,150,367,0,8,0),(1246,150,358,18,1,2),(1247,150,71,300,4,300),(1296,52,262,110,6,1),(1297,52,94,200,5,1),(1298,52,35,64,1,4),(1299,51,94,200,4,200),(1300,51,263,165,6,1),(1301,51,35,50,4,50),(1302,51,361,4,2,0.5),(1308,65,84,200,4,200),(1309,65,219,180,6,1),(1310,65,230,0,8,0),(1311,65,229,0,8,0),(1342,73,104,200,5,1),(1367,151,69,900,4,900),(1368,151,203,115,5,0.5),(1403,155,175,17,1,1),(1404,155,355,0,8,0),(1405,155,367,0,8,0),(1406,155,71,800,4,800),(1407,155,376,200,4,200),(1408,155,410,565,6,1),(1429,40,356,50,4,50),(1430,40,355,11,2,1),(1431,40,141,55,6,1),(1432,40,49,25,1,1),(1433,40,10,260,5,2),(1434,40,94,300,5,1.5),(1435,40,1,20,4,20),(1436,40,175,160,5,1),(1437,42,355,11,2,1),(1438,42,356,400,5,2),(1439,42,28,200,5,1),(1440,49,109,400,4,400),(1441,49,158,80,4,80),(1442,49,25,60,1,2),(1443,49,360,6,6,1),(1444,49,141,110,6,2),(1445,49,49,50,1,2),(1446,48,307,95,6,1),(1447,48,141,165,6,3),(1448,48,301,37.5,6,0.5),(1449,48,175,5,2,1),(1450,48,305,72.5,6,0.5),(1451,48,355,0,8,0),(1452,47,359,400,4,400),(1453,47,148,40,4,40),(1454,47,263,165,6,1),(1455,47,151,40,4,40),(1456,47,358,27,1,3),(1457,47,276,80,4,80),(1458,46,146,10,4,10),(1459,46,158,15,4,15),(1460,46,357,60,4,60),(1461,46,161,15,4,15),(1462,46,148,10,4,10),(1463,46,94,100,5,0.5),(1464,46,109,200,4,200),(1465,50,141,110,6,2),(1466,50,35,80,1,5),(1467,50,109,400,4,400),(1468,50,158,80,4,80),(1469,50,49,50,1,2),(1470,50,360,6,6,1),(1471,59,304,8,6,2),(1472,59,364,7,2,1),(1473,59,176,10,1,1),(1474,59,79,600,4,600),(1475,59,210,20,1,1),(1476,59,355,22,2,2),(1477,59,363,20,1,1),(1478,57,109,400,4,400),(1479,57,49,80,5,0.5),(1480,57,141,110,6,2),(1481,57,10,75,1,3),(1482,57,155,80,4,80),(1483,63,355,0,8,0),(1484,63,10,260,5,2),(1485,63,141,110,6,2),(1486,63,301,375,6,5),(1487,63,80,1300,4,1300),(1496,61,318,240,6,3),(1497,61,201,50,1,2),(1498,61,291,1000,4,1000),(1499,61,79,500,4,500),(1500,61,355,0,8,0),(1501,61,356,400,5,2),(1502,61,304,8,6,2),(1503,61,301,150,6,2),(1504,60,297,5,4,5),(1505,60,201,25,1,1),(1506,60,305,580,6,4),(1507,60,203,100,4,100),(1508,60,79,500,4,500),(1509,60,176,30,1,3),(1510,60,307,380,6,4),(1511,60,355,0,8,0),(1512,60,301,75,6,1),(1513,60,306,7,4,7),(1514,60,304,16,6,4),(1515,69,275,500,4,500),(1516,69,52,3.5,2,0.5),(1517,69,141,165,6,3),(1518,69,25,60,1,2),(1519,69,109,500,4,500),(1538,72,374,2.5,2,0.5),(1539,72,372,23,6,1),(1540,72,158,100,4,100),(1541,72,49,25,1,1),(1542,72,10,150,4,150),(1543,72,104,200,5,1),(1544,72,141,55,6,1),(1545,72,355,0,8,0.5),(1546,71,371,150,6,3),(1547,71,50,7,2,1),(1548,71,98,120,4,120),(1549,71,94,1000,4,1000),(1550,71,52,7,2,1),(1551,70,276,100,4,100),(1552,70,98,400,4,400),(1553,66,161,30,4,30),(1554,66,98,15,4,15),(1555,66,109,100,4,100),(1556,66,146,20,4,20),(1557,67,141,55,6,1),(1558,67,262,220,6,2),(1559,68,117,200,4,200),(1560,68,262,220,6,2),(1561,68,49,25,1,1),(1562,68,141,110,6,2),(1563,68,370,7,2,1),(1570,75,355,0,8,0),(1571,75,71,700,4,700),(1572,75,141,55,6,1),(1573,75,367,0,8,0),(1574,75,287,200,4,200),(1575,75,176,20,1,2),(1579,83,31,185,5,1),(1580,83,356,600,5,3),(1581,83,355,0,8,0),(1582,84,355,0,8,0),(1583,84,356,800,5,4),(1584,84,44,200,5,1),(1585,82,356,600,5,3),(1586,82,355,0,8,0),(1587,82,29,200,5,1),(1588,81,367,0,8,0),(1589,81,201,25,1,1),(1590,81,355,0,8,0),(1591,81,301,150,6,2),(1592,81,292,75,6,1),(1593,81,175,85,1,5),(1594,81,286,800,4,800),(1595,89,355,0,8,0),(1596,89,356,1000,5,5),(1597,89,42,185,5,1),(1598,88,355,0,8,0),(1599,88,356,400,5,2),(1600,88,176,10,1,1),(1601,88,46,200,5,1),(1602,87,45,200,5,1),(1603,87,356,800,5,4),(1604,87,355,0,8,0),(1605,86,355,0,8,0),(1606,86,356,400,5,2),(1607,86,30,200,5,1),(1608,85,33,140,5,1),(1609,85,355,0,8,0),(1610,85,356,400,5,2),(1611,94,356,1000,4,1000),(1612,94,355,0,8,0),(1613,94,291,1000,4,1000),(1614,93,355,0,8,0),(1615,93,356,300,5,1.5),(1616,93,24,150,5,1),(1617,93,94,300,5,1.5),(1618,92,356,500,5,2.5),(1619,92,355,0,8,0),(1620,92,377,145,5,1),(1621,91,355,0,8,0),(1622,91,356,400,5,2),(1623,91,34,200,5,1),(1624,90,355,0,8,0),(1625,90,356,500,5,2.5),(1626,90,43,200,5,1),(1627,99,175,320,5,2),(1628,99,355,0,8,0),(1629,99,291,1000,4,1000),(1630,97,355,0,8,0),(1631,97,356,100,5,0.5),(1632,97,201,75,1,3),(1633,97,175,85,1,5),(1634,97,301,75,6,1),(1635,97,291,200,6,2),(1636,97,286,300,4,300),(1637,97,292,75,6,1),(1638,96,355,0,8,0),(1639,96,291,600,6,6),(1640,96,175,40,5,0.25),(1641,95,94,100,5,0.5),(1642,95,291,1500,4,1500),(1643,95,135,50,4,50),(1644,95,355,0,8,0),(1645,103,117,100,5,0.5),(1646,103,290,150,4,150),(1647,103,248,50,4,50),(1648,103,355,0,8,0),(1649,103,287,150,4,150),(1650,103,376,50,4,50),(1651,103,141,110,6,2),(1652,101,346,350,4,350),(1653,101,370,40,1,2),(1654,101,256,480,6,2),(1655,101,355,0,8,0),(1656,100,355,0,8,0),(1657,100,356,300,5,1.5),(1658,100,63,80,4,80),(1659,108,201,25,1,1),(1660,108,286,1000,4,1000),(1661,108,228,50,4,50),(1662,108,28,200,4,200),(1663,108,176,20,1,2),(1664,108,355,0,8,0),(1665,108,301,50,4,50),(1666,106,307,190,6,2),(1667,106,304,8,6,2),(1668,106,315,300,4,300),(1669,106,305,290,6,2),(1670,106,355,0,8,0),(1671,106,176,10,1,1),(1672,114,230,1,10,1),(1673,114,71,400,4,400),(1674,114,141,110,6,2),(1675,114,35,50,4,50),(1676,114,376,100,4,100),(1677,114,94,50,4,50),(1678,112,369,0,6,2),(1679,112,175,48,5,0.3),(1680,112,385,300,4,300),(1681,112,230,1,10,1),(1682,112,304,4,6,1),(1683,112,291,500,4,500),(1684,112,367,0,8,0),(1685,112,307,200,4,200),(1686,112,301,150,6,2),(1687,112,384,200,4,200),(1688,112,386,300,4,300),(1689,115,71,300,4,300),(1690,115,355,0,8,0),(1691,115,141,110,6,2),(1692,115,10,50,4,50),(1693,115,376,100,4,100),(1694,115,94,150,4,150),(1695,116,355,30,1,1),(1696,116,141,110,6,2),(1697,116,175,48,5,0.3),(1698,116,8,4,2,0.5),(1699,116,10,1000,4,1000),(1700,116,356,400,5,2),(1701,117,307,190,6,2),(1702,117,301,225,6,3),(1703,117,175,51,1,3),(1704,117,304,8,6,2),(1705,117,292,75,6,1),(1706,117,355,0,8,0),(1707,117,356,400,5,2),(1708,117,299,250,6,1),(1709,117,389,1000,4,1000),(1710,117,291,300,6,3),(1711,117,305,290,6,2),(1712,117,79,300,4,300),(1713,117,201,50,1,2),(1714,118,367,0,8,0),(1715,118,292,75,6,1),(1716,118,394,120,4,120),(1717,118,396,450,4,450),(1718,118,301,75,6,1),(1719,118,395,7,2,1),(1720,118,94,800,4,800),(1721,118,393,250,4,250),(1722,118,134,90,4,90),(1723,118,10,60,4,60),(1724,118,355,22,2,2),(1725,119,141,165,6,3),(1726,119,175,17,1,1),(1727,119,356,18,1,1),(1728,119,10,300,4,300),(1729,119,355,0,8,0),(1730,124,291,700,4,700),(1731,124,10,65,5,0.5),(1732,124,141,55,6,1),(1733,124,400,10.5,2,1.5),(1734,124,301,75,6,1),(1735,124,394,100,4,100),(1736,124,175,17,1,1),(1737,124,399,7,2,1),(1738,124,396,500,4,500),(1739,124,353,50,4,50),(1740,124,398,300,4,300),(1741,124,292,150,6,2),(1742,124,304,4,6,1),(1743,123,397,200,4,200),(1744,123,395,3.5,2,0.5),(1745,123,355,0,8,0),(1746,123,376,20,4,20),(1747,123,304,8,6,2),(1748,123,117,100,4,100),(1749,122,291,500,4,500),(1750,122,175,17,1,1),(1751,122,376,150,4,150),(1752,122,301,150,6,2),(1753,122,307,285,6,3),(1754,122,367,0,8,0),(1755,122,355,0,8,0),(1756,122,396,500,4,500),(1757,122,304,8,6,2),(1758,122,114,100,5,0.5),(1759,121,355,0,8,0),(1760,121,79,350,4,350),(1761,121,10,455,5,3.5),(1762,121,381,3.5,2,0.5),(1763,121,312,400,4,400),(1764,121,301,350,4,350),(1765,121,141,55,6,1),(1766,121,356,300,5,1.5),(1767,120,301,75,6,1),(1768,120,304,8,6,2),(1769,120,355,0,8,0),(1770,120,201,50,1,2),(1771,120,396,600,4,600),(1772,120,60,300,4,300),(1773,120,175,34,1,2),(1774,129,229,50,10,1),(1775,129,176,10,1,1),(1776,129,13,50,4,50),(1777,129,228,100,4,100),(1778,129,307,285,6,3),(1779,129,98,50,4,50),(1780,129,94,50,4,50),(1781,129,71,500,4,500),(1782,129,376,100,4,100),(1783,125,355,5.5,2,0.5),(1784,125,94,200,5,1),(1785,125,175,34,1,2),(1786,125,401,25,4,25),(1787,125,10,550,4,550),(1788,125,135,80,1,4),(1789,125,49,50,1,2),(1790,134,355,0,8,0),(1791,134,301,75,6,1),(1792,134,367,0,8,0),(1793,134,28,200,5,1),(1794,134,10,78,5,0.6),(1795,134,228,500,4,500),(1796,131,355,0,8,0),(1797,131,291,500,6,5),(1798,131,176,50,1,5),(1799,131,394,400,4,400),(1800,137,304,8,6,2),(1801,137,134,40,1,2),(1802,137,394,150,4,150),(1803,137,355,0,8,0),(1804,137,301,150,6,2),(1805,137,141,55,6,1),(1806,137,399,3.5,2,0.5),(1807,137,10,65,5,0.5),(1808,137,310,600,6,3),(1809,137,307,285,6,3),(1810,137,367,0,8,0),(1811,137,94,300,5,1.5),(1812,137,230,1,10,1),(1813,137,408,3.5,2,0.5),(1814,137,396,1000,4,1000),(1815,143,356,200,5,1),(1816,143,28,200,5,1),(1817,143,138,200,5,1),(1818,143,235,40,10,1),(1819,143,355,0,8,0),(1820,148,71,800,4,800),(1821,148,141,275,6,5),(1822,148,355,0,8,0),(1823,148,10,50,1,2),(1824,148,230,0.5,10,0.5),(1825,148,367,0,8,0),(1826,148,114,20,1,1),(1827,148,229,25,10,0.5),(1828,147,230,10,4,10),(1829,147,2,60,1,4),(1830,147,10,50,1,2),(1831,147,367,0,8,0),(1832,147,71,800,4,800),(1833,147,134,30,4,30),(1834,147,229,10,4,10),(1835,147,355,0,8,0),(1836,147,175,80,5,0.5),(1837,147,141,55,6,1),(1838,146,292,100,4,100),(1839,146,355,0,8,0),(1840,146,367,0,8,0),(1841,146,10,65,5,0.5),(1842,146,46,100,4,100),(1843,146,286,100,4,100),(1844,152,141,110,6,2),(1845,152,2,50,5,0.5),(1846,152,94,50,4,50),(1847,152,175,80,5,0.5),(1848,152,367,0,8,0),(1849,152,71,500,4,500),(1850,152,10,65,5,0.5),(1851,152,355,0,8,0),(1852,153,304,4,6,1),(1853,153,370,20,1,1),(1854,153,71,500,4,500),(1855,153,176,10,1,1),(1856,153,203,50,1,2),(1857,153,230,30,4,30),(1858,153,210,7,2,1),(1859,154,356,400,5,2),(1860,154,203,37.5,1,1.5),(1861,154,367,0,8,0),(1862,154,355,22,2,2),(1863,154,71,800,4,800),(1864,154,369,0,6,2),(1867,156,201,25,1,1),(1868,156,304,8,6,2),(1869,156,117,40,1,2),(1870,156,28,250,4,250),(1871,156,396,500,4,500),(1872,156,175,51,1,3),(1873,156,367,0,8,0),(1874,156,355,0,8,0),(1875,156,141,55,6,1),(1876,156,301,75,6,1),(1877,157,370,30,4,30),(1878,157,355,0,8,0),(1879,157,286,100,4,100),(1880,157,263,165,6,1),(1881,157,352,100,4,100),(1889,158,305,145,6,1),(1890,158,352,54,1,3),(1891,158,355,0,8,0),(1892,158,308,100,6,1),(1893,158,307,95,6,1),(1894,158,229,0,8,0),(1895,158,98,25,1,1),(1896,158,71,300,4,300),(1898,159,376,50,4,50),(1899,159,176,10,1,1),(1900,159,370,7,2,1),(1901,159,305,145,6,1),(1902,159,228,150,4,150),(1903,160,355,0,8,0),(1904,160,176,10,1,1),(1905,160,305,145,6,1),(1906,160,366,150,4,150),(1907,160,287,500,4,500),(1908,161,256,240,6,1),(1909,161,301,37.5,6,0.5),(1910,161,307,95,6,1),(1911,161,355,0,8,0),(1912,161,176,10,1,1),(1913,161,376,150,4,150),(1914,162,98,50,1,2),(1915,162,141,55,6,1),(1916,162,294,30,6,1),(1917,162,308,100,6,1),(1918,162,355,0,8,0),(1927,163,307,285,6,3),(1928,163,308,200,6,2),(1929,163,355,0,8,0),(1930,163,367,0,8,0),(1931,163,88,200,4,200),(1932,163,366,100,4,100),(1933,163,302,100,6,1),(1934,163,370,20,1,1),(1935,163,241,120,6,3),(1936,164,355,0,8,0),(1937,164,292,150,4,150),(1938,164,114,100,1,5),(1939,164,286,300,4,300),(1940,165,353,400,6,1),(1941,165,71,400,4,400),(1942,165,355,0,8,0),(1943,165,292,150,6,2),(1944,165,367,0,8,0),(1945,165,291,400,6,4),(1946,165,114,100,1,5),(1947,165,318,320,6,4),(1948,166,114,100,1,5),(1949,166,141,165,6,3),(1950,166,355,0,8,0),(1951,166,348,200,4,200),(1952,166,376,100,4,100),(1953,166,308,100,6,1),(1954,167,412,100,4,100),(1955,167,355,0,8,0),(1956,167,241,160,6,4),(1957,167,256,120,6,0.5),(1958,167,370,20,1,1),(1959,167,141,110,6,2),(1960,167,307,200,4,200),(1961,168,300,500,6,4),(1962,168,291,300,6,3),(1963,168,301,75,6,1),(1964,168,114,20,1,1),(1965,168,292,150,6,2),(1966,168,141,220,6,4),(1967,168,345,700,6,2),(1968,169,292,150,6,2),(1969,169,355,0,8,0),(1970,169,114,100,5,0.5),(1971,169,376,100,4,100),(1972,169,263,330,6,2),(1973,169,295,150,6,1),(1974,170,307,95,6,1),(1975,170,355,0,8,0),(1976,170,256,240,6,1),(1977,170,141,55,6,1),(1978,170,367,0,8,0),(1979,170,176,5,2,1),(1980,171,355,0,8,0),(1981,171,352,54,1,3),(1982,171,228,200,4,200),(1983,171,176,10,1,1),(1984,171,367,0,8,0),(1985,171,315,200,4,200),(1986,172,307,285,6,3),(1987,172,114,60,1,3),(1988,172,355,0,8,1),(1989,173,308,200,6,2),(1990,173,355,0,8,0),(1991,173,301,37.5,6,0.5),(1992,173,114,80,1,4),(1993,173,307,190,6,2),(1994,174,355,0,8,0),(1995,174,353,400,6,1),(1996,174,300,250,6,2),(1997,174,292,75,6,1),(1998,174,176,50,1,5),(1999,174,291,300,6,3),(2000,174,318,400,6,5),(2001,54,28,200,5,1),(2002,54,94,1000,4,1000),(2003,54,49,80,5,0.5),(2004,54,355,0,8,0),(2005,175,229,50,10,1),(2006,175,141,55,6,1),(2007,175,376,150,4,150),(2008,175,10,50,1,2),(2009,175,355,0,8,0),(2010,175,114,120,4,120),(2011,176,218,210,6,6),(2012,176,263,165,6,1),(2013,176,175,17,1,1),(2014,176,361,8,2,1),(2015,176,141,55,6,1),(2016,140,355,0,8,0),(2017,140,10,75,1,3),(2018,140,98,100,4,100),(2019,140,141,55,6,1),(2020,140,311,300,4,300),(2021,177,218,210,6,6),(2022,177,361,0,8,0),(2023,177,176,10,1,1),(2024,177,257,80,4,80),(2025,177,49,25,1,1),(2026,177,141,55,6,1),(2027,177,94,50,4,50),(2028,178,263,330,6,2),(2029,178,250,130,6,1),(2030,178,109,200,4,200),(2031,178,53,75,1,3),(2032,178,141,55,6,1),(2034,179,356,2000,7,2),(2035,179,230,1,10,1),(2036,179,300,250,6,2),(2037,179,201,50,1,2),(2038,179,114,200,4,200),(2039,179,286,300,4,300),(2040,179,301,225,6,3),(2041,179,414,400,4,400),(2042,179,355,0,8,0),(2043,179,175,68,1,4),(2044,179,370,20,1,1),(2045,179,367,0,8,0),(2046,179,229,50,10,1),(2047,179,369,0,6,2),(2048,179,291,400,6,4),(2058,180,415,300,4,300),(2059,180,355,0,8,0),(2060,180,301,75,6,1),(2061,180,291,300,6,3),(2062,180,57,80,4,80),(2063,180,356,2000,7,2),(2064,180,367,0,8,0),(2065,180,292,75,6,1),(2067,181,362,20,4,20),(2068,181,26,20,4,20),(2069,181,349,500,4,500),(2070,181,417,20,4,20),(2071,181,113,200,4,200),(2072,181,416,1000,7,1),(2073,181,31,20,4,20),(2074,181,23,20,4,20),(2075,181,28,20,4,20),(2076,181,80,500,4,500),(2077,181,355,0,8,0),(2078,181,82,500,4,500),(2079,181,379,20,4,20),(2080,181,356,3000,7,3),(2082,182,135,20,1,1),(2083,182,418,400,4,400),(2084,182,117,200,5,1),(2085,182,304,8,6,2),(2086,182,367,0,8,0),(2087,182,355,0,8,0),(2088,182,356,2000,7,2),(2089,62,301,150,6,2),(2090,62,79,1000,4,1000),(2091,62,286,4000,6,2),(2092,62,201,75,1,3),(2093,62,175,25.5,1,1.5),(2094,62,28,200,5,1),(2095,62,292,150,6,2),(2096,62,355,0,8,0),(2109,183,79,300,4,300),(2110,183,141,220,6,4),(2111,183,230,1,10,1),(2112,183,419,1500,7,1.5),(2113,183,367,0,8,0),(2114,183,355,0,8,0),(2115,183,308,400,6,4),(2116,183,303,50,10,1),(2117,183,291,400,6,4),(2118,183,229,50,10,1),(2119,183,114,200,5,1),(2121,184,201,30,4,30),(2122,184,46,80,4,80),(2123,184,230,0,8,0),(2124,184,355,0,8,0),(2125,184,301,75,6,1),(2126,184,71,150,4,150),(2127,184,356,2000,7,2),(2128,184,292,75,6,1),(2129,184,229,0,8,0),(2130,184,175,17,1,1),(2131,184,315,100,4,100),(2132,184,353,100,4,100),(2133,185,175,34,1,2),(2134,185,291,300,6,3),(2135,185,10,80,4,80),(2136,185,369,0,6,2),(2137,185,230,0,8,0),(2138,185,356,1500,7,1.5),(2139,185,355,0,8,0),(2140,185,229,0,8,0),(2141,185,292,150,6,2),(2142,185,301,75,6,1),(2143,185,94,70,4,70),(2145,186,146,48,6,8),(2146,186,176,10,1,1),(2147,186,355,0,8,0),(2148,186,304,4,6,1),(2149,186,308,400,4,400),(2150,186,229,0,8,0),(2151,186,98,200,5,1),(2153,187,229,0,8,0),(2154,187,292,150,6,2),(2155,187,175,17,1,1),(2156,187,114,1,4,1),(2157,187,369,0,6,2),(2158,187,291,200,6,2),(2159,187,301,75,6,1),(2160,187,355,0,8,0),(2161,187,368,0,8,0),(2162,187,318,160,6,2),(2163,187,414,400,4,400),(2164,187,367,0,8,0),(2165,187,356,2000,7,2),(2166,187,201,25,1,1),(2167,187,230,0,8,0),(2168,187,31,37.5,1,1.5),(2172,188,276,300,5,2.5),(2173,188,94,1000,7,1),(2174,188,49,25,1,1),(2175,188,373,20,6,1),(2189,189,355,0,8,0),(2190,189,356,2000,7,2),(2191,189,307,95,6,1),(2192,189,301,75,6,1),(2193,189,292,75,6,1),(2194,189,303,50,10,1),(2195,189,229,0,8,0),(2196,189,290,100,4,100),(2197,189,353,4,1,2),(2198,189,286,100,4,100),(2199,189,230,0,8,0),(2200,189,305,145,6,1),(2201,189,291,200,6,2),(2216,190,301,75,6,1),(2217,190,291,400,6,4),(2218,190,367,0,8,0),(2219,190,307,285,6,3),(2220,190,175,17,1,1),(2221,190,355,0,8,0),(2222,190,304,8,6,2),(2223,190,201,25,1,1),(2224,190,369,0,6,1),(2225,190,311,2000,6,2),(2226,190,229,0,8,0),(2227,190,292,150,6,2),(2228,190,356,600,5,3),(2229,190,218,140,6,4),(2230,190,305,290,6,2),(2231,190,396,500,4,500),(2232,190,141,55,6,1),(2233,190,230,0,8,0),(2235,191,141,55,6,1),(2236,191,10,130,5,1),(2237,191,369,0,6,2),(2238,191,229,0,8,0),(2239,191,355,22,2,2),(2240,191,175,34,1,2),(2241,191,292,75,6,1),(2242,191,375,400,4,400),(2244,192,229,0,8,0),(2245,192,292,150,6,2),(2246,192,10,130,5,1),(2247,192,301,75,6,1),(2248,192,355,0,8,0),(2249,192,230,0,8,0),(2250,192,367,0,8,0),(2251,192,356,2000,7,2),(2252,192,80,300,4,300),(2254,193,291,200,6,2),(2255,193,228,400,4,400),(2256,193,355,0,8,0),(2257,193,71,600,4,600),(2258,193,114,200,5,1),(2259,193,230,0,8,0),(2260,193,353,200,4,200),(2261,193,175,17,1,1),(2262,193,84,400,4,400),(2263,193,229,0,8,0),(2264,193,301,75,6,1),(2265,193,292,75,6,1),(2266,193,367,0,8,0),(2267,193,356,3000,7,3),(2268,194,312,75,4,75),(2270,195,301,75,6,1),(2271,195,368,0,8,0),(2272,195,355,0,8,0),(2273,195,325,500,4,500),(2274,195,230,0,8,0),(2275,195,229,0,8,0),(2276,195,291,300,6,3),(2277,195,292,150,6,2),(2278,195,369,0,6,2),(2279,195,243,40,4,40),(2284,196,369,0,6,2),(2285,196,229,0,8,0),(2286,196,301,150,6,2),(2287,196,141,110,6,2),(2288,196,355,0,8,0),(2289,196,247,100,10,2),(2290,196,368,0,8,0),(2291,196,10,25,1,1),(2292,196,230,0,8,0),(2293,196,356,2500,7,2.5),(2294,196,291,200,6,2),(2295,196,414,500,4,500),(2296,196,292,75,6,1),(2298,197,319,300,4,300),(2299,197,292,75,6,1),(2300,197,291,200,6,2),(2301,197,355,0,8,0),(2302,197,368,0,8,0),(2303,197,356,2000,7,2),(2304,197,369,0,6,1),(2305,197,301,75,6,1),(2306,197,414,400,4,400),(2307,197,201,50,1,2),(2308,198,398,750,4,750),(2309,198,218,35,6,1),(2310,198,376,50,4,50),(2311,198,367,0,8,0),(2312,198,134,60,1,3),(2313,198,355,0,8,0),(2314,198,301,500,4,500),(2316,199,229,0,8,0),(2317,199,308,100,6,1),(2318,199,352,95,5,0.5),(2319,199,307,95,6,1),(2320,199,230,0,8,0),(2321,199,355,0,8,0),(2322,199,356,1000,7,1),(2323,199,256,480,6,2),(2324,199,422,200,6,1),(2326,200,175,34,1,2),(2327,200,253,130,6,1),(2328,200,230,0,8,0),(2329,200,423,200,4,200),(2330,200,355,0,8,0),(2331,200,356,2000,7,2),(2332,200,425,200,4,200),(2333,200,318,240,6,3),(2334,200,201,50,1,2),(2335,200,301,75,6,1),(2336,200,366,50,4,50),(2337,200,229,0,8,0),(2338,200,424,300,4,300),(2340,201,356,200,5,1),(2341,201,307,475,6,5),(2342,201,229,0,8,0),(2343,201,304,8,6,2),(2344,201,49,10,2,1),(2345,201,230,0,8,0),(2346,201,407,200,4,200),(2347,201,10,455,5,3.5),(2348,201,175,80,5,0.5),(2349,201,355,11,2,1),(2351,202,1,14,2,2),(2352,202,10,500,4,500),(2353,202,355,11,2,1),(2354,202,94,100,5,0.5),(2355,202,356,150,4,150),(2356,202,49,20,2,2),(2357,202,134,30,4,30),(2358,202,426,600,4,600),(2359,202,141,55,6,1),(2363,203,356,100,5,0.5),(2364,203,355,0,8,0),(2365,203,49,10,2,1),(2366,203,175,80,5,0.5),(2367,203,10,260,5,2),(2368,203,94,100,5,0.5),(2370,204,1,10,4,10),(2371,204,175,34,1,2),(2372,204,355,0,8,0),(2373,204,94,1000,7,1),(2374,204,10,500,4,500),(2375,204,49,50,1,2),(2376,204,141,110,6,2),(2379,205,218,70,6,2),(2380,205,355,0,8,0),(2381,205,256,240,6,1),(2382,205,367,0,8,0),(2383,206,218,100,4,100),(2384,206,141,55,6,1),(2385,206,175,68,1,4),(2386,206,355,0,8,0),(2387,206,94,100,5,0.5),(2389,207,406,0,8,0),(2390,207,355,0,8,0),(2391,207,141,220,6,4),(2392,207,376,50,4,50),(2393,207,304,4,6,1),(2394,207,176,20,1,2),(2395,207,230,1,10,1),(2396,207,427,25,10,0.5),(2397,207,307,190,6,2),(2398,207,305,145,6,1),(2399,207,367,0,8,0),(2400,207,301,75,6,1),(2401,58,175,5,2,1),(2402,58,355,0,8,0),(2403,58,141,110,6,2),(2404,58,35,32,1,2),(2405,208,423,50,4,50),(2406,208,376,50,4,50),(2407,208,219,180,6,1),(2411,209,98,200,5,1),(2412,209,172,25,1,1),(2413,209,53,25,1,1),(2414,209,35,80,4,80),(2415,209,157,25,1,1),(2419,210,25,70,4,70),(2420,210,141,55,6,1),(2421,210,109,200,4,200),(2422,211,275,60,4,60),(2423,211,10,65,5,0.5),(2424,211,141,55,6,1),(2425,211,53,75,1,3),(2426,211,109,450,4,450),(2427,212,141,55,6,1),(2428,212,35,70,5,1),(2429,212,104,100,5,0.5),(2430,212,292,150,6,2),(2441,213,141,220,6,4),(2442,213,109,450,4,450),(2443,213,277,80,4,80),(2444,213,428,40,2,4),(2445,213,53,100,1,4),(2446,213,94,100,5,0.5),(2448,214,35,32,1,2),(2449,214,262,110,6,1),(2450,214,141,110,6,2),(2451,214,109,100,4,100),(2452,214,49,25,1,1),(2453,214,277,80,4,80),(2455,215,8,4,2,0.5),(2456,215,175,80,5,0.5),(2457,215,141,110,6,2),(2458,215,49,100,1,4),(2459,215,10,130,5,1),(2460,215,211,15,1,1),(2461,215,94,200,5,1),(2462,215,356,200,5,1),(2463,216,262,110,6,1),(2464,216,266,85,6,1),(2465,216,429,16,1,1),(2466,216,161,40,4,40),(2467,216,148,40,4,40),(2468,216,94,50,4,50),(2469,217,359,60,4,60),(2470,217,257,40,4,40),(2471,217,148,30,4,30),(2472,217,262,55,6,0.5),(2473,217,258,40,4,40),(2474,217,218,105,6,3),(2475,217,172,30,4,30),(2480,218,430,20,1,1),(2481,218,141,55,6,1),(2482,218,431,25,1,1),(2483,218,10,75,1,3),(2484,218,49,50,1,2),(2486,219,376,15,4,15),(2487,219,307,95,6,1),(2488,219,358,9,1,1),(2489,219,175,5,2,1),(2490,219,94,30,4,30),(2491,219,35,48,1,3),(2492,219,248,50,4,50),(2493,219,141,110,6,2),(2496,220,141,55,6,1),(2497,220,155,60,4,60),(2498,220,263,1155,6,7),(2499,220,361,0,8,0),(2500,220,109,300,4,300),(2501,220,114,60,1,3),(2502,220,53,75,1,3),(2503,220,52,7,2,1),(2504,221,109,200,4,200),(2505,221,361,0,8,0),(2506,221,141,110,6,2),(2507,221,263,495,6,3),(2508,222,141,110,6,2),(2509,222,53,8,2,1),(2510,222,263,165,6,1),(2511,222,25,30,1,1),(2518,224,175,17,1,1),(2519,224,53,25,1,1),(2520,224,312,400,4,400),(2523,225,173,44,1,2),(2524,225,94,100,5,0.5),(2525,225,53,8,2,1),(2526,223,49,125,1,5),(2527,223,10,200,4,200),(2528,223,109,200,4,200),(2529,223,254,275,6,5),(2530,223,141,110,6,2),(2531,223,94,100,5,0.5),(2533,227,175,17,1,1),(2534,227,114,40,1,2),(2535,227,355,5.5,2,0.5),(2536,227,325,1000,4,1000),(2537,227,301,75,6,1),(2548,228,204,2.5,2,0.5),(2549,228,355,0,8,0),(2550,228,307,190,6,2),(2551,228,175,17,1,1),(2552,228,367,0,8,0),(2553,228,301,75,6,1),(2554,228,228,200,4,200),(2555,228,411,600,4,600),(2556,228,356,200,5,1),(2557,228,250,130,6,1),(2559,229,411,250,4,250),(2560,229,367,0,8,0),(2561,229,355,0,8,0),(2562,229,233,50,10,1),(2563,229,304,4,6,1),(2564,229,176,20,1,2),(2565,229,307,190,6,2),(2566,229,404,125,4,125),(2567,229,370,20,1,1),(2569,230,301,150,6,2),(2570,230,141,110,6,2),(2571,230,229,0,8,0),(2572,230,325,2000,4,2000),(2573,230,114,200,4,200),(2574,230,175,34,1,2),(2575,230,355,0,8,0),(2576,230,367,0,8,0),(2577,230,292,75,6,1),(2579,231,229,0,8,0),(2580,231,355,0,8,0),(2581,231,176,10,1,1),(2582,231,367,0,8,0),(2583,231,331,400,4,400),(2584,231,370,20,1,1),(2585,231,253,65,6,0.5),(2587,232,117,200,4,200),(2588,232,29,250,4,250),(2589,232,367,0,8,0),(2590,232,331,400,4,400),(2591,232,292,100,4,100),(2592,232,230,0,8,0),(2593,232,301,75,6,1),(2594,232,355,0,8,0),(2595,232,229,0,8,0),(2596,232,311,200,4,200),(2598,233,291,400,4,400),(2599,233,117,500,4,500),(2600,233,355,0,8,0),(2601,233,301,75,6,1),(2602,233,367,0,8,0),(2603,233,307,285,6,3),(2604,233,327,300,4,300),(2605,233,175,17,1,1),(2606,233,229,0,8,0),(2607,234,376,150,4,150),(2609,235,328,600,4,600),(2610,235,230,0,8,0),(2611,235,367,0,8,0),(2612,235,291,1000,4,1000),(2613,235,301,150,6,2),(2614,235,114,80,4,80),(2615,235,355,0,8,0),(2616,235,175,34,1,2),(2617,236,325,500,4,500),(2618,236,104,500,7,0.5),(2619,236,292,75,6,1),(2620,236,355,0,8,0),(2621,236,367,0,8,0),(2622,236,311,1000,6,1),(2623,236,290,200,4,200);
/*!40000 ALTER TABLE `dishes_ingredients` ENABLE KEYS */;
UNLOCK TABLES;

--
-- Table structure for table `genders`
--

DROP TABLE IF EXISTS `genders`;
/*!40101 SET @saved_cs_client     = @@character_set_client */;
/*!40101 SET character_set_client = utf8 */;
CREATE TABLE `genders` (
  `id` bigint(20) NOT NULL AUTO_INCREMENT,
  `code` varchar(255) NOT NULL,
  `name` varchar(255) NOT NULL,
  PRIMARY KEY (`id`),
  UNIQUE KEY `genders_id_uindex` (`id`)
) ENGINE=InnoDB AUTO_INCREMENT=3 DEFAULT CHARSET=utf8;
/*!40101 SET character_set_client = @saved_cs_client */;

--
-- Dumping data for table `genders`
--

LOCK TABLES `genders` WRITE;
/*!40000 ALTER TABLE `genders` DISABLE KEYS */;
INSERT INTO `genders` VALUES (1,'MALE','Male'),(2,'FEMALE','Female');
/*!40000 ALTER TABLE `genders` ENABLE KEYS */;
UNLOCK TABLES;

--
-- Table structure for table `ingredients`
--

DROP TABLE IF EXISTS `ingredients`;
/*!40101 SET @saved_cs_client     = @@character_set_client */;
/*!40101 SET character_set_client = utf8 */;
CREATE TABLE `ingredients` (
  `id` bigint(20) NOT NULL AUTO_INCREMENT,
  `name` varchar(255) NOT NULL,
  `protein` float NOT NULL,
  `fat` float NOT NULL,
  `carbohydrate` float NOT NULL,
  `category_id` bigint(20) NOT NULL,
  `is_allergic` tinyint(4) NOT NULL DEFAULT '0',
  `glycemic_index` float NOT NULL DEFAULT '0',
  `active` tinyint(4) NOT NULL DEFAULT '1',
  PRIMARY KEY (`id`),
  UNIQUE KEY `ingredients_id_uindex` (`id`),
  KEY `ingredients_ingredients_category_id_fk` (`category_id`),
  CONSTRAINT `ingredients_ingredients_category_id_fk` FOREIGN KEY (`category_id`) REFERENCES `ingredients_categories` (`id`)
) ENGINE=InnoDB AUTO_INCREMENT=458 DEFAULT CHARSET=utf8;
/*!40101 SET character_set_client = @saved_cs_client */;

--
-- Dumping data for table `ingredients`
--

LOCK TABLES `ingredients` WRITE;
/*!40000 ALTER TABLE `ingredients` DISABLE KEYS */;
INSERT INTO `ingredients` VALUES (1,'Дрожжи сухие',12.7,2.7,0,2,0,0,1),(2,'панировочные сухари',9.7,1.9,77.6,2,1,0,1),(3,'пектин',0,0,89.6,2,0,0,1),(4,'желатин',87.2,0.4,0.8,2,0,0,1),(5,'мак',17.5,47.5,2,2,0,0,1),(6,'краситель пищевой',0,0,0,2,0,0,1),(7,'лимонная кислота',0,0,0,2,0,0,1),(8,'Сода',0,0,0,2,0,0,1),(9,'марципан',6.8,21.2,65.3,2,0,0,1),(10,'Мука пшеничная',9.2,1.2,74.9,3,1,0,1),(11,'миндальная мука',20.1,39.5,13.5,3,1,0,1),(12,'кукурузная мука',7.2,1.5,70.2,3,1,0,1),(13,'ржаная мука',9,1,73,3,1,0,1),(14,'рисовая мука',7.4,0.6,82,3,1,0,1),(15,'амарантовая мука',8.9,1.7,61.7,3,1,0,1),(16,'соевая мука',36.5,18.6,17.9,3,1,0,1),(17,'льняная мука',36,10,9,3,1,0,1),(18,'гороховая цельносмолотая мука',21,2,49,3,1,0,1),(19,'овсяная мука',13,6.8,64.9,3,1,0,1),(20,'Крахмал картофельный    ',0.1,0,79.6,3,0,0,1),(21,'чечевичная мука цельносмолотая',28,1,56,3,1,0,1),(22,'ячменная цельносмолотая мука',10,1.6,56.1,3,0,0,1),(23,'гречневая крупа',12.6,3.3,62.1,4,0,0,1),(24,'кукурузная крупа',8.3,1.2,75,4,0,0,1),(25,'манная крупа',10.3,1,67.4,4,1,0,1),(26,'пшеничная крупа',11.5,1.3,62,4,1,0,1),(27,'Пшенная крупа',11.5,3.3,69.3,4,1,0,0),(28,'рис белый',6.7,0.7,78.9,4,0,0,1),(29,'рис бурый',7.4,1.8,72.9,4,0,0,1),(30,'киноа',14.1,6.1,57.2,4,0,0,1),(31,'перловая',9.3,1.1,73.7,4,0,0,1),(32,'ячневая',10.4,1.3,66.3,4,0,0,1),(33,'булгур',12.3,1.3,57.6,4,0,0,1),(34,'кускус',3.8,0.2,21.8,4,0,0,1),(35,'овсяные хлопья',12.3,6.1,59.5,5,1,0,1),(36,'хлопья 3 злака \"Царь\"',11.7,3,63.5,5,1,0,1),(37,'Хлопья 4 злака',11.5,3.5,63.8,5,1,0,1),(38,'хлопья овсяные',12.3,6.2,61.8,5,1,0,0),(39,'хлопья 5 злаков',12.15,4.8,61.3,5,1,0,1),(40,'хлопья 6 злаков',11.5,3.2,62.87,5,1,0,1),(41,'хлопья 7 злаков',10,2.3,67.4,5,1,0,1),(42,'горох',20.5,2,53.3,6,1,0,1),(43,'горох маш',23.5,2,46,6,1,0,1),(44,'нут',19,6,61,6,1,0,1),(45,'фасоль',20.9,1.8,64,6,1,0,1),(46,'чечевица красная',21.6,1.1,48,6,1,0,1),(47,'чечевица жёлтая',24,1.5,42.7,6,1,0,1),(48,'чечевица зеленая',24,1.5,42.7,6,1,0,1),(49,'сахар  ',0,0,99.7,7,0,0,1),(50,'сахарная пудра',0,0,99.8,7,0,0,1),(51,'сахар тростниковый',0,0,99.4,7,0,0,1),(52,'Сахар ванильный',0,0,98.5,7,0,0,1),(53,'Мёд',0.8,0,81.5,7,1,0,1),(54,'сироп агавы',0,0.5,76,7,0,0,1),(55,'кленовый сироп',0,0.1,67.4,7,0,0,1),(56,'ксилит',0,0,97.9,7,0,0,1),(57,'вермишель',10.4,1.1,69.7,8,1,0,1),(58,'рожки',10.4,1.1,69.7,8,1,0,1),(59,'спагетти',10.4,1.1,69.7,8,1,0,1),(60,'фигурные макароны',10.4,1.1,69.7,8,1,0,1),(61,'пшеничная',12,1,65,9,1,0,0),(62,'гречневая',14.7,0.9,70.5,9,1,0,1),(63,'Рисовая лапша',7,0,79,9,1,0,1),(64,'фунчоза',0.7,0.5,84,8,0,0,1),(65,'перепел',21.8,4.5,0,11,0,0,1),(66,'гусь',15.2,39,0,11,0,0,1),(67,'суповой набор',16.5,12.6,0.4,12,0,0,1),(68,'бедра',21.3,11,0.1,12,0,0,1),(69,'Куриные крылышки',19.2,12.2,0,12,0,0,1),(70,'окорочка',16.8,10.2,0,12,0,0,1),(71,'куриное филе',23.1,1.2,0,12,0,0,1),(72,'цыпленок бройлерный',18.7,16.1,0.5,12,0,0,1),(73,'куриная печень',19.1,6.3,0.6,12,0,0,1),(74,'куриные желудочки',18.2,4.2,0.6,12,0,0,1),(75,'печень',19.5,22,0,13,0,0,1),(76,'бедро',15.7,8.9,0,13,0,0,1),(77,'голень',15.7,8.9,0,13,0,0,1),(78,'грудка',19.2,0.7,0,13,0,0,1),(79,'говядина     ',18.9,12.4,0,10,0,0,1),(80,'баранина   ',15.6,16.3,0,10,0,0,1),(81,'свинина',16,21.6,0,10,0,0,1),(82,'конина',20.2,7,0,10,0,0,1),(83,'Кролик',21,8,0,10,0,0,1),(84,'Плавленный сыр',16.8,11.2,23.8,15,1,0,1),(85,'фетакса',8,25,1,16,1,0,1),(86,'тофу',8.1,4.2,0.6,16,1,0,1),(87,'брынза',14.6,25.5,0,16,1,0,0),(88,'сыр фета',17,16,1,16,1,0,1),(89,'сыр чечил',22.42,17.55,1.2,16,1,0,1),(90,'сыр моцарелла \"Galbani\"',13.3,13.1,20.2,16,1,0,0),(91,'сыр моцарелла \"агропродукт\" 40%',22.3,21.2,0,16,1,0,0),(92,'брынза 45%',12,16.7,3.7,16,1,0,0),(93,'молоко 1,5%',2.8,1.5,4.7,18,1,0,1),(94,'молоко 2,5%',2.8,2.5,4.7,18,1,0,1),(95,'молоко 3,2%',2.8,3.2,4.7,18,1,0,1),(96,'молоко 6%',2.9,6,4.69,18,1,0,1),(97,'молоко \"Шадринское\"',8,7.1,8.4,19,1,0,1),(98,'Йогурт натуральный',2.8,2.4,14.5,20,1,0,1),(99,'ряженка 2,5%',2.9,2.5,4.2,20,1,0,1),(100,'ряженка 4%',2.8,4,4.2,20,1,0,1),(101,'кумыс',2.1,1.9,5,20,1,0,1),(102,'шубат',4.11,5.53,5.45,20,1,0,1),(103,'кефир 1%',2.8,1,4,20,1,0,1),(104,'кефир 2,5%',2.8,2.5,3.9,20,1,0,1),(105,'кефир 3,2%',2.8,3.2,4.1,20,1,0,1),(106,'творог 0%',16.5,0,1.3,21,1,0,1),(107,'творог 0,6%',18,0.6,1.8,21,1,0,1),(108,'творог 2%',18,2,3.3,21,1,0,1),(109,'творог 5%',17.2,5,1.8,21,1,0,1),(110,'творог 9%',16.7,9,2,21,1,0,1),(111,'творог 15%',15.99,12.5,1.28,21,1,0,1),(112,'иримшик',32.1,29.5,23.1,21,1,0,1),(113,'курт',25,16,2.7,21,1,0,1),(114,'сметана 10%',3,10,2.9,22,1,0,1),(115,'сметана 15%',2.6,15,3,22,1,0,1),(116,'сметана 20%',2.8,20,3.2,22,1,0,1),(117,'сливки 10%',3,10,4,23,1,0,1),(118,'сливки 20%',2.8,20,3.7,23,1,0,1),(119,'йогурт детский \"живой\" \"Амиран\" 2,8%',2.8,2.8,4.7,24,1,0,1),(120,'творог \"Амиран\" зернистый детский 9%',16,9,2,24,1,0,1),(121,'паста \"Амиран\" творожная детская 9%',18,9,2,24,1,0,1),(122,'продукт кисломолочный \"Амиран\" детский 3,5%',2.8,3.5,4.7,24,1,0,1),(123,'сыворотка молочная',0.8,0.2,3.2,24,1,0,1),(124,'кефир \"Амиран\" живой 2,5%',2.9,2.5,3.9,24,1,0,1),(125,'кефир \"Амиран\" живой 3,2%',2.8,3.2,3.6,24,1,0,1),(126,'молоко \"Амиран\" живое 2,5%',2.8,2.5,4.7,24,1,0,1),(127,'молоко \"Амиран\" живое 3,2%',2.8,3.2,4.7,24,1,0,1),(128,'простокваша \"Амиран\" кисломолочная 3,5%',2.8,3.5,4.7,24,1,0,1),(129,'сметана \"Амиран\" 20%',2.8,20,3.2,24,1,0,1),(130,'Творог \"Амиран\" живой 9%',16,9,2,24,1,0,1),(131,'Творог \"Амиран\" живой 0%',18,0.6,1.5,24,1,0,1),(132,'масло топленое \"Амиран\"',0,99,0,24,1,0,1),(133,'молоко питьевое детское и для приготовления каш \"Амиран\" 3,2%',2.8,3.2,4.7,24,1,0,1),(134,'Масло сливочное облегченное, 60%',1.3,60,1.7,25,1,0,1),(135,'масло сливочное 72,5%',1,72.5,1.4,25,1,0,1),(136,'масло сливочноее 82,5%',0.5,82.5,0.8,25,1,0,1),(137,'маргарин 80%',0.3,82,1,25,1,0,1),(138,'кокосовое молоко',1.8,14.9,2.7,26,1,0,1),(139,'миндальное молоко',3.6,11.1,5.6,26,1,0,1),(140,'соевое молоко',3.3,1.8,5.7,26,1,0,1),(141,'яйцо куриное',12.71,10.91,0.71,27,1,0,1),(142,'яйцо гусиное',13.9,13.3,1.4,27,1,0,1),(143,'яйцо утиное',13.3,14.5,0.1,27,1,0,1),(144,'яйца перепелиные',11.92,13.08,0.58,27,1,0,1),(145,'арахис',26.3,45.2,9.2,29,1,0,1),(146,'Грецкий орех',15.2,65.2,7,29,1,0,1),(147,'кедровые орешки',15.6,56,28.4,29,1,0,1),(148,'миндаль',18.6,57.7,16.2,29,1,0,1),(149,'кешью',18.5,48.5,22.5,29,1,0,1),(150,'фисташки',20,50,7,29,1,0,1),(151,'фундук',16.1,66.9,9.9,29,1,0,1),(152,'Орех пекан',9.2,72,4.3,29,1,0,1),(153,'финики',2.5,0.5,69.2,30,0,0,1),(154,'алыча сушеная',2.3,0.5,50.2,30,0,0,1),(155,'изюм ',2.9,0.6,66,30,0,0,1),(156,'инжир сушеный',3.1,0.8,57.9,30,0,0,1),(157,'Клюква сушеная',0.1,1.4,76.5,30,0,0,1),(158,'курага',5.2,0.3,51,30,0,0,1),(159,'пастила',0.5,0,80.8,30,0,0,1),(160,'ягоды годжи',11.1,2.6,53.4,30,0,0,1),(161,'чернослив',2.3,0.7,57.5,30,0,0,1),(162,'цукаты',2,1,71,30,0,0,1),(163,'яблоки сушеные',2.2,0.1,59,30,0,0,1),(164,'урюк сушеный',5,0.4,50.6,30,0,0,1),(165,'дыня сушеная',0.7,0.1,82.2,30,0,0,1),(166,'груша сушеная',2.3,0.6,62.6,30,0,0,1),(167,'персики сушеные',3,0.4,57.7,30,0,0,1),(168,'семечки подсолнечные нечищеные',20.7,52.9,3.4,31,0,0,1),(169,'семечки подсолнечные очищенные',20.7,59.9,10.5,31,0,0,1),(170,'семечки тыквенные нечищеные',11.92,20.08,6.5,31,0,0,1),(171,'семечки тыквенные очищенные',24.47,44.83,8.26,31,0,0,1),(172,'Семена льна',18.3,42.2,28.9,31,0,0,1),(173,'Семена чиа',16.5,30.7,42.1,31,0,0,1),(174,'кунжут семена',19.4,48.7,12.2,31,0,0,1),(175,'масло подсолнечное ',0,99.9,0,33,0,0,1),(176,'масло оливковое ',0,99.8,0,33,0,0,1),(177,'масло кукурузное',0,99.9,0,33,0,0,1),(178,'масло льняное ',0,99.8,0,33,0,0,1),(179,'масло ореховое ',0,100,0,33,1,0,1),(180,'масло горчичное',0,99.8,0,33,0,0,1),(181,'масло грецкого ореха',0,99.8,0,33,1,0,1),(182,'масло шиповника',0,99.8,0,33,0,0,1),(183,'масло кокосовое',0,99.9,0,33,0,0,1),(184,'масло облепиховое',0,99.5,0,33,0,0,1),(185,'масло хлопковое',0,99.7,0,33,0,0,1),(186,'масло кунжутное',0,99.9,0,33,1,0,1),(187,'масло соевое',0,99.9,0,33,1,0,1),(188,'масло из семян рыжика',0,99.8,0,33,0,0,1),(189,'масло из виноградных косточек',0,99.8,0,33,0,0,1),(190,'масло чесночное',0,99.8,0,33,0,0,1),(191,'масло абрикосовое нерафинированное',0,99.8,0,33,0,0,1),(192,'масло расторопши',0,99.8,0,33,0,0,1),(193,'масло конопляное нерафинированное',0,99.8,0,33,0,0,1),(194,'масло зародышей пшеницы',0,99.8,0,33,1,0,1),(195,'масло авокадо',0,99.8,0,33,0,0,1),(196,'масло тыквенное нерафинированное',0,99.8,0,33,0,0,1),(197,'масло острого перца чили',0,99.8,0,33,0,0,1),(198,'масло черного тмина',0,99.8,0,33,0,0,1),(199,'масло амарантовое',0,99.8,0,33,1,0,1),(200,'кетчуп',1.8,1,22.2,34,0,0,1),(201,'томатная паста',2.5,0.3,16.7,34,0,0,1),(202,'томатный соус',1.7,7.8,4.5,34,0,0,1),(203,'соевый соус',2.6,0,43,35,1,0,1),(204,'Бальзамический уксус',0.1,0,37.8,37,0,0,1),(205,'кисло-сладкий соус',0.3,0.8,39.7,35,0,0,1),(206,'острый соус томатный',2.5,0,21.8,35,0,0,1),(207,'классический майонез ',2.4,67,3.9,35,0,0,0),(208,'хрен',3.2,0.4,10.5,36,0,0,1),(209,'васаби',0,9,40,36,0,0,1),(210,'горчица',5.7,6.4,22,36,0,0,1),(211,'уксус столовый',0,0,2.3,37,0,0,1),(212,'майонез 67%',2.4,67,3.9,38,1,0,1),(213,'соус песто',5,45,6,39,0,0,1),(214,'батон нарезной',7.5,2.9,50.9,41,1,0,1),(215,'Хлеб белый',8.1,1,48.8,41,1,0,1),(216,'Хлеб бородинский',6.9,1.3,40.9,42,1,0,1),(217,'чиабатта классическая',7.7,3.8,47.8,41,1,0,1),(218,'Хлеб ржаной цельнозерновой',13,3,40,41,1,0,1),(219,'лаваш',7.9,1,47.6,41,1,0,1),(220,'шелпек',6,11,36,41,1,0,1),(221,'баурсаки',6.8,2.6,45.8,41,1,0,1),(222,'багет',7.5,2.9,51.4,41,1,0,1),(223,'хлебцы',11,2.7,58,40,1,0,1),(224,'сушки',11.3,4.4,70.5,43,1,0,1),(225,'баранки',16,1,70,43,1,0,1),(226,'булочки, сдобные и слоеные изделия',8.4,2.2,52.8,40,1,0,1),(227,'вешенки',2.5,0.3,6.5,45,0,0,1),(228,'шампиньоны',4.3,1,0.1,45,0,0,1),(229,'укроп',2.5,0.5,6.3,46,0,0,1),(230,'петрушка',3.7,0.4,7.6,46,0,0,1),(231,'лук зеленый',1.3,0,4.6,46,0,0,0),(232,'кинза',2.1,0.5,1.9,46,0,0,1),(233,'Базилик свежий',2.5,0.6,4.3,46,0,0,1),(234,'джусай',1.4,0.2,8.2,46,0,0,1),(235,'мята',3.7,0.4,8,46,0,0,1),(236,'розмарин свежий',3.3,5.9,20.7,46,0,0,1),(237,'руккола',2.6,0.7,2.1,46,0,0,1),(238,'Салат айсберг',0.9,0.1,1.8,46,0,0,1),(239,'салат Радичио',1.5,0.2,3.3,46,0,0,1),(240,'салат ромэн',1.8,1.1,2.7,46,0,0,1),(241,'салат листовой',1.2,0.3,1.3,46,0,0,1),(242,'салат Лолло Росса',1.5,0.2,2,46,0,0,1),(243,'Сельдерей зелень',0.9,0.1,2.1,46,0,0,1),(244,'Тимьян свежий',5.6,1.7,10.5,46,0,0,1),(245,'фенхель',1.2,0.2,7.3,46,0,0,1),(246,'чесночные стрелки',1.3,0.1,3.4,46,0,0,1),(247,'щавель',1.5,0.3,2.9,46,0,0,1),(248,'шпинат',2.9,0.3,2,46,0,0,1),(249,'виноград',0.6,0.2,16.8,47,0,0,1),(250,'апельсин',0.9,0.2,8.1,48,0,0,1),(251,'грейпфрут',0.7,0.2,6.5,48,0,0,1),(252,'лайм',0.9,0.1,3,48,0,0,1),(253,'лимон',0.9,0.1,3,48,1,0,1),(254,'мандарин',0.8,0.2,7.51,48,0,0,1),(255,'памело',0.6,0.2,6.7,48,0,0,1),(256,'авокадо',2,20,6,49,0,0,1),(257,'ананас',0.4,0.2,10.6,49,0,0,1),(258,'киви',0.5,0.3,5.15,49,0,0,1),(259,'кокос',1.7,16.75,3.1,49,0,0,1),(260,'папайя',0.6,0.1,9.5,49,0,0,1),(261,'манго',0.5,0.3,11.5,49,0,0,1),(262,'банан',1.5,0.2,21.8,49,0,0,1),(263,'яблоко',0.4,0.4,9.8,47,0,0,1),(264,'груши',0.4,0.3,10.9,47,0,0,1),(265,'Абрикос',0.88,0.12,9,47,0,0,1),(266,'персик',0.91,0.11,11.31,47,0,0,1),(267,'слива',0.8,0.3,9.6,47,0,0,1),(268,'гранат',0.9,0,13.9,47,0,0,1),(269,'дыня',0.6,0.3,7.4,47,0,0,1),(270,'хурма',0.5,0.3,15.3,47,0,0,1),(271,'арбуз',0.6,0.1,5.8,47,0,0,1),(272,'черешня',1.1,0.4,11.5,50,0,0,1),(273,'асаи',0.4,0,12.6,50,0,0,1),(274,'инжир',0.7,0.2,13.7,50,0,0,1),(275,'вишня',0.8,0.5,11.3,50,0,0,1),(276,'Клубника',0.8,0.4,7.5,50,0,0,1),(277,'малина   ',0.8,0.5,8.3,50,0,0,1),(278,'ежевика    ',2,0,6.4,50,0,0,1),(279,'ежемалина',1.5,0.3,7.7,50,0,0,1),(280,'голубика',1,0,8.2,50,0,0,1),(281,'смородина',0.6,0.2,7.7,50,0,0,1),(282,'жимолость',0,0,7.8,50,0,0,1),(283,'черника',1.1,0.4,7.6,50,0,0,1),(284,'шиповник',1.6,0,14,50,0,0,1),(285,'крыжовник',0.7,0.2,12,50,0,0,1),(286,'капуста белокочанная',1.8,0.1,4.7,53,0,0,1),(287,'капуста брокколи',3,0.4,5.2,53,0,0,1),(288,'капуста пекинская',1.2,0.2,2,53,0,0,1),(289,'капуста краснокочанная',0.8,0,7.6,53,0,0,1),(290,'капуста цветная',2.5,0.3,5.4,53,0,0,1),(291,'картофель',2,0.4,16.1,53,0,0,1),(292,'морковь',1.31,0.11,6.94,53,0,0,1),(293,'репа',1.5,0.1,6.2,53,0,0,1),(294,'редис',1.2,0.1,3.4,53,0,0,1),(295,'редька',1.9,0.2,6.7,53,0,0,1),(296,'редис дайкон',1.2,0,4.1,53,0,0,1),(297,'корень имбиря',1.8,0.8,15.8,53,0,0,1),(298,'топинамбур',2.1,0.1,12.8,53,0,0,1),(299,'корень сельдерея',1.3,0.3,6.5,53,0,0,1),(300,'свекла',1.5,0.1,8.8,53,0,0,1),(301,'лук репчатый',1.4,0,10.4,53,0,0,1),(302,'лук красный',1.4,0,9.1,53,0,0,1),(303,'лук-порей',2,0,8.2,46,0,0,1),(304,'чеснок ',6.5,0.5,30,53,0,0,1),(305,'перец болгарский',1.3,0,5.3,53,0,0,1),(306,'перец чили ',2,0.2,9.5,53,0,0,1),(307,'помидоры обычные',1.11,0.2,3.71,53,0,0,1),(308,'огурцы',0.8,0.1,2.8,53,0,0,1),(309,'помидоры черри',0.8,0.1,2.8,53,0,0,1),(310,'баклажаны ',1.2,0.1,4.5,53,0,0,1),(311,'кабачки',0.6,0.3,4.6,53,0,0,1),(312,'тыква',1.3,0.3,7.7,53,0,0,1),(313,'сельдерей (стебель)',0.9,0.1,2.1,53,0,0,1),(314,'спаржа (стебель)',1.9,0.1,3.1,53,0,0,1),(315,'Фасоль стручковая',2,0.2,3.6,53,1,0,1),(316,'патиссон   ',0.6,0.1,4.3,53,0,0,1),(317,'соя проросшая',34.9,17.3,17.3,53,1,0,1),(318,'Огурцы маринованные',2.8,0,1.3,54,0,0,1),(319,'капуста квашеная',1.8,0.1,4.4,54,0,0,1),(320,'хлорелла',66.6,0.5,16.7,56,0,0,1),(321,'спирулина',4.2,2.5,9.9,56,0,0,1),(322,'отруби пшеничные',14.7,4.1,20.6,58,1,0,1),(323,'клетчатка',0.5,0.5,4,58,0,0,1),(324,'сазан филе',18.4,5.3,0,60,1,0,1),(325,'Филе судака',19.2,0.7,0,60,1,0,1),(326,'анчоус',20.1,6.1,0,60,1,0,1),(327,'Сёмга',21.6,6,0,60,1,0,1),(328,'минтай',15.9,0.9,0,60,1,0,1),(329,'дорадо',18,3,0,60,1,0,1),(330,'сибас',18,3,0,60,1,0,1),(331,'форель',19.2,2.1,0,60,1,0,1),(332,'скумбрия',18,13.2,0,60,1,0,1),(333,'лосось',19.8,6.3,0,60,1,0,1),(334,'мойва',13.4,11.5,0,60,1,0,1),(335,'треска',17.7,0.7,0,60,1,0,1),(336,'палтус',18.9,3,0,60,1,0,1),(337,'Окунь речной',18.5,0.9,0,60,1,0,1),(338,'филе тилапии',20.1,1.7,0,60,1,0,1),(339,'филе пангасиуса',15,3,0,60,1,0,1),(340,'пикша',17.2,0.2,0,60,1,0,1),(341,'камбала',16.5,1.8,0,60,1,0,1),(342,'горбуша ',20.5,6.5,0,60,1,0,1),(343,'килька',17.1,7.6,0,60,1,0,1),(344,'скумбрия ',18,13.2,0,60,1,0,0),(345,'сельдь',16.3,10.7,0,60,1,0,1),(346,'креветки чищенные',22,1,0,61,1,0,1),(347,'кальмар    ',19,2.5,1.8,61,0,0,1),(348,'крабовые палочки',6,1,10,61,1,0,1),(349,'казы сырые',13.5,37.4,0.2,63,0,0,1),(350,'сосиски молочные',11,23.9,1.6,63,0,0,1),(351,'манты   ',2.2,0,11.2,64,0,0,1),(352,'кукуруза консервированная',3.6,0.1,9.8,65,0,0,1),(353,'Горошек зеленый консервированный',6.7,0.3,17.4,54,0,0,1),(354,'морская капуста',0.8,5.1,0,70,0,0,1),(355,'соль',0,0,0,70,0,0,1),(356,'Вода',0,0,0,27,0,0,1),(357,'Мюсли медовые с тропическими фруктами',17,13,58,5,1,0,1),(358,'отруби овсяные',18,7.7,45.3,5,1,0,1),(359,'Творог мягкий обезжиренный',7,0,1,21,0,0,1),(360,'Цедра лимона',0.1,0,3,48,1,0,1),(361,'Корица',0,0,0,2,0,0,1),(362,'Пшенная крупа',11.5,3.3,69.3,4,1,0,1),(363,'Французская горчица',7.16,8.75,9.18,27,0,0,1),(364,'Паприка',0,0,0,27,0,0,1),(365,'Эстрагон',1.5,0,5,46,0,0,1),(366,'Оливки',2.2,10.5,5.1,54,0,0,1),(367,'Перец молотый',0,0,0,27,0,0,1),(368,'Перец чёрный горошек',0,0,0,27,0,0,1),(369,'Лавровый лист',0,0,0,27,0,0,1),(370,'Лимонный сок',0.9,0.1,3,48,1,0,1),(371,'Зефир',0.8,0,78.5,27,1,0,1),(372,'Яичный белок',11.09,0,0,27,1,0,1),(373,'Яичный желток',16.2,1,31.2,27,1,0,1),(374,'Разрыхлитель',0.1,0,19.6,3,0,0,1),(375,'Куриная грудка',23.6,1.9,0.4,11,0,0,1),(376,'Сыр твердый 50%',23.8,27.3,0.2,27,1,0,1),(377,'Ячменная крупа',10,1.3,71.7,5,1,0,1),(378,'Вареная кукуруза',4.1,2.3,22.5,53,0,0,1),(379,'Лапша яичная',10.4,2,59.2,9,1,0,1),(380,'Уксус винный',0,0,5.9,36,0,0,1),(381,'Зира',0,0,0,27,0,0,1),(382,'Кумин',0,0,0,27,0,0,1),(383,'Чабер (кондари)',0,0,0,27,0,0,1),(384,'Баранье сердце',13.5,2.5,0,27,0,0,1),(385,'Баранье лёгкое',15.6,2.3,0,27,0,0,1),(386,'Баранья печень',18.7,2.9,0,27,0,0,1),(387,'Говяжьи ребра',11,35,0,27,0,0,1),(388,'Бараньи ребра',17,15,0,27,0,0,1),(389,'Лапша для лагмана',6.66,4.52,47.1,9,1,0,1),(390,'Тмин',0,0,0,27,0,0,1),(391,'Бадьян',0,0,0,27,0,0,1),(392,'Шафран',0,0,0,27,0,0,1),(393,'Листы для лазаньи',12,1.5,72.2,9,1,0,1),(394,'Сыр Пармезан',33,28,0,27,1,0,1),(395,'Мускатный орех',0,0,0,27,1,0,1),(396,'Фарш говяжий (нежирный)',17.6,7.86,0.91,10,0,0,1),(397,'Смесь морепродуктов',15.5,1,0.1,61,1,0,1),(398,'Бульон мясной (говяжий)',0.6,0.2,0,27,0,0,1),(399,'Кориандр',0,0,0,27,0,0,1),(400,'Куркума',0,0,0,27,0,0,1),(401,'Дрожжи свежие',12.6,2.13,4.18,2,0,0,1),(402,'Дрожжевое тесто',6.4,11,50.1,3,1,0,1),(403,'Барбарис',0,0,0,27,0,0,1),(404,'Сыр Моцарелла',18,24,0,27,1,0,1),(405,'Белые грибы',3.7,1.7,1.1,45,1,0,1),(406,'Базилик (приправа)',0,0,0,27,0,0,1),(407,'Сыр Брынза (из овечьего молока)',14.6,25.5,0,16,1,0,1),(408,'Гвоздика (молотая)',0,0,0,27,0,0,1),(409,'Гвоздика',0,0,0,27,0,0,1),(410,'Ананасы консервированные',0.3,0.3,15.4,49,0,0,1),(411,'Тунец',23,0,0,60,1,0,1),(412,'Тунец в собственном соку',21,1.2,0,60,1,0,1),(413,'Кофе',0.2,0,0.3,27,0,0,1),(414,'Говядина на кости',17.45,22.7,3.25,10,0,0,1),(415,'Шампиньоны сушеные',26.8,4.5,30,44,0,0,1),(416,'Айран',2.05,1.31,2.48,20,1,0,1),(417,'Овес',10.47,5.66,45.58,5,1,0,1),(418,'Овощная смесь',3.4,0.9,16.4,55,1,0,1),(419,'Квас хлебный',0.2,0,5.2,27,1,0,1),(420,'Ёрш',17.5,2,0,60,1,0,1),(421,'Угорь копченый',17.9,28.6,0,60,1,0,1),(422,'Цуккини',1.5,0.2,3,53,0,0,1),(423,'Ветчина говяжья',14.7,10.3,1.9,63,0,0,1),(424,'Говядина варено-копченая',15.2,5.8,0.2,63,0,0,1),(425,'Колбаса говяжья копченая',20,30,0,63,0,0,1),(426,'Сыр сулугуни',20,24,0,15,1,0,1),(427,'Майоран свежий',12.7,7,60.6,46,0,0,1),(428,'Крахмал кукурузный',1,0.6,85.2,2,0,0,1),(429,'Гранола',4.9,10.2,44.1,5,1,0,1),(430,'Кокосовая стружка',13,65,14,2,0,0,1),(431,'Какао',24.2,17.5,31.9,27,0,0,1),(432,'Мука пшеничная цельнозерновая',11.5,2.2,55.8,3,1,0,1),(433,'Паста арахисовая',24,44.1,13.9,72,1,0,1),(434,'Навага',16.1,1,0,60,1,0,1),(435,'Хек',16.6,2.2,0,60,1,0,1),(436,'Сайда',19.4,0.9,0,60,1,0,1),(437,'Путассу',16.1,0.9,0,60,0,0,1),(438,'Щука',18.4,0.8,0,60,1,0,1),(439,'Вобла свежая',18,2.8,0,60,1,0,1),(440,'Кефаль',21,0.4,0,60,1,0,1),(441,'Кета',22,5.6,0,60,1,0,1),(442,'Лещ морской',21.3,6.4,0,60,1,0,1),(443,'Салакка',0,0,12,49,0,0,1),(444,'Салака',17,6.3,0,60,1,0,1),(445,'Окунь морской',15.3,1.5,0,60,1,0,1),(446,'Ставрида',19,5,0,60,1,0,1),(447,'Зубатка',19.6,5.3,0,60,1,0,1),(448,'Карп',16,5.3,0,60,1,0,1),(449,'Карась',17.7,1.8,0,60,1,0,1),(450,'Сом',16.8,8.5,0,60,1,0,1),(451,'Клыкач',14.4,16.1,0,60,1,0,1),(452,'Угорь',14.5,30.5,0,60,1,0,1),(453,'Севрюга',17,11.8,0,60,1,0,1),(454,'Осётр',16.4,10.9,0,60,1,0,1),(455,'Сайра',18.6,12,0,60,1,0,1),(456,'Телятина (мякоть)',20.5,2.4,0,10,0,0,1),(457,'Оленина',19.5,8.5,0,10,0,0,1);
/*!40000 ALTER TABLE `ingredients` ENABLE KEYS */;
UNLOCK TABLES;

--
-- Table structure for table `ingredients_alternatives`
--

DROP TABLE IF EXISTS `ingredients_alternatives`;
/*!40101 SET @saved_cs_client     = @@character_set_client */;
/*!40101 SET character_set_client = utf8 */;
CREATE TABLE `ingredients_alternatives` (
  `id` bigint(20) NOT NULL AUTO_INCREMENT,
  `ingredient_id` bigint(20) DEFAULT NULL,
  `alternative_ingredient_id` bigint(20) DEFAULT NULL,
  `alternative_category_id` bigint(20) DEFAULT NULL,
  `alternative_relation_id` bigint(20) DEFAULT NULL,
  PRIMARY KEY (`id`),
  UNIQUE KEY `ingredients_alternatives_id_uindex` (`id`),
  UNIQUE KEY `ingredient_id_alternative_i_id_cateory_id_uindex` (`ingredient_id`,`alternative_ingredient_id`,`alternative_category_id`),
  KEY `ingredients_alternatives_ingredients_id_fk_2` (`alternative_ingredient_id`),
  KEY `ingredients_alternatives_alternatives_categories_id_fk` (`alternative_category_id`),
  KEY `ingredients_alternatives_alternatives_relations_id_fk` (`alternative_relation_id`),
  CONSTRAINT `ingredients_alternatives_alternatives_categories_id_fk` FOREIGN KEY (`alternative_category_id`) REFERENCES `alternatives_categories` (`id`),
  CONSTRAINT `ingredients_alternatives_alternatives_relations_id_fk` FOREIGN KEY (`alternative_relation_id`) REFERENCES `alternatives_relations` (`id`),
  CONSTRAINT `ingredients_alternatives_ingredients_id_fk` FOREIGN KEY (`ingredient_id`) REFERENCES `ingredients` (`id`),
  CONSTRAINT `ingredients_alternatives_ingredients_id_fk_2` FOREIGN KEY (`alternative_ingredient_id`) REFERENCES `ingredients` (`id`)
) ENGINE=InnoDB DEFAULT CHARSET=utf8;
/*!40101 SET character_set_client = @saved_cs_client */;

--
-- Dumping data for table `ingredients_alternatives`
--

LOCK TABLES `ingredients_alternatives` WRITE;
/*!40000 ALTER TABLE `ingredients_alternatives` DISABLE KEYS */;
/*!40000 ALTER TABLE `ingredients_alternatives` ENABLE KEYS */;
UNLOCK TABLES;

--
-- Table structure for table `ingredients_categories`
--

DROP TABLE IF EXISTS `ingredients_categories`;
/*!40101 SET @saved_cs_client     = @@character_set_client */;
/*!40101 SET character_set_client = utf8 */;
CREATE TABLE `ingredients_categories` (
  `id` bigint(20) NOT NULL AUTO_INCREMENT,
  `name` varchar(255) NOT NULL,
  `parent_category_id` bigint(20) DEFAULT NULL,
  `is_allergic` tinyint(1) NOT NULL DEFAULT '0',
  `active` tinyint(1) DEFAULT '1',
  PRIMARY KEY (`id`),
  UNIQUE KEY `ingredients_category_id_uindex` (`id`),
  KEY `ingredients_categories_ingredients_categories_id_fk` (`parent_category_id`),
  CONSTRAINT `ingredients_categories_ingredients_categories_id_fk` FOREIGN KEY (`parent_category_id`) REFERENCES `ingredients_categories` (`id`)
) ENGINE=InnoDB AUTO_INCREMENT=74 DEFAULT CHARSET=utf8;
/*!40101 SET character_set_client = @saved_cs_client */;

--
-- Dumping data for table `ingredients_categories`
--

LOCK TABLES `ingredients_categories` WRITE;
/*!40000 ALTER TABLE `ingredients_categories` DISABLE KEYS */;
INSERT INTO `ingredients_categories` VALUES (1,'ROOT',NULL,0,1),(2,'Ингредиенты для выпечки',71,0,1),(3,'Мука и смеси для выпечки',71,0,1),(4,'Крупы, бобы',71,0,1),(5,'Овсяные и злаковые хлопья, мюсли',4,0,1),(6,'Бобовые',4,0,1),(7,'Сахар и другие подсластители',71,0,1),(8,'Макароны высшего сорта',71,0,1),(9,'Лапша',8,0,1),(10,'Мясо',1,0,1),(11,'Птица',10,0,1),(12,'Курица',10,0,1),(13,'Индейка',12,0,1),(14,'Молочные продукты',1,0,1),(15,'Сырная лавка',14,0,1),(16,'Рассольный сыр',15,0,1),(17,'Натуральные закваски',14,0,1),(18,'Молоко',14,0,1),(19,'Молоко сгущенное и концентрированное',18,0,1),(20,'Кисломолочные продукты',14,0,1),(21,'Творог и творожные изделия',14,0,1),(22,'Сметана',14,0,1),(23,'Сливки',14,0,1),(24,'Молочная продукция \"Амиран\"',14,0,1),(25,'Сливочное масло, маргарин',14,0,1),(26,'Растительное молоко',14,0,1),(27,'Яйца',1,0,1),(28,'Орехи, сухофрукты, семена',1,0,1),(29,'Орехи весовые',28,0,1),(30,'Сухофрукты',28,0,1),(31,'Семена',28,0,1),(32,'Масла, соусы, заправки',1,0,1),(33,'Растительное масло',32,0,1),(34,'Кетчуп, томатная паста',32,0,1),(35,'Соусы',32,0,1),(36,'Хрен, горчица, уксус, маринад',32,0,1),(37,'Уксус',32,0,1),(38,'Майонез',32,0,1),(39,'Прочие соусы',32,0,1),(40,'Хлеб, сдоба, хлебцы',1,0,1),(41,'Хлеб',40,0,1),(42,'Цельнозерновой хлеб',40,0,1),(43,'Сушки и баранки',40,0,1),(44,'Грибы',1,0,1),(45,'Грибы свежие',44,0,1),(46,'Зелень',1,0,1),(47,'Фрукты, ягоды',1,0,1),(48,'Цитрусовые',47,0,1),(49,'Экзотические',47,0,1),(50,'Ягоды свежие',47,0,1),(51,'Фрукты и ягоды замороженные',47,0,1),(52,'Овощи',1,0,1),(53,'Овощи свежие',52,0,1),(54,'Овощи маринованные',52,0,1),(55,'Овощи замороженные',52,0,1),(56,'БАДы',1,0,1),(57,'Диетическое питание',1,0,1),(58,'Отруби и семена',57,0,1),(59,'Рыба, морепродукты и икра',1,0,1),(60,'Рыба',59,0,1),(61,'Морепродукты',59,0,1),(62,'Полуфабрикаты',1,0,1),(63,'Мясные полуфабрикаты',62,0,1),(64,'Пельмени, вареники, манты',62,0,1),(65,'Консервы',1,0,1),(66,'Грибные консервы',65,0,1),(67,'Оливки и маслины',65,0,1),(68,'Овощные консервы',65,0,1),(69,'Чипсы, снэки, сухарики',1,0,1),(70,'Азиатская кухня',1,0,1),(71,'Бакалея',1,0,1),(72,'Кондитерские изделия и сладости',1,0,1),(73,'Приправы',1,0,1);
/*!40000 ALTER TABLE `ingredients_categories` ENABLE KEYS */;
UNLOCK TABLES;

--
-- Table structure for table `ingredients_changable_props`
--

DROP TABLE IF EXISTS `ingredients_changable_props`;
/*!40101 SET @saved_cs_client     = @@character_set_client */;
/*!40101 SET character_set_client = utf8 */;
CREATE TABLE `ingredients_changable_props` (
  `id` bigint(20) NOT NULL AUTO_INCREMENT,
  `code` varchar(255) NOT NULL,
  `name` varchar(255) NOT NULL,
  PRIMARY KEY (`id`),
  UNIQUE KEY `ingredients_changable_props_id_uindex` (`id`)
) ENGINE=InnoDB AUTO_INCREMENT=6 DEFAULT CHARSET=utf8;
/*!40101 SET character_set_client = @saved_cs_client */;

--
-- Dumping data for table `ingredients_changable_props`
--

LOCK TABLES `ingredients_changable_props` WRITE;
/*!40000 ALTER TABLE `ingredients_changable_props` DISABLE KEYS */;
INSERT INTO `ingredients_changable_props` VALUES (1,'PROTEIN','Protein'),(2,'CARBOHYDRATE','Carbohydrate'),(3,'FAT','Fat'),(4,'WEIGHT','Weight'),(5,'VOLUME','Volume');
/*!40000 ALTER TABLE `ingredients_changable_props` ENABLE KEYS */;
UNLOCK TABLES;

--
-- Table structure for table `ingredients_cooking_types`
--

DROP TABLE IF EXISTS `ingredients_cooking_types`;
/*!40101 SET @saved_cs_client     = @@character_set_client */;
/*!40101 SET character_set_client = utf8 */;
CREATE TABLE `ingredients_cooking_types` (
  `id` bigint(20) NOT NULL AUTO_INCREMENT,
  `ingredient_id` bigint(20) NOT NULL,
  `cooking_type_id` bigint(20) NOT NULL,
  `difference_coefficient` double NOT NULL,
  `ingredients_changable_prop_id` bigint(20) NOT NULL,
  PRIMARY KEY (`id`),
  UNIQUE KEY `ingredients_cooking_types_id_uindex` (`id`),
  UNIQUE KEY `ingr_id_cooking_type_id_prop_id_uindex` (`ingredient_id`,`cooking_type_id`,`ingredients_changable_prop_id`),
  KEY `ingredients_cooking_types_cooking_types_id_fk` (`cooking_type_id`),
  KEY `ingredients_cooking_types_ingredients_changable_props_id_fk` (`ingredients_changable_prop_id`),
  CONSTRAINT `ingredients_cooking_types_cooking_types_id_fk` FOREIGN KEY (`cooking_type_id`) REFERENCES `cooking_types` (`id`),
  CONSTRAINT `ingredients_cooking_types_ingredients_changable_props_id_fk` FOREIGN KEY (`ingredients_changable_prop_id`) REFERENCES `ingredients_changable_props` (`id`),
  CONSTRAINT `ingredients_cooking_types_ingredients_id_fk` FOREIGN KEY (`ingredient_id`) REFERENCES `ingredients` (`id`)
) ENGINE=InnoDB AUTO_INCREMENT=19 DEFAULT CHARSET=utf8;
/*!40101 SET character_set_client = @saved_cs_client */;

--
-- Dumping data for table `ingredients_cooking_types`
--

LOCK TABLES `ingredients_cooking_types` WRITE;
/*!40000 ALTER TABLE `ingredients_cooking_types` DISABLE KEYS */;
INSERT INTO `ingredients_cooking_types` VALUES (18,28,1,1.3,5);
/*!40000 ALTER TABLE `ingredients_cooking_types` ENABLE KEYS */;
UNLOCK TABLES;

--
-- Table structure for table `ingredients_ingredients_props`
--

DROP TABLE IF EXISTS `ingredients_ingredients_props`;
/*!40101 SET @saved_cs_client     = @@character_set_client */;
/*!40101 SET character_set_client = utf8 */;
CREATE TABLE `ingredients_ingredients_props` (
  `id` bigint(20) NOT NULL AUTO_INCREMENT,
  `ingredient_id` bigint(20) NOT NULL,
  `ingredient_props_category_id` bigint(20) NOT NULL,
  `value` varchar(255) NOT NULL,
  PRIMARY KEY (`id`),
  UNIQUE KEY `ingredients_ingredients_props_id_uindex` (`id`),
  KEY `ingredients_ingredients_props_ingredients_props_categories_id_fk` (`ingredient_props_category_id`),
  KEY `ingredients_ingredients_props_ingredients_id_fk` (`ingredient_id`),
  CONSTRAINT `ingredients_ingredients_props_ingredients_id_fk` FOREIGN KEY (`ingredient_id`) REFERENCES `ingredients` (`id`),
  CONSTRAINT `ingredients_ingredients_props_ingredients_props_categories_id_fk` FOREIGN KEY (`ingredient_props_category_id`) REFERENCES `ingredients_props_categories` (`id`)
) ENGINE=InnoDB DEFAULT CHARSET=utf8;
/*!40101 SET character_set_client = @saved_cs_client */;

--
-- Dumping data for table `ingredients_ingredients_props`
--

LOCK TABLES `ingredients_ingredients_props` WRITE;
/*!40000 ALTER TABLE `ingredients_ingredients_props` DISABLE KEYS */;
/*!40000 ALTER TABLE `ingredients_ingredients_props` ENABLE KEYS */;
UNLOCK TABLES;

--
-- Table structure for table `ingredients_props`
--

DROP TABLE IF EXISTS `ingredients_props`;
/*!40101 SET @saved_cs_client     = @@character_set_client */;
/*!40101 SET character_set_client = utf8 */;
CREATE TABLE `ingredients_props` (
  `id` bigint(20) NOT NULL AUTO_INCREMENT,
  `name` varchar(255) NOT NULL,
  `active` tinyint(1) DEFAULT '1',
  PRIMARY KEY (`id`),
  UNIQUE KEY `ingredients_properties_id_uindex` (`id`)
) ENGINE=InnoDB AUTO_INCREMENT=3 DEFAULT CHARSET=utf8;
/*!40101 SET character_set_client = @saved_cs_client */;

--
-- Dumping data for table `ingredients_props`
--

LOCK TABLES `ingredients_props` WRITE;
/*!40000 ALTER TABLE `ingredients_props` DISABLE KEYS */;
INSERT INTO `ingredients_props` VALUES (1,'Жирность',1),(2,'Сезонность',1);
/*!40000 ALTER TABLE `ingredients_props` ENABLE KEYS */;
UNLOCK TABLES;

--
-- Table structure for table `ingredients_props_categories`
--

DROP TABLE IF EXISTS `ingredients_props_categories`;
/*!40101 SET @saved_cs_client     = @@character_set_client */;
/*!40101 SET character_set_client = utf8 */;
CREATE TABLE `ingredients_props_categories` (
  `id` bigint(20) NOT NULL AUTO_INCREMENT,
  `ingredient_prop_id` bigint(20) NOT NULL,
  `ingredient_category_id` bigint(20) NOT NULL,
  `unit_data_type_id` bigint(20) NOT NULL,
  PRIMARY KEY (`id`),
  UNIQUE KEY `ingredients_props_categories_map_id_uindex` (`id`),
  UNIQUE KEY `props_id_category_id_uindex` (`ingredient_prop_id`,`ingredient_category_id`),
  KEY `ingredients_props_categories_map_ingredients_categories_id_fk` (`ingredient_category_id`),
  KEY `ingredients_props_categories_map_unit_data_types_id_fk` (`unit_data_type_id`),
  CONSTRAINT `ingredients_props_categories_map_ingredients_categories_id_fk` FOREIGN KEY (`ingredient_category_id`) REFERENCES `ingredients_categories` (`id`),
  CONSTRAINT `ingredients_props_categories_map_ingredients_props_id_fk` FOREIGN KEY (`ingredient_prop_id`) REFERENCES `ingredients_props` (`id`),
  CONSTRAINT `ingredients_props_categories_map_unit_data_types_id_fk` FOREIGN KEY (`unit_data_type_id`) REFERENCES `unit_data_types` (`id`)
) ENGINE=InnoDB DEFAULT CHARSET=utf8;
/*!40101 SET character_set_client = @saved_cs_client */;

--
-- Dumping data for table `ingredients_props_categories`
--

LOCK TABLES `ingredients_props_categories` WRITE;
/*!40000 ALTER TABLE `ingredients_props_categories` DISABLE KEYS */;
/*!40000 ALTER TABLE `ingredients_props_categories` ENABLE KEYS */;
UNLOCK TABLES;

--
-- Table structure for table `ingredients_unit_types`
--

DROP TABLE IF EXISTS `ingredients_unit_types`;
/*!40101 SET @saved_cs_client     = @@character_set_client */;
/*!40101 SET character_set_client = utf8 */;
CREATE TABLE `ingredients_unit_types` (
  `id` bigint(20) NOT NULL AUTO_INCREMENT,
  `ingredient_id` bigint(20) NOT NULL,
  `unit_type_id` bigint(20) NOT NULL,
  `weight` float NOT NULL,
  PRIMARY KEY (`id`),
  UNIQUE KEY `ingredients_unit_types_id_uindex` (`id`),
  UNIQUE KEY `ingredients_unit_types_u` (`ingredient_id`,`unit_type_id`),
  KEY `ingredients_unit_types_unit_types_id_fk` (`unit_type_id`),
  CONSTRAINT `ingredients_unit_types_ingredients_id_fk` FOREIGN KEY (`ingredient_id`) REFERENCES `ingredients` (`id`),
  CONSTRAINT `ingredients_unit_types_unit_types_id_fk` FOREIGN KEY (`unit_type_id`) REFERENCES `unit_types` (`id`)
) ENGINE=InnoDB AUTO_INCREMENT=1346 DEFAULT CHARSET=utf8;
/*!40101 SET character_set_client = @saved_cs_client */;

--
-- Dumping data for table `ingredients_unit_types`
--

LOCK TABLES `ingredients_unit_types` WRITE;
/*!40000 ALTER TABLE `ingredients_unit_types` DISABLE KEYS */;
INSERT INTO `ingredients_unit_types` VALUES (55,2,2,5),(56,3,2,7),(57,4,2,5),(58,5,2,5),(60,9,2,7),(62,11,2,7),(63,12,2,7),(64,13,2,7),(65,14,2,7),(66,15,2,10),(67,16,2,7),(68,17,2,7),(69,18,2,7),(70,19,2,7),(72,21,2,10),(73,22,2,10),(74,23,2,8),(75,24,2,7),(76,25,2,10),(77,26,2,7),(78,28,2,7),(79,29,2,7),(80,30,2,7),(81,31,2,8),(82,32,2,7),(83,33,2,7),(84,34,2,7),(85,42,2,7),(86,43,2,7),(87,44,2,7),(88,45,2,7),(89,46,2,7),(90,47,2,7),(91,48,2,7),(93,50,2,7),(94,51,2,10),(96,53,2,8),(97,54,2,7),(98,55,2,7),(99,56,2,7),(100,57,2,7),(101,58,2,7),(102,59,2,7),(103,60,2,7),(104,61,2,7),(105,62,2,7),(107,64,2,7),(110,101,2,7),(111,114,2,7),(112,115,2,7),(113,116,2,7),(115,169,2,10),(116,212,2,7),(119,2,1,15),(120,3,1,20),(121,4,1,15),(122,5,1,15),(124,9,1,20),(126,11,1,20),(127,12,1,20),(128,13,1,20),(129,14,1,20),(130,15,1,30),(131,16,1,20),(132,17,1,20),(133,18,1,20),(134,19,1,20),(136,21,1,30),(137,22,1,30),(138,23,1,25),(139,24,1,20),(140,25,1,30),(141,26,1,20),(142,28,1,20),(143,29,1,20),(144,30,1,20),(145,31,1,25),(146,32,1,20),(147,33,1,20),(148,34,1,20),(149,42,1,20),(150,43,1,20),(151,44,1,20),(152,45,1,20),(153,46,1,20),(154,47,1,20),(155,48,1,20),(157,50,1,20),(158,51,1,30),(160,53,1,25),(161,54,1,20),(162,55,1,20),(163,56,1,20),(164,57,1,20),(165,58,1,20),(166,59,1,20),(167,60,1,20),(168,61,1,20),(169,62,1,20),(171,64,1,20),(174,101,1,20),(175,114,1,20),(176,115,1,20),(177,116,1,20),(180,211,1,15),(181,212,1,20),(184,2,5,100),(185,3,5,200),(186,4,5,100),(187,5,5,100),(188,9,5,200),(190,11,5,200),(191,12,5,200),(192,13,5,200),(193,14,5,200),(194,15,5,160),(195,16,5,200),(196,17,5,200),(197,18,5,200),(198,19,5,200),(200,21,5,160),(201,22,5,160),(202,23,5,170),(203,24,5,150),(204,25,5,160),(205,26,5,200),(206,28,5,200),(207,29,5,200),(208,30,5,200),(209,31,5,185),(210,32,5,200),(211,33,5,140),(212,34,5,200),(214,36,5,70),(215,37,5,70),(216,38,5,70),(217,39,5,70),(218,40,5,70),(219,41,5,70),(220,42,5,185),(221,43,5,200),(222,44,5,200),(223,45,5,200),(224,46,5,200),(225,47,5,200),(226,48,5,200),(228,50,5,200),(229,51,5,160),(231,53,5,200),(232,54,5,200),(233,55,5,200),(234,56,5,200),(235,57,5,200),(236,58,5,200),(237,59,5,200),(238,60,5,200),(239,61,5,200),(240,62,5,200),(242,64,5,200),(249,101,5,200),(252,114,5,200),(253,115,5,200),(254,116,5,200),(257,155,5,152),(258,212,5,200),(259,275,5,130),(260,281,5,125),(263,142,6,100),(264,143,6,90),(265,144,6,12),(266,221,6,50),(267,223,6,12),(268,225,6,42),(269,226,6,35),(270,250,6,130),(271,251,6,130.5),(272,252,6,50),(274,254,6,55),(275,255,6,1000),(276,256,6,240),(277,257,6,1000),(278,258,6,50),(279,259,6,50),(280,260,6,1000),(281,261,6,350),(282,262,6,110),(284,264,6,135),(286,266,6,85),(287,267,6,30),(288,268,6,125),(289,270,6,200),(290,291,6,100),(291,292,6,75),(292,294,6,30),(293,295,6,150),(294,296,6,250),(295,298,6,50),(296,299,6,250),(297,300,6,125),(298,301,6,75),(299,302,6,100),(301,304,6,4),(302,305,6,145),(303,306,6,20),(304,307,6,95),(305,308,6,100),(306,309,6,20),(307,310,6,200),(308,311,6,1000),(309,313,6,100),(312,2,4,1),(313,3,4,1),(314,4,4,1),(315,5,4,1),(317,9,4,1),(319,11,4,1),(320,12,4,1),(321,13,4,1),(322,14,4,1),(323,15,4,1),(324,16,4,1),(325,17,4,1),(326,18,4,1),(327,19,4,1),(329,21,4,1),(330,22,4,1),(331,23,4,1),(332,24,4,1),(333,25,4,1),(334,26,4,1),(335,28,4,1),(336,29,4,1),(337,30,4,1),(338,31,4,1),(339,32,4,1),(340,33,4,1),(341,34,4,1),(342,42,4,1),(343,43,4,1),(344,44,4,1),(345,45,4,1),(346,46,4,1),(347,47,4,1),(348,48,4,1),(350,50,4,1),(351,51,4,1),(353,53,4,1),(354,54,4,1),(355,55,4,1),(356,56,4,1),(357,57,4,1),(358,58,4,1),(359,59,4,1),(360,60,4,1),(361,61,4,1),(362,62,4,1),(364,64,4,1),(367,101,4,1),(368,114,4,1),(369,115,4,1),(370,116,4,1),(372,169,4,1),(373,212,4,1),(437,211,4,1),(511,155,4,1),(513,275,4,1),(514,281,4,1),(517,142,4,1),(518,143,4,1),(519,144,4,1),(520,221,4,1),(521,223,4,1),(522,225,4,1),(523,226,4,1),(524,250,4,1),(525,251,4,1),(526,252,4,1),(528,254,4,1),(529,255,4,1),(530,256,4,1),(531,257,4,1),(532,258,4,1),(533,259,4,1),(534,260,4,1),(535,261,4,1),(536,262,4,1),(538,264,4,1),(540,266,4,1),(541,267,4,1),(542,268,4,1),(543,270,4,1),(544,291,4,1),(545,292,4,1),(546,294,4,1),(547,295,4,1),(548,296,4,1),(549,298,4,1),(550,299,4,1),(551,300,4,1),(552,301,4,1),(553,302,4,1),(555,304,4,1),(556,305,4,1),(557,306,4,1),(558,307,4,1),(559,308,4,1),(560,309,4,1),(561,310,4,1),(562,311,4,1),(563,313,4,1),(564,145,4,1),(565,195,4,1),(566,6,4,1),(567,7,4,1),(569,65,4,1),(570,66,4,1),(571,67,4,1),(572,68,4,1),(574,70,4,1),(575,71,4,1),(576,72,4,1),(577,73,4,1),(578,74,4,1),(579,75,4,1),(580,76,4,1),(581,77,4,1),(582,78,4,1),(583,79,4,1),(584,80,4,1),(585,81,4,1),(586,82,4,1),(588,84,4,1),(589,85,4,1),(590,86,4,1),(591,87,4,1),(592,88,4,1),(593,89,4,1),(594,90,4,1),(595,91,4,1),(596,92,4,1),(599,102,4,1),(601,106,4,1),(602,107,4,1),(603,108,4,1),(604,109,4,1),(605,110,4,1),(606,111,4,1),(607,112,4,1),(608,113,4,1),(611,119,4,1),(612,120,4,1),(613,121,4,1),(614,122,4,1),(615,123,4,1),(620,128,4,1),(621,129,4,1),(622,130,4,1),(623,131,4,1),(624,132,4,1),(628,137,4,1),(630,140,4,1),(632,147,4,1),(633,148,4,1),(634,149,4,1),(635,150,4,1),(636,151,4,1),(638,153,4,1),(639,154,4,1),(640,156,4,1),(643,159,4,1),(644,160,4,1),(645,161,4,1),(646,162,4,1),(647,163,4,1),(648,164,4,1),(649,165,4,1),(650,166,4,1),(651,167,4,1),(652,168,4,1),(653,170,4,1),(654,171,4,1),(657,174,4,1),(659,177,4,1),(660,178,4,1),(661,179,4,1),(662,180,4,1),(663,181,4,1),(664,182,4,1),(665,183,4,1),(666,184,4,1),(667,185,4,1),(668,186,4,1),(669,187,4,1),(670,188,4,1),(671,189,4,1),(672,190,4,1),(673,191,4,1),(674,192,4,1),(675,193,4,1),(676,194,4,1),(677,196,4,1),(678,197,4,1),(679,198,4,1),(680,199,4,1),(681,200,4,1),(683,202,4,1),(686,205,4,1),(687,206,4,1),(688,207,4,1),(689,208,4,1),(690,209,4,1),(692,213,4,1),(693,214,4,1),(696,217,4,1),(699,220,4,1),(700,222,4,1),(701,224,4,1),(702,227,4,1),(703,228,4,1),(706,231,4,1),(709,234,4,1),(711,236,4,1),(712,237,4,1),(713,238,4,1),(714,239,4,1),(715,240,4,1),(717,242,4,1),(718,243,4,1),(720,245,4,1),(721,246,4,1),(723,248,4,1),(724,249,4,1),(725,269,4,1),(726,271,4,1),(727,272,4,1),(728,273,4,1),(729,274,4,1),(731,277,4,1),(732,278,4,1),(733,279,4,1),(734,280,4,1),(735,282,4,1),(736,283,4,1),(737,284,4,1),(738,285,4,1),(740,287,4,1),(741,288,4,1),(742,289,4,1),(743,290,4,1),(744,293,4,1),(745,297,4,1),(746,312,4,1),(747,314,4,1),(749,316,4,1),(750,317,4,1),(752,319,4,1),(753,320,4,1),(754,321,4,1),(755,322,4,1),(756,323,4,1),(757,324,4,1),(759,326,4,1),(760,329,4,1),(761,330,4,1),(762,331,4,1),(763,332,4,1),(764,333,4,1),(765,334,4,1),(766,335,4,1),(767,336,4,1),(769,338,4,1),(770,339,4,1),(771,340,4,1),(772,341,4,1),(773,342,4,1),(774,343,4,1),(775,344,4,1),(777,346,4,1),(778,347,4,1),(779,348,4,1),(780,349,4,1),(781,350,4,1),(782,351,4,1),(785,354,4,1),(790,141,4,1),(791,141,6,55),(795,134,2,7),(796,134,5,200),(797,134,4,1),(798,134,1,20),(801,135,1,20),(802,135,2,7),(803,135,4,1),(806,136,2,7),(807,136,4,1),(808,136,1,20),(811,357,5,70),(812,357,4,1),(813,357,1,16),(814,263,6,165),(815,263,4,1),(818,358,4,1),(819,358,1,9),(820,359,4,1),(821,360,4,1),(822,360,6,6),(823,35,5,70),(824,35,1,16),(825,35,4,1),(828,27,4,1),(831,362,5,200),(832,362,4,1),(835,201,2,10),(836,201,1,25),(837,201,4,1),(838,363,2,7),(839,363,4,1),(840,363,1,20),(841,364,2,7),(842,364,4,1),(843,364,1,20),(846,210,4,1),(847,210,1,20),(848,210,2,7),(851,176,4,1),(852,176,1,10),(853,176,2,5),(858,355,4,1),(859,355,5,220),(860,355,1,30),(861,355,8,0),(862,355,2,11),(863,49,1,25),(864,49,8,0),(865,49,2,10),(866,49,4,1),(867,49,5,160),(874,366,6,6),(875,366,4,1),(878,230,10,1),(879,230,4,1),(880,230,8,0),(881,229,8,0),(882,229,10,50),(883,229,4,1),(888,365,10,50),(889,365,8,0),(890,361,4,1),(891,361,8,0),(892,361,2,8),(904,286,4,1),(905,286,6,2000),(906,367,4,1),(907,367,2,7),(908,367,1,20),(909,367,8,0),(910,368,8,0),(911,368,4,1),(912,368,1,13),(913,368,2,4),(915,369,4,1),(916,369,6,0),(917,219,4,1),(918,219,6,180),(919,370,5,200),(920,370,1,20),(921,370,2,7),(922,370,4,1),(928,117,4,1),(929,117,1,20),(930,117,5,200),(931,117,2,7),(937,118,5,200),(938,118,1,20),(939,118,2,7),(940,118,4,1),(941,253,4,1),(942,253,6,130),(943,371,4,1),(944,371,6,50),(945,372,4,1),(946,372,6,23),(947,373,6,20),(948,373,4,1),(949,374,6,15),(950,374,2,5),(951,374,1,15),(952,374,4,1),(953,375,4,1),(954,376,4,1),(963,175,1,17),(964,175,2,5),(965,175,5,160),(966,175,4,1),(968,379,4,1),(969,63,4,1),(970,63,5,200),(971,63,2,7),(972,63,1,20),(973,303,4,1),(974,303,10,50),(975,232,10,50),(976,232,4,1),(977,380,1,15),(978,380,4,1),(979,380,2,5),(980,380,5,210),(990,383,1,20),(991,383,4,1),(992,383,2,7),(993,384,4,1),(994,385,4,1),(995,386,4,1),(996,387,4,1),(997,388,4,1),(998,389,4,1),(999,390,1,20),(1000,390,2,7),(1001,390,4,1),(1002,391,4,1),(1003,391,1,20),(1004,391,2,7),(1005,392,4,1),(1006,392,2,7),(1007,392,1,20),(1008,393,4,1),(1009,394,4,1),(1010,395,1,20),(1011,395,2,7),(1012,395,4,1),(1014,397,4,1),(1015,398,4,1),(1016,398,5,200),(1020,400,2,7),(1021,400,4,1),(1022,400,1,20),(1023,1,3,30),(1024,1,1,20),(1025,1,2,7),(1026,1,5,200),(1027,1,4,1),(1028,401,4,1),(1029,402,4,1),(1030,403,2,7),(1031,403,8,0),(1032,403,1,20),(1033,403,4,1),(1034,381,8,0),(1035,381,2,7),(1036,381,4,1),(1037,381,1,20),(1038,382,2,7),(1039,382,8,0),(1040,382,1,20),(1041,382,4,1),(1042,404,4,1),(1043,405,4,1),(1044,233,4,1),(1045,233,10,50),(1046,233,8,0),(1047,406,4,1),(1048,406,8,0),(1049,406,2,7),(1050,407,4,1),(1054,408,8,0),(1055,408,4,1),(1056,408,2,7),(1057,408,1,20),(1061,399,1,20),(1062,399,8,0),(1063,399,4,1),(1064,399,2,7),(1067,409,4,1),(1068,409,2,3),(1069,409,8,0),(1070,235,10,40),(1071,235,4,1),(1072,315,4,1),(1078,203,1,25),(1079,203,5,230),(1080,203,4,1),(1081,203,2,5),(1082,69,4,1),(1083,158,4,1),(1084,158,6,7),(1085,410,6,565),(1086,410,4,1),(1087,411,4,1),(1093,241,4,1),(1094,241,6,40),(1098,318,4,1),(1099,318,6,80),(1100,412,4,1),(1101,345,6,350),(1102,345,4,1),(1103,356,4,1),(1104,356,5,200),(1105,356,2,5),(1106,356,7,1000),(1107,356,1,18),(1108,138,7,1000),(1109,138,4,1),(1110,138,5,200),(1113,139,7,1000),(1114,139,4,1),(1115,139,5,200),(1118,126,7,1000),(1119,126,5,200),(1120,126,4,1),(1123,127,5,200),(1124,127,7,1000),(1125,127,4,1),(1128,97,7,1000),(1129,97,4,1),(1130,97,5,200),(1131,93,4,1),(1132,93,7,1000),(1133,93,5,200),(1134,94,4,1),(1135,94,7,1000),(1136,94,5,200),(1137,95,5,200),(1138,95,4,1),(1139,95,7,1000),(1140,96,5,200),(1141,96,7,1000),(1142,96,4,1),(1145,133,7,1000),(1146,133,4,1),(1147,133,5,200),(1150,124,4,1),(1151,124,7,1000),(1152,124,5,200),(1155,125,7,1000),(1156,125,4,1),(1157,125,5,200),(1158,103,5,200),(1159,103,7,1000),(1160,103,4,1),(1161,104,7,1000),(1162,104,5,200),(1163,104,4,1),(1166,105,4,1),(1167,105,7,1000),(1168,105,5,200),(1169,99,1,20),(1170,99,2,7),(1171,99,7,1000),(1172,99,4,1),(1173,99,5,200),(1174,100,5,200),(1175,100,4,1),(1176,100,7,1000),(1177,100,1,20),(1178,100,2,7),(1182,98,1,25),(1183,98,5,200),(1184,98,7,1000),(1185,98,4,1),(1186,413,2,7),(1187,413,4,1),(1188,413,1,20),(1191,218,4,1),(1192,218,6,35),(1194,216,4,1),(1195,216,6,35),(1197,215,4,1),(1198,215,6,25),(1199,414,4,1),(1200,415,4,1),(1201,416,7,1000),(1202,416,5,200),(1203,416,4,1),(1204,417,3,80),(1205,417,1,20),(1206,417,5,200),(1207,417,4,1),(1208,418,5,200),(1209,418,4,1),(1210,419,5,200),(1211,419,7,1000),(1212,419,4,1),(1213,420,4,1),(1214,421,4,1),(1216,244,6,50),(1217,244,4,1),(1218,146,4,1),(1219,146,6,6),(1221,276,4,1),(1222,276,5,120),(1223,353,1,2),(1224,353,6,400),(1225,353,4,1),(1226,247,10,50),(1227,247,4,1),(1228,352,1,18),(1229,352,4,1),(1230,352,5,190),(1231,378,4,1),(1232,378,5,190),(1234,422,4,1),(1235,422,6,200),(1236,423,4,1),(1237,424,4,1),(1238,425,4,1),(1239,426,4,1),(1242,427,10,50),(1243,427,4,1),(1247,157,5,190),(1248,157,1,25),(1249,157,4,1),(1251,172,4,1),(1252,172,1,25),(1253,20,1,30),(1254,20,2,10),(1255,20,5,150),(1256,20,4,1),(1257,428,1,30),(1258,428,4,1),(1259,428,2,10),(1260,428,5,150),(1261,8,4,1),(1262,8,2,8),(1263,8,1,25),(1264,429,4,1),(1265,429,1,16),(1266,430,4,1),(1267,430,1,20),(1268,430,5,140),(1269,430,2,7),(1270,431,5,200),(1271,431,2,9),(1272,431,4,1),(1273,431,1,25),(1274,52,4,1),(1275,52,2,7),(1276,52,5,200),(1277,52,1,20),(1279,173,1,22),(1280,173,4,1),(1281,10,5,130),(1282,10,4,1),(1283,10,2,8),(1284,10,1,25),(1285,432,4,1),(1286,432,5,130),(1287,432,1,25),(1288,432,2,8),(1289,152,4,1),(1290,433,2,12),(1291,433,1,35),(1292,433,4,1),(1293,377,4,1),(1294,377,5,145),(1295,265,4,1),(1296,265,6,26),(1297,434,4,1),(1298,435,4,1),(1299,436,4,1),(1300,437,4,1),(1301,438,4,1),(1302,439,4,1),(1303,440,4,1),(1304,441,4,1),(1305,442,4,1),(1306,443,6,75),(1307,443,4,1),(1308,444,6,75),(1309,444,4,1),(1310,337,4,1),(1311,445,4,1),(1312,445,6,75),(1313,446,4,1),(1314,446,6,75),(1315,447,4,1),(1316,447,6,75),(1317,448,6,75),(1318,448,4,1),(1319,449,4,1),(1320,449,6,75),(1321,450,6,75),(1322,450,4,1),(1323,451,6,75),(1324,451,4,1),(1325,452,6,75),(1326,452,4,1),(1327,453,4,1),(1328,453,6,75),(1329,454,6,75),(1330,454,4,1),(1331,455,6,75),(1332,455,4,1),(1333,396,4,1),(1337,204,1,15),(1338,204,2,5),(1339,204,4,1),(1340,325,4,1),(1341,327,4,1),(1342,328,4,1),(1343,83,4,1),(1344,456,4,1),(1345,457,4,1);
/*!40000 ALTER TABLE `ingredients_unit_types` ENABLE KEYS */;
UNLOCK TABLES;

--
-- Table structure for table `phases`
--

DROP TABLE IF EXISTS `phases`;
/*!40101 SET @saved_cs_client     = @@character_set_client */;
/*!40101 SET character_set_client = utf8 */;
CREATE TABLE `phases` (
  `id` bigint(20) NOT NULL AUTO_INCREMENT,
  `name` varchar(255) NOT NULL,
  `priority` int(11) NOT NULL DEFAULT '1',
  `proteins_percentage` float NOT NULL,
  `carbs_percentage` float NOT NULL,
  `fats_percentage` float NOT NULL,
  `active` tinyint(1) DEFAULT '1',
  PRIMARY KEY (`id`),
  UNIQUE KEY `phases_id_uindex` (`id`)
) ENGINE=InnoDB AUTO_INCREMENT=4 DEFAULT CHARSET=utf8;
/*!40101 SET character_set_client = @saved_cs_client */;

--
-- Dumping data for table `phases`
--

LOCK TABLES `phases` WRITE;
/*!40000 ALTER TABLE `phases` DISABLE KEYS */;
INSERT INTO `phases` VALUES (1,'Molecular',1,0.25,0.25,0.5,1),(2,'Adaptive',2,0.25,0.35,0.4,1),(3,'Intuitive',3,0.2,0.4,0.4,1);
/*!40000 ALTER TABLE `phases` ENABLE KEYS */;
UNLOCK TABLES;

--
-- Table structure for table `programs`
--

DROP TABLE IF EXISTS `programs`;
/*!40101 SET @saved_cs_client     = @@character_set_client */;
/*!40101 SET character_set_client = utf8 */;
CREATE TABLE `programs` (
  `id` bigint(20) NOT NULL AUTO_INCREMENT,
  `name` varchar(255) NOT NULL,
  `purpose_id` bigint(20) NOT NULL,
  `calories_difference_coefficient` double NOT NULL,
  `active` tinyint(1) NOT NULL DEFAULT '1',
  PRIMARY KEY (`id`),
  UNIQUE KEY `programs_id_uindex` (`id`),
  KEY `programs_purposes_id_fk` (`purpose_id`),
  CONSTRAINT `programs_purposes_id_fk` FOREIGN KEY (`purpose_id`) REFERENCES `purposes` (`id`)
) ENGINE=InnoDB AUTO_INCREMENT=3 DEFAULT CHARSET=utf8;
/*!40101 SET character_set_client = @saved_cs_client */;

--
-- Dumping data for table `programs`
--

LOCK TABLES `programs` WRITE;
/*!40000 ALTER TABLE `programs` DISABLE KEYS */;
INSERT INTO `programs` VALUES (1,'Novalong program',3,0.8,1),(2,'Schwarzenegger muscle gain program',1,1.2,0);
/*!40000 ALTER TABLE `programs` ENABLE KEYS */;
UNLOCK TABLES;

--
-- Table structure for table `programs_dish_types`
--

DROP TABLE IF EXISTS `programs_dish_types`;
/*!40101 SET @saved_cs_client     = @@character_set_client */;
/*!40101 SET character_set_client = utf8 */;
CREATE TABLE `programs_dish_types` (
  `id` bigint(20) NOT NULL AUTO_INCREMENT,
  `program_id` bigint(20) NOT NULL,
  `dish_type_id` bigint(20) NOT NULL,
  `calories_percentage` double NOT NULL,
  `active` tinyint(1) NOT NULL DEFAULT '1',
  PRIMARY KEY (`id`),
  UNIQUE KEY `programs_dish_types_id_uindex` (`id`),
  KEY `programs_dish_types_programs_id_fk` (`program_id`),
  KEY `programs_dish_types_dish_types_id_fk` (`dish_type_id`),
  CONSTRAINT `programs_dish_types_dish_types_id_fk` FOREIGN KEY (`dish_type_id`) REFERENCES `dish_types` (`id`),
  CONSTRAINT `programs_dish_types_programs_id_fk` FOREIGN KEY (`program_id`) REFERENCES `programs` (`id`)
) ENGINE=InnoDB AUTO_INCREMENT=11 DEFAULT CHARSET=utf8;
/*!40101 SET character_set_client = @saved_cs_client */;

--
-- Dumping data for table `programs_dish_types`
--

LOCK TABLES `programs_dish_types` WRITE;
/*!40000 ALTER TABLE `programs_dish_types` DISABLE KEYS */;
INSERT INTO `programs_dish_types` VALUES (1,1,1,0.2,1),(2,1,2,0.3,1),(3,1,3,0.3,1),(4,1,5,0.2,1),(5,2,1,0.2,1),(6,2,2,0.1,1),(7,2,3,0.3,1),(8,2,4,0.1,1),(9,2,5,0.2,1),(10,2,6,0.1,1);
/*!40000 ALTER TABLE `programs_dish_types` ENABLE KEYS */;
UNLOCK TABLES;

--
-- Table structure for table `purposes`
--

DROP TABLE IF EXISTS `purposes`;
/*!40101 SET @saved_cs_client     = @@character_set_client */;
/*!40101 SET character_set_client = utf8 */;
CREATE TABLE `purposes` (
  `id` bigint(20) NOT NULL AUTO_INCREMENT,
  `code` varchar(255) NOT NULL,
  `name` varchar(255) NOT NULL,
  `active` tinyint(1) DEFAULT '1',
  PRIMARY KEY (`id`),
  UNIQUE KEY `purposes_id_uindex` (`id`)
) ENGINE=InnoDB AUTO_INCREMENT=4 DEFAULT CHARSET=utf8;
/*!40101 SET character_set_client = @saved_cs_client */;

--
-- Dumping data for table `purposes`
--

LOCK TABLES `purposes` WRITE;
/*!40000 ALTER TABLE `purposes` DISABLE KEYS */;
INSERT INTO `purposes` VALUES (1,'GAIN','Muscle Gain',1),(2,'LOSE','Weight Lose',1),(3,'MAINTENANCE','Weight maintenance',1);
/*!40000 ALTER TABLE `purposes` ENABLE KEYS */;
UNLOCK TABLES;

--
-- Table structure for table `roles`
--

DROP TABLE IF EXISTS `roles`;
/*!40101 SET @saved_cs_client     = @@character_set_client */;
/*!40101 SET character_set_client = utf8 */;
CREATE TABLE `roles` (
  `id` bigint(20) NOT NULL AUTO_INCREMENT,
  `name` varchar(255) NOT NULL,
  PRIMARY KEY (`id`),
  UNIQUE KEY `roles_id_uindex` (`id`)
) ENGINE=InnoDB AUTO_INCREMENT=3 DEFAULT CHARSET=utf8;
/*!40101 SET character_set_client = @saved_cs_client */;

--
-- Dumping data for table `roles`
--

LOCK TABLES `roles` WRITE;
/*!40000 ALTER TABLE `roles` DISABLE KEYS */;
INSERT INTO `roles` VALUES (1,'ROLE_ADMIN'),(2,'ROLE_USER');
/*!40000 ALTER TABLE `roles` ENABLE KEYS */;
UNLOCK TABLES;

--
-- Table structure for table `unit_data_types`
--

DROP TABLE IF EXISTS `unit_data_types`;
/*!40101 SET @saved_cs_client     = @@character_set_client */;
/*!40101 SET character_set_client = utf8 */;
CREATE TABLE `unit_data_types` (
  `id` bigint(20) NOT NULL AUTO_INCREMENT,
  `name` varchar(255) NOT NULL,
  `data_type_code` varchar(255) NOT NULL,
  PRIMARY KEY (`id`),
  UNIQUE KEY `unit_data_types_id_uindex` (`id`)
) ENGINE=InnoDB AUTO_INCREMENT=4 DEFAULT CHARSET=utf8;
/*!40101 SET character_set_client = @saved_cs_client */;

--
-- Dumping data for table `unit_data_types`
--

LOCK TABLES `unit_data_types` WRITE;
/*!40000 ALTER TABLE `unit_data_types` DISABLE KEYS */;
INSERT INTO `unit_data_types` VALUES (1,'Грамм','FLOAT'),(2,'Процент','FLOAT'),(3,'Месяц','STRING');
/*!40000 ALTER TABLE `unit_data_types` ENABLE KEYS */;
UNLOCK TABLES;

--
-- Table structure for table `unit_types`
--

DROP TABLE IF EXISTS `unit_types`;
/*!40101 SET @saved_cs_client     = @@character_set_client */;
/*!40101 SET character_set_client = utf8 */;
CREATE TABLE `unit_types` (
  `id` bigint(20) NOT NULL AUTO_INCREMENT,
  `code` varchar(255) NOT NULL,
  `name` varchar(255) NOT NULL,
  `unit_data_type_id` bigint(20) NOT NULL,
  `is_dish` tinyint(1) NOT NULL DEFAULT '0',
  `active` tinyint(1) DEFAULT '1',
  PRIMARY KEY (`id`),
  UNIQUE KEY `unit_types_id_uindex` (`id`),
  UNIQUE KEY `unit_types_code_uindex` (`code`),
  KEY `unit_types_unit_data_types_id_fk` (`unit_data_type_id`),
  CONSTRAINT `unit_types_unit_data_types_id_fk` FOREIGN KEY (`unit_data_type_id`) REFERENCES `unit_data_types` (`id`)
) ENGINE=InnoDB AUTO_INCREMENT=12 DEFAULT CHARSET=utf8;
/*!40101 SET character_set_client = @saved_cs_client */;

--
-- Dumping data for table `unit_types`
--

LOCK TABLES `unit_types` WRITE;
/*!40000 ALTER TABLE `unit_types` DISABLE KEYS */;
INSERT INTO `unit_types` VALUES (1,'TABLESPOON','Столовая ложка',1,0,1),(2,'TEASPOON','Чайная ложка',1,0,1),(3,'HANDFUL','Горсть',1,0,1),(4,'GRAMS','Грамм',1,0,1),(5,'GLASS','Стакан',1,0,1),(6,'PIECE','Штука',1,0,1),(7,'LITER','Литр',1,0,1),(8,'BYTASTE','По вкусу',1,0,1),(9,'SERVING','Порция',1,1,1),(10,'BUNDLE','Пучок',1,0,1),(11,'GRAMS_DISH','Грамм',1,1,1);
/*!40000 ALTER TABLE `unit_types` ENABLE KEYS */;
UNLOCK TABLES;

--
-- Table structure for table `user_daily_rations`
--

DROP TABLE IF EXISTS `user_daily_rations`;
/*!40101 SET @saved_cs_client     = @@character_set_client */;
/*!40101 SET character_set_client = utf8 */;
CREATE TABLE `user_daily_rations` (
  `id` bigint(20) NOT NULL AUTO_INCREMENT,
  `user_ration_id` bigint(20) NOT NULL,
  `dish_type_id` bigint(20) NOT NULL,
  `dish_id` bigint(20) NOT NULL,
  `day_code` varchar(10) NOT NULL,
  `protein` float NOT NULL,
  `carbohydrate` float NOT NULL,
  `fat` bigint(20) NOT NULL,
  `unit_type_id` bigint(20) NOT NULL,
  `unit_amount` double NOT NULL,
  PRIMARY KEY (`id`),
  UNIQUE KEY `user_daily_rations_id_uindex` (`id`),
  UNIQUE KEY `ration_id_dish_type_id_dish_id_uindex` (`user_ration_id`,`dish_type_id`,`dish_id`),
  KEY `user_daily_rations_dish_types_id_fk` (`dish_type_id`),
  KEY `user_daily_rations_dishes_id_fk` (`dish_id`),
  KEY `user_daily_rations_unit_types_id_fk` (`unit_type_id`),
  CONSTRAINT `user_daily_rations_dish_types_id_fk` FOREIGN KEY (`dish_type_id`) REFERENCES `dish_types` (`id`),
  CONSTRAINT `user_daily_rations_dishes_id_fk` FOREIGN KEY (`dish_id`) REFERENCES `dishes` (`id`),
  CONSTRAINT `user_daily_rations_unit_types_id_fk` FOREIGN KEY (`unit_type_id`) REFERENCES `unit_types` (`id`),
  CONSTRAINT `user_daily_rations_user_rations_id_fk` FOREIGN KEY (`user_ration_id`) REFERENCES `user_rations` (`id`)
) ENGINE=InnoDB DEFAULT CHARSET=utf8;
/*!40101 SET character_set_client = @saved_cs_client */;

--
-- Dumping data for table `user_daily_rations`
--

LOCK TABLES `user_daily_rations` WRITE;
/*!40000 ALTER TABLE `user_daily_rations` DISABLE KEYS */;
/*!40000 ALTER TABLE `user_daily_rations` ENABLE KEYS */;
UNLOCK TABLES;

--
-- Table structure for table `user_rations`
--

DROP TABLE IF EXISTS `user_rations`;
/*!40101 SET @saved_cs_client     = @@character_set_client */;
/*!40101 SET character_set_client = utf8 */;
CREATE TABLE `user_rations` (
  `id` bigint(20) NOT NULL AUTO_INCREMENT,
  `user_id` bigint(20) NOT NULL,
  `program_id` bigint(20) NOT NULL,
  `start_date` timestamp NOT NULL DEFAULT CURRENT_TIMESTAMP,
  `end_date` timestamp NOT NULL DEFAULT CURRENT_TIMESTAMP,
  `total_calories_needed` double NOT NULL,
  `active` tinyint(1) NOT NULL DEFAULT '1',
  PRIMARY KEY (`id`),
  UNIQUE KEY `user_rations_id_uindex` (`id`),
  KEY `user_rations_users_id_fk` (`user_id`),
  KEY `user_rations_programs_id_fk` (`program_id`),
  CONSTRAINT `user_rations_programs_id_fk` FOREIGN KEY (`program_id`) REFERENCES `programs` (`id`),
  CONSTRAINT `user_rations_users_id_fk` FOREIGN KEY (`user_id`) REFERENCES `users` (`id`)
) ENGINE=InnoDB DEFAULT CHARSET=utf8;
/*!40101 SET character_set_client = @saved_cs_client */;

--
-- Dumping data for table `user_rations`
--

LOCK TABLES `user_rations` WRITE;
/*!40000 ALTER TABLE `user_rations` DISABLE KEYS */;
/*!40000 ALTER TABLE `user_rations` ENABLE KEYS */;
UNLOCK TABLES;

--
-- Table structure for table `users`
--

DROP TABLE IF EXISTS `users`;
/*!40101 SET @saved_cs_client     = @@character_set_client */;
/*!40101 SET character_set_client = utf8 */;
CREATE TABLE `users` (
  `id` bigint(20) NOT NULL AUTO_INCREMENT,
  `username` varchar(255) NOT NULL,
  `email` varchar(255) NOT NULL,
  `password` varchar(255) DEFAULT NULL,
  `social_media_id` varchar(255) DEFAULT NULL,
  `gender_id` bigint(20) NOT NULL,
  `height` double NOT NULL,
  `weight` double NOT NULL,
  `birth_date` date NOT NULL,
  `purpose_id` bigint(20) DEFAULT NULL,
  `activity_level_id` bigint(20) DEFAULT NULL,
  `role_id` bigint(20) NOT NULL,
  `current_phase_id` bigint(20) NOT NULL,
  `phase_update_date` date NOT NULL,
  `active` tinyint(4) NOT NULL DEFAULT '1',
  PRIMARY KEY (`id`),
  UNIQUE KEY `users_id_uindex` (`id`),
  UNIQUE KEY `username_uindex` (`username`),
  UNIQUE KEY `users_email_uindex` (`email`),
  UNIQUE KEY `users_social_media_id_uindex` (`social_media_id`),
  KEY `users_roles_id_fk` (`role_id`),
  KEY `users_genders_id_fk` (`gender_id`),
  KEY `users_purposes_id_fk` (`purpose_id`),
  KEY `users_activity_levels_id_fk` (`activity_level_id`),
  KEY `users_phases_id_fk` (`current_phase_id`),
  CONSTRAINT `users_activity_levels_id_fk` FOREIGN KEY (`activity_level_id`) REFERENCES `activity_levels` (`id`),
  CONSTRAINT `users_genders_id_fk` FOREIGN KEY (`gender_id`) REFERENCES `genders` (`id`),
  CONSTRAINT `users_phases_id_fk` FOREIGN KEY (`current_phase_id`) REFERENCES `phases` (`id`),
  CONSTRAINT `users_purposes_id_fk` FOREIGN KEY (`purpose_id`) REFERENCES `purposes` (`id`),
  CONSTRAINT `users_roles_id_fk` FOREIGN KEY (`role_id`) REFERENCES `roles` (`id`)
) ENGINE=InnoDB AUTO_INCREMENT=11 DEFAULT CHARSET=utf8;
/*!40101 SET character_set_client = @saved_cs_client */;

--
-- Dumping data for table `users`
--

LOCK TABLES `users` WRITE;
/*!40000 ALTER TABLE `users` DISABLE KEYS */;
INSERT INTO `users` VALUES (1,'tyrion','tyrion@tyrion','$2a$10$LTu15SRR31VNZ3P8OtAf1exnKzZ41TparWDh4gR79dPM/eqIbdNZm',NULL,1,120,41,'1982-09-10',3,3,1,1,'2018-07-16',1),(2,'rhaegar','rhaegar@rhaegar','$2a$10$dCcpU10OFTP9CBb8fbFqYuy1Gu39QQlUM7sKWNzDpz1KP94W2USAa',NULL,1,187,82,'1982-09-10',3,3,2,1,'2018-07-16',0),(3,'aegon','aegon@aegon','$2a$10$LTu15SRR31VNZ3P8OtAf1exnKzZ41TparWDh4gR79dPM/eqIbdNZm','valid_id',1,190,81,'1982-09-10',3,1,2,1,'2018-07-16',1),(4,'sansa','sansa@sansa','$2a$10$dCcpU10OFTP9CBb8fbFqYuy1Gu39QQlUM7sKWNzDpz1KP94W2USAa',NULL,2,164,47,'1982-09-10',3,2,2,1,'2018-07-16',1),(5,'arya','arya@arya','$2a$10$VI56Jp0VR6hEBSNp1QkxN.VI6LqAMQNVubkpWONZpu2ONEwRBA0Ne',NULL,2,153,42,'1982-09-10',3,3,2,1,'2018-07-16',1),(6,'sersey','sersey@sersey','$2a$10$UjKxdt0kmA85x8MuWAzrHu2S/2IAoKkWVLr8XexRdh4UEsiAmB9cm',NULL,2,170,51,'1982-09-10',3,1,2,1,'2018-07-16',1),(7,'lianna','lianna@lianna',NULL,NULL,2,153,42,'1982-09-10',3,3,2,1,'2018-07-16',1),(8,'test','test@test',NULL,NULL,1,153,42,'1982-09-10',3,3,2,1,'2018-07-16',1),(9,'john','john@john',NULL,NULL,1,164,55,'1982-09-10',3,3,2,1,'2018-07-16',1),(10,'newUser','new@user',NULL,NULL,1,161,40,'1982-09-10',3,1,2,1,'2018-09-25',1);
/*!40000 ALTER TABLE `users` ENABLE KEYS */;
UNLOCK TABLES;

--
-- Table structure for table `users_dietary_restrictions`
--

DROP TABLE IF EXISTS `users_dietary_restrictions`;
/*!40101 SET @saved_cs_client     = @@character_set_client */;
/*!40101 SET character_set_client = utf8 */;
CREATE TABLE `users_dietary_restrictions` (
  `user_id` bigint(20) NOT NULL,
  `dietary_restriction_id` bigint(20) NOT NULL,
  KEY `user_dietary_restrictions_users_id_fk` (`user_id`),
  KEY `user_dietary_restrictions_dietary_restrictions_id_fk` (`dietary_restriction_id`),
  CONSTRAINT `user_dietary_restrictions_dietary_restrictions_id_fk` FOREIGN KEY (`dietary_restriction_id`) REFERENCES `dietary_restrictions` (`id`),
  CONSTRAINT `user_dietary_restrictions_users_id_fk` FOREIGN KEY (`user_id`) REFERENCES `users` (`id`)
) ENGINE=InnoDB DEFAULT CHARSET=utf8;
/*!40101 SET character_set_client = @saved_cs_client */;

--
-- Dumping data for table `users_dietary_restrictions`
--

LOCK TABLES `users_dietary_restrictions` WRITE;
/*!40000 ALTER TABLE `users_dietary_restrictions` DISABLE KEYS */;
INSERT INTO `users_dietary_restrictions` VALUES (4,2),(4,1),(5,3);
/*!40000 ALTER TABLE `users_dietary_restrictions` ENABLE KEYS */;
UNLOCK TABLES;

--
-- Table structure for table `week_days`
--

DROP TABLE IF EXISTS `week_days`;
/*!40101 SET @saved_cs_client     = @@character_set_client */;
/*!40101 SET character_set_client = utf8 */;
CREATE TABLE `week_days` (
  `id` bigint(20) NOT NULL AUTO_INCREMENT,
  `code` varchar(10) NOT NULL,
  `name` varchar(255) NOT NULL,
  PRIMARY KEY (`id`),
  UNIQUE KEY `week_days_id_uindex` (`id`),
  UNIQUE KEY `week_days_code_uindex` (`code`)
) ENGINE=InnoDB AUTO_INCREMENT=8 DEFAULT CHARSET=utf8;
/*!40101 SET character_set_client = @saved_cs_client */;

--
-- Dumping data for table `week_days`
--

LOCK TABLES `week_days` WRITE;
/*!40000 ALTER TABLE `week_days` DISABLE KEYS */;
INSERT INTO `week_days` VALUES (1,'MON','Monday'),(2,'TUE','Tuesday'),(3,'WED','Wednesday'),(4,'THU','Thursday'),(5,'FRI','Friday'),(6,'SAT','Saturday'),(7,'SUN','Sunday');
/*!40000 ALTER TABLE `week_days` ENABLE KEYS */;
UNLOCK TABLES;
/*!40103 SET TIME_ZONE=@OLD_TIME_ZONE */;

/*!40101 SET SQL_MODE=@OLD_SQL_MODE */;
/*!40014 SET FOREIGN_KEY_CHECKS=@OLD_FOREIGN_KEY_CHECKS */;
/*!40014 SET UNIQUE_CHECKS=@OLD_UNIQUE_CHECKS */;
/*!40101 SET CHARACTER_SET_CLIENT=@OLD_CHARACTER_SET_CLIENT */;
/*!40101 SET CHARACTER_SET_RESULTS=@OLD_CHARACTER_SET_RESULTS */;
/*!40101 SET COLLATION_CONNECTION=@OLD_COLLATION_CONNECTION */;
/*!40111 SET SQL_NOTES=@OLD_SQL_NOTES */;

-- Dump completed on 2018-09-19  7:36:40
